2026-01-29 15:42:13,137 | INFO | ✅ Connected to MongoDB: semsai
2026-01-29 15:42:25,437 | INFO | 🚀 Initializing browser...
2026-01-29 15:42:28,085 | INFO | ✅ Browser initialized (UA: Mozilla/5.0 (Windows NT 10.0; Win64; x64) AppleWeb...)
2026-01-29 15:42:28,085 | INFO | [1/1406] Scraping: https://www.nawy.com/compound/1771-jirian-nations-of-sky
2026-01-29 15:42:28,086 | INFO | 📄 Navigating to: https://www.nawy.com/compound/1771-jirian-nations-of-sky...
2026-01-29 15:42:43,605 | INFO |    ✅ Jirian - Nations of Sky
2026-01-29 15:42:43,756 | INFO | ➕ Inserted new compound: Jirian - Nations of Sky
2026-01-29 15:42:43,757 | INFO |    💾 Saved to MongoDB
2026-01-29 15:42:47,827 | INFO | [2/1406] Scraping: https://www.nawy.com/compound/1834-tierra
2026-01-29 15:42:47,828 | INFO | 📄 Navigating to: https://www.nawy.com/compound/1834-tierra...
2026-01-29 15:42:59,891 | INFO |    ✅ Tierra
2026-01-29 15:43:00,035 | INFO | ➕ Inserted new compound: Tierra
2026-01-29 15:43:00,036 | INFO |    💾 Saved to MongoDB
2026-01-29 15:43:03,737 | INFO | [3/1406] Scraping: https://www.nawy.com/compound/1846-sodic-mostakbal-city
2026-01-29 15:43:03,746 | INFO | 📄 Navigating to: https://www.nawy.com/compound/1846-sodic-mostakbal-city...
2026-01-29 15:43:17,378 | INFO |    ✅ East Vale
2026-01-29 15:43:17,523 | INFO | ➕ Inserted new compound: East Vale
2026-01-29 15:43:17,524 | INFO |    💾 Saved to MongoDB
2026-01-29 15:43:22,721 | INFO | [4/1406] Scraping: https://www.nawy.com/compound/1835-solana-east-strip
2026-01-29 15:43:22,721 | INFO | 📄 Navigating to: https://www.nawy.com/compound/1835-solana-east-strip...
2026-01-29 15:43:35,522 | INFO |    ✅ Solana East Strip
2026-01-29 15:43:35,665 | INFO | ➕ Inserted new compound: Solana East Strip
2026-01-29 15:43:35,666 | INFO |    💾 Saved to MongoDB
2026-01-29 15:43:40,265 | INFO | [5/1406] Scraping: https://www.nawy.com/compound/1793-hyde-park-signature
2026-01-29 15:43:40,267 | INFO | 📄 Navigating to: https://www.nawy.com/compound/1793-hyde-park-signature...
2026-01-29 15:44:06,588 | INFO |    ✅ Hyde Park Signature
2026-01-29 15:44:06,734 | INFO | ➕ Inserted new compound: Hyde Park Signature
2026-01-29 15:44:06,734 | INFO |    💾 Saved to MongoDB
2026-01-29 15:44:12,539 | INFO | [6/1406] Scraping: https://www.nawy.com/compound/1333-crescent-walk
2026-01-29 15:44:12,544 | INFO | 📄 Navigating to: https://www.nawy.com/compound/1333-crescent-walk...
2026-01-29 15:44:39,641 | INFO |    ✅ Crescent Walk
2026-01-29 15:44:39,984 | INFO | ➕ Inserted new compound: Crescent Walk
2026-01-29 15:44:39,991 | INFO |    💾 Saved to MongoDB
2026-01-29 15:44:44,872 | INFO | [7/1406] Scraping: https://www.nawy.com/compound/1077-solana-east
2026-01-29 15:44:44,873 | INFO | 📄 Navigating to: https://www.nawy.com/compound/1077-solana-east...
2026-01-29 15:45:15,075 | ERROR | ❌ Navigation error (attempt 1): Timeout 30000ms exceeded.
2026-01-29 15:45:15,155 | INFO | ⏳ Retrying in 2.2s...
2026-01-29 15:45:17,422 | INFO | 📄 Navigating to: https://www.nawy.com/compound/1077-solana-east...
2026-01-29 15:45:33,038 | INFO |    ✅ Solana East
2026-01-29 15:45:33,274 | INFO | ➕ Inserted new compound: Solana East
2026-01-29 15:45:33,274 | INFO |    💾 Saved to MongoDB
2026-01-29 15:45:37,928 | INFO | [8/1406] Scraping: https://www.nawy.com/compound/939-telal-east
2026-01-29 15:45:37,929 | INFO | 📄 Navigating to: https://www.nawy.com/compound/939-telal-east...
2026-01-29 15:45:50,644 | INFO |    ✅ Telal East
2026-01-29 15:45:50,795 | INFO | ➕ Inserted new compound: Telal East
2026-01-29 15:45:50,796 | INFO |    💾 Saved to MongoDB
2026-01-29 15:45:55,476 | INFO | [9/1406] Scraping: https://www.nawy.com/compound/1761-el-patio-riva
2026-01-29 15:45:55,477 | INFO | 📄 Navigating to: https://www.nawy.com/compound/1761-el-patio-riva...
2026-01-29 15:46:09,731 | INFO |    ✅ El Patio Riva
2026-01-29 15:46:09,874 | INFO | ➕ Inserted new compound: El Patio Riva
2026-01-29 15:46:09,875 | INFO |    💾 Saved to MongoDB
2026-01-29 15:46:13,288 | INFO | [10/1406] Scraping: https://www.nawy.com/compound/274-zed
2026-01-29 15:46:13,288 | INFO | 📄 Navigating to: https://www.nawy.com/compound/274-zed...
2026-01-29 15:46:35,657 | INFO |    ✅ ZED
2026-01-29 15:46:35,807 | INFO | ➕ Inserted new compound: ZED
2026-01-29 15:46:35,808 | INFO |    💾 Saved to MongoDB
2026-01-29 15:46:38,957 | INFO | [11/1406] Scraping: https://www.nawy.com/compound/806-the-crest
2026-01-29 15:46:38,958 | INFO | 📄 Navigating to: https://www.nawy.com/compound/806-the-crest...
2026-01-29 15:46:56,403 | INFO |    ✅ The Crest
2026-01-29 15:46:56,546 | INFO | ➕ Inserted new compound: The Crest
2026-01-29 15:46:56,546 | INFO |    💾 Saved to MongoDB
2026-01-29 15:47:00,928 | INFO | [12/1406] Scraping: https://www.nawy.com/compound/1027-mar-ville
2026-01-29 15:47:00,928 | INFO | 📄 Navigating to: https://www.nawy.com/compound/1027-mar-ville...
2026-01-29 15:47:14,318 | INFO |    ✅ Mar ville
2026-01-29 15:47:14,461 | INFO | ➕ Inserted new compound: Mar ville
2026-01-29 15:47:14,461 | INFO |    💾 Saved to MongoDB
2026-01-29 15:47:18,296 | INFO | [13/1406] Scraping: https://www.nawy.com/compound/242-vida-marassi-marina
2026-01-29 15:47:18,297 | INFO | 📄 Navigating to: https://www.nawy.com/compound/242-vida-marassi-marina...
2026-01-29 15:47:30,111 | INFO |    ✅ Vida Marassi Marina
2026-01-29 15:47:30,252 | INFO | ➕ Inserted new compound: Vida Marassi Marina
2026-01-29 15:47:30,253 | INFO |    💾 Saved to MongoDB
2026-01-29 15:47:34,746 | INFO | [14/1406] Scraping: https://www.nawy.com/compound/1480-linwood
2026-01-29 15:47:34,746 | INFO | 📄 Navigating to: https://www.nawy.com/compound/1480-linwood...
2026-01-29 15:47:46,635 | INFO |    ✅ Linwood
2026-01-29 15:47:46,778 | INFO | ➕ Inserted new compound: Linwood
2026-01-29 15:47:46,779 | INFO |    💾 Saved to MongoDB
2026-01-29 15:47:52,245 | INFO | [15/1406] Scraping: https://www.nawy.com/compound/981-lavida-9
2026-01-29 15:47:52,245 | INFO | 📄 Navigating to: https://www.nawy.com/compound/981-lavida-9...
2026-01-29 15:48:11,339 | INFO |    ✅ Lavida 9
2026-01-29 15:48:11,470 | INFO | ➕ Inserted new compound: Lavida 9
2026-01-29 15:48:11,471 | INFO |    💾 Saved to MongoDB
2026-01-29 15:48:16,823 | INFO | [16/1406] Scraping: https://www.nawy.com/compound/937-lavida-9
2026-01-29 15:48:16,823 | INFO | 📄 Navigating to: https://www.nawy.com/compound/937-lavida-9...
2026-01-29 15:48:28,771 | INFO |    ✅ Lavida
2026-01-29 15:48:28,918 | INFO | ➕ Inserted new compound: Lavida
2026-01-29 15:48:28,918 | INFO |    💾 Saved to MongoDB
2026-01-29 15:48:32,433 | INFO | [17/1406] Scraping: https://www.nawy.com/compound/1247-rock-white
2026-01-29 15:48:32,436 | INFO | 📄 Navigating to: https://www.nawy.com/compound/1247-rock-white...
2026-01-29 15:48:44,438 | INFO |    ✅ Rock White
2026-01-29 15:48:44,585 | INFO | ➕ Inserted new compound: Rock White
2026-01-29 15:48:44,585 | INFO |    💾 Saved to MongoDB
2026-01-29 15:48:49,835 | INFO | [18/1406] Scraping: https://www.nawy.com/compound/1301-new-kairo
2026-01-29 15:48:49,836 | INFO | 📄 Navigating to: https://www.nawy.com/compound/1301-new-kairo...
2026-01-29 15:49:09,631 | INFO |    ✅ New Kairo
2026-01-29 15:49:09,774 | INFO | ➕ Inserted new compound: New Kairo
2026-01-29 15:49:09,775 | INFO |    💾 Saved to MongoDB
2026-01-29 15:49:15,652 | INFO | [19/1406] Scraping: https://www.nawy.com/compound/176-sodic-east
2026-01-29 15:49:15,653 | INFO | 📄 Navigating to: https://www.nawy.com/compound/176-sodic-east...
2026-01-29 15:49:41,351 | INFO |    ✅ SODIC East
2026-01-29 15:49:41,492 | INFO | ➕ Inserted new compound: SODIC East
2026-01-29 15:49:41,494 | INFO |    💾 Saved to MongoDB
2026-01-29 15:49:47,067 | INFO | [20/1406] Scraping: https://www.nawy.com/compound/1468-rivette-amwaj
2026-01-29 15:49:47,067 | INFO | 📄 Navigating to: https://www.nawy.com/compound/1468-rivette-amwaj...
2026-01-29 15:50:00,487 | INFO |    ✅ Rivette - Amwaj
2026-01-29 15:50:00,631 | INFO | ➕ Inserted new compound: Rivette - Amwaj
2026-01-29 15:50:00,632 | INFO |    💾 Saved to MongoDB
2026-01-29 15:50:06,610 | INFO | [21/1406] Scraping: https://www.nawy.com/compound/976-infinity-tower
2026-01-29 15:50:06,613 | INFO | 📄 Navigating to: https://www.nawy.com/compound/976-infinity-tower...
2026-01-29 15:50:21,909 | INFO |    ✅ Infinity Tower
2026-01-29 15:50:22,056 | INFO | ➕ Inserted new compound: Infinity Tower
2026-01-29 15:50:22,057 | INFO |    💾 Saved to MongoDB
2026-01-29 15:50:26,373 | INFO | [22/1406] Scraping: https://www.nawy.com/compound/711-green-5/property/14527-green-5-sheikh-zayed-apartment-4-bedrooms-for-sale
2026-01-29 15:50:26,374 | INFO | 📄 Navigating to: https://www.nawy.com/compound/711-green-5/property/14527-green-5-sheikh-zayed-ap...
2026-01-29 15:50:37,978 | INFO |    ✅ Unknown
2026-01-29 15:50:38,105 | INFO | ➕ Inserted new compound: None
2026-01-29 15:50:38,105 | INFO |    💾 Saved to MongoDB
2026-01-29 15:50:43,285 | INFO | [23/1406] Scraping: https://www.nawy.com/compound/189-zizinia-gardens/property/16177-zizinia-new-cairo-villa-9-bedrooms-for-sale
2026-01-29 15:50:43,287 | INFO | 📄 Navigating to: https://www.nawy.com/compound/189-zizinia-gardens/property/16177-zizinia-new-cai...
2026-01-29 15:51:01,077 | INFO |    ✅ Unknown
2026-01-29 15:51:01,205 | INFO | 🔄 Updated compound: None
2026-01-29 15:51:01,206 | INFO |    💾 Saved to MongoDB
2026-01-29 15:51:04,259 | INFO | [24/1406] Scraping: https://www.nawy.com/compound/50-katameya-dunes/property/23564-town-house-for-sale-in-katameya-dunes-new-cairo
2026-01-29 15:51:04,260 | INFO | 📄 Navigating to: https://www.nawy.com/compound/50-katameya-dunes/property/23564-town-house-for-sa...
2026-01-29 15:51:30,347 | INFO |    ✅ Unknown
2026-01-29 15:51:30,475 | INFO | 🔄 Updated compound: None
2026-01-29 15:51:30,478 | INFO |    💾 Saved to MongoDB
2026-01-29 15:51:33,984 | INFO | [25/1406] Scraping: https://www.nawy.com/compound/776-marina-1/property/39193-villa-for-sale-in-marina-2-north-coast
2026-01-29 15:51:33,984 | INFO | 📄 Navigating to: https://www.nawy.com/compound/776-marina-1/property/39193-villa-for-sale-in-mari...
2026-01-29 15:51:56,003 | INFO |    ✅ Unknown
2026-01-29 15:51:56,135 | INFO | 🔄 Updated compound: None
2026-01-29 15:51:56,136 | INFO |    💾 Saved to MongoDB
2026-01-29 15:52:02,036 | INFO | [26/1406] Scraping: https://www.nawy.com/compound/405-marseilia-beach-3/property/53850-villa-for-sale-in-marseilia-beach-3
2026-01-29 15:52:02,037 | INFO | 📄 Navigating to: https://www.nawy.com/compound/405-marseilia-beach-3/property/53850-villa-for-sal...
2026-01-29 15:52:32,159 | ERROR | ❌ Navigation error (attempt 1): Timeout 30000ms exceeded.
2026-01-29 15:52:32,159 | INFO | ⏳ Retrying in 2.6s...
2026-01-29 15:52:34,787 | INFO | 📄 Navigating to: https://www.nawy.com/compound/405-marseilia-beach-3/property/53850-villa-for-sal...
2026-01-29 15:53:04,905 | ERROR | ❌ Navigation error (attempt 2): Timeout 30000ms exceeded.
2026-01-29 15:53:04,909 | INFO | ⏳ Retrying in 3.6s...
2026-01-29 15:53:08,559 | INFO | 📄 Navigating to: https://www.nawy.com/compound/405-marseilia-beach-3/property/53850-villa-for-sal...
2026-01-29 15:53:38,674 | ERROR | ❌ Navigation error (attempt 3): Timeout 30000ms exceeded.
2026-01-29 15:53:38,675 | WARNING |    ❌ Failed to scrape
2026-01-29 15:53:43,150 | INFO | [27/1406] Scraping: https://www.nawy.com/compound/926-neopolis/property/55349-apartment-for-sale-in-neopolis-mostakbal-city
2026-01-29 15:53:43,150 | INFO | 📄 Navigating to: https://www.nawy.com/compound/926-neopolis/property/55349-apartment-for-sale-in-...
2026-01-29 15:53:53,202 | INFO |    ✅ Unknown
2026-01-29 15:53:53,361 | INFO | 🔄 Updated compound: None
2026-01-29 15:53:53,363 | INFO |    💾 Saved to MongoDB
2026-01-29 15:53:58,702 | INFO | [28/1406] Scraping: https://www.nawy.com/compound/639-diar-ii/property/62215-apartment-for-sale-in-diar-ll
2026-01-29 15:53:58,703 | INFO | 📄 Navigating to: https://www.nawy.com/compound/639-diar-ii/property/62215-apartment-for-sale-in-d...
2026-01-29 15:54:10,701 | INFO |    ✅ Unknown
2026-01-29 15:54:10,856 | INFO | 🔄 Updated compound: None
2026-01-29 15:54:10,856 | INFO |    💾 Saved to MongoDB
2026-01-29 15:54:16,447 | INFO | [29/1406] Scraping: https://www.nawy.com/compound/1214-the-grey/property/62438-office-for-sale-in-the-gray-in-new-cairo-by-housing-and-development-properties-hdp
2026-01-29 15:54:16,447 | INFO | 📄 Navigating to: https://www.nawy.com/compound/1214-the-grey/property/62438-office-for-sale-in-th...
2026-01-29 15:54:26,131 | INFO |    ✅ Unknown
2026-01-29 15:54:26,292 | INFO | 🔄 Updated compound: None
2026-01-29 15:54:26,293 | INFO |    💾 Saved to MongoDB
2026-01-29 15:54:29,675 | INFO | [30/1406] Scraping: https://www.nawy.com/compound/972-the-wonder-marq/property/64956-villa-for-sale-in-the-wonder-marq
2026-01-29 15:54:29,676 | INFO | 📄 Navigating to: https://www.nawy.com/compound/972-the-wonder-marq/property/64956-villa-for-sale-...
2026-01-29 15:54:51,450 | INFO |    ✅ Unknown
2026-01-29 15:54:51,603 | INFO | 🔄 Updated compound: None
2026-01-29 15:54:51,605 | INFO |    💾 Saved to MongoDB
2026-01-29 15:54:55,104 | INFO | [31/1406] Scraping: https://www.nawy.com/compound/742-stei8ht
2026-01-29 15:54:55,108 | INFO | 📄 Navigating to: https://www.nawy.com/compound/742-stei8ht...
2026-01-29 15:55:25,230 | ERROR | ❌ Navigation error (attempt 1): Timeout 30000ms exceeded.
2026-01-29 15:55:25,231 | INFO | ⏳ Retrying in 3.7s...
2026-01-29 15:55:28,968 | INFO | 📄 Navigating to: https://www.nawy.com/compound/742-stei8ht...
2026-01-29 15:55:59,086 | ERROR | ❌ Navigation error (attempt 2): Timeout 30000ms exceeded.
2026-01-29 15:55:59,086 | INFO | ⏳ Retrying in 3.2s...
2026-01-29 15:56:02,253 | INFO | 📄 Navigating to: https://www.nawy.com/compound/742-stei8ht...
2026-01-29 15:56:26,431 | INFO |    ✅ Stei8ht
2026-01-29 15:56:26,583 | INFO | ➕ Inserted new compound: Stei8ht
2026-01-29 15:56:26,584 | INFO |    💾 Saved to MongoDB
2026-01-29 15:56:31,760 | INFO | [32/1406] Scraping: https://www.nawy.com/compound/1032-hills-of-one
2026-01-29 15:56:31,761 | INFO | 📄 Navigating to: https://www.nawy.com/compound/1032-hills-of-one...
2026-01-29 15:56:43,890 | INFO |    ✅ Hills of One
2026-01-29 15:56:44,047 | INFO | ➕ Inserted new compound: Hills of One
2026-01-29 15:56:44,048 | INFO |    💾 Saved to MongoDB
2026-01-29 15:56:49,265 | INFO | [33/1406] Scraping: https://www.nawy.com/compound/1391-scenes
2026-01-29 15:56:49,266 | INFO | 📄 Navigating to: https://www.nawy.com/compound/1391-scenes...
2026-01-29 15:57:08,296 | INFO |    ✅ Scenes
2026-01-29 15:57:08,465 | INFO | ➕ Inserted new compound: Scenes
2026-01-29 15:57:08,465 | INFO |    💾 Saved to MongoDB
2026-01-29 15:57:12,454 | INFO | [34/1406] Scraping: https://www.nawy.com/compound/258-o-west-orascom
2026-01-29 15:57:12,454 | INFO | 📄 Navigating to: https://www.nawy.com/compound/258-o-west-orascom...
2026-01-29 15:57:36,748 | INFO |    ✅ O West Orascom
2026-01-29 15:57:37,440 | INFO | ➕ Inserted new compound: O West Orascom
2026-01-29 15:57:37,440 | INFO |    💾 Saved to MongoDB
2026-01-29 15:57:40,546 | INFO | [35/1406] Scraping: https://www.nawy.com/compound/1493-ras-el-hekma-egypt
2026-01-29 15:57:40,547 | INFO | 📄 Navigating to: https://www.nawy.com/compound/1493-ras-el-hekma-egypt...
2026-01-29 15:57:51,176 | INFO |    ✅ Ras El Hekma Egypt
2026-01-29 15:57:51,339 | INFO | ➕ Inserted new compound: Ras El Hekma Egypt
2026-01-29 15:57:51,339 | INFO |    💾 Saved to MongoDB
2026-01-29 15:57:55,955 | INFO | [36/1406] Scraping: https://www.nawy.com/compound/223-badya
2026-01-29 15:57:55,955 | INFO | 📄 Navigating to: https://www.nawy.com/compound/223-badya...
2026-01-29 15:58:08,467 | INFO |    ✅ Badya
2026-01-29 15:58:08,610 | INFO | ➕ Inserted new compound: Badya
2026-01-29 15:58:08,611 | INFO |    💾 Saved to MongoDB
2026-01-29 15:58:11,794 | INFO | [37/1406] Scraping: https://www.nawy.com/compound/38-hyde-park
2026-01-29 15:58:11,799 | INFO | 📄 Navigating to: https://www.nawy.com/compound/38-hyde-park...
2026-01-29 15:58:25,368 | INFO |    ✅ Hyde Park
2026-01-29 15:58:25,511 | INFO | ➕ Inserted new compound: Hyde Park
2026-01-29 15:58:25,511 | INFO |    💾 Saved to MongoDB
2026-01-29 15:58:30,413 | INFO | [38/1406] Scraping: https://www.nawy.com/compound/530-silversands
2026-01-29 15:58:30,414 | INFO | 📄 Navigating to: https://www.nawy.com/compound/530-silversands...
2026-01-29 15:59:01,567 | INFO |    ✅ Silversands
2026-01-29 15:59:01,718 | INFO | ➕ Inserted new compound: Silversands
2026-01-29 15:59:01,719 | INFO |    💾 Saved to MongoDB
2026-01-29 15:59:05,709 | INFO | [39/1406] Scraping: https://www.nawy.com/compound/1192-ramla
2026-01-29 15:59:05,710 | INFO | 📄 Navigating to: https://www.nawy.com/compound/1192-ramla...
2026-01-29 15:59:17,354 | INFO |    ✅ Ramla
2026-01-29 15:59:17,508 | INFO | ➕ Inserted new compound: Ramla
2026-01-29 15:59:17,508 | INFO |    💾 Saved to MongoDB
2026-01-29 15:59:22,703 | INFO | [40/1406] Scraping: https://www.nawy.com/compound/148-palm-hills-new-cairo
2026-01-29 15:59:22,703 | INFO | 📄 Navigating to: https://www.nawy.com/compound/148-palm-hills-new-cairo...
2026-01-29 15:59:34,626 | INFO |    ✅ Palm Hills New Cairo
2026-01-29 15:59:34,777 | INFO | ➕ Inserted new compound: Palm Hills New Cairo
2026-01-29 15:59:34,778 | INFO |    💾 Saved to MongoDB
2026-01-29 15:59:39,932 | INFO | [41/1406] Scraping: https://www.nawy.com/compound/1237-ogami-ras-el-hekma
2026-01-29 15:59:39,934 | INFO | 📄 Navigating to: https://www.nawy.com/compound/1237-ogami-ras-el-hekma...
2026-01-29 16:00:10,075 | ERROR | ❌ Navigation error (attempt 1): Timeout 30000ms exceeded.
2026-01-29 16:00:10,075 | INFO | ⏳ Retrying in 2.9s...
2026-01-29 16:00:12,987 | INFO | 📄 Navigating to: https://www.nawy.com/compound/1237-ogami-ras-el-hekma...
2026-01-29 16:00:38,988 | INFO |    ✅ Ogami Ras El Hekma
2026-01-29 16:00:39,129 | INFO | ➕ Inserted new compound: Ogami Ras El Hekma
2026-01-29 16:00:39,148 | INFO |    💾 Saved to MongoDB
2026-01-29 16:00:43,717 | INFO | [42/1406] Scraping: https://www.nawy.com/compound/3-new-giza
2026-01-29 16:00:43,718 | INFO | 📄 Navigating to: https://www.nawy.com/compound/3-new-giza...
2026-01-29 16:00:57,195 | INFO |    ✅ New Giza
2026-01-29 16:00:57,356 | INFO | ➕ Inserted new compound: New Giza
2026-01-29 16:00:57,376 | INFO |    💾 Saved to MongoDB
2026-01-29 16:01:02,269 | INFO | [43/1406] Scraping: https://www.nawy.com/compound/1263-beit-al-bahr
2026-01-29 16:01:02,323 | INFO | 📄 Navigating to: https://www.nawy.com/compound/1263-beit-al-bahr...
2026-01-29 16:01:26,918 | INFO |    ✅ Beit Al Bahr
2026-01-29 16:01:27,059 | INFO | ➕ Inserted new compound: Beit Al Bahr
2026-01-29 16:01:27,060 | INFO |    💾 Saved to MongoDB
2026-01-29 16:01:31,668 | INFO | [44/1406] Scraping: https://www.nawy.com/compound/232-el-masyaf
2026-01-29 16:01:31,668 | INFO | 📄 Navigating to: https://www.nawy.com/compound/232-el-masyaf...
2026-01-29 16:02:01,837 | ERROR | ❌ Navigation error (attempt 1): Timeout 30000ms exceeded.
2026-01-29 16:02:01,878 | INFO | ⏳ Retrying in 2.1s...
2026-01-29 16:02:04,062 | INFO | 📄 Navigating to: https://www.nawy.com/compound/232-el-masyaf...
2026-01-29 16:02:34,249 | ERROR | ❌ Navigation error (attempt 2): Timeout 30000ms exceeded.
2026-01-29 16:02:34,249 | INFO | ⏳ Retrying in 4.3s...
2026-01-29 16:02:38,579 | INFO | 📄 Navigating to: https://www.nawy.com/compound/232-el-masyaf...
2026-01-29 16:03:08,707 | ERROR | ❌ Navigation error (attempt 3): Timeout 30000ms exceeded.
2026-01-29 16:03:08,708 | WARNING |    ❌ Failed to scrape
2026-01-29 16:03:13,479 | INFO | [45/1406] Scraping: https://www.nawy.com/compound/761-the-med
2026-01-29 16:03:13,480 | INFO | 📄 Navigating to: https://www.nawy.com/compound/761-the-med...
2026-01-29 16:03:28,362 | INFO |    ✅ The Med
2026-01-29 16:03:28,508 | INFO | ➕ Inserted new compound: The Med
2026-01-29 16:03:28,509 | INFO |    💾 Saved to MongoDB
2026-01-29 16:03:32,290 | INFO | [46/1406] Scraping: https://www.nawy.com/compound/522-hyde-park-north-seashore
2026-01-29 16:03:32,291 | INFO | 📄 Navigating to: https://www.nawy.com/compound/522-hyde-park-north-seashore...
2026-01-29 16:03:48,422 | INFO |    ✅ Hyde Park North - Seashore
2026-01-29 16:03:48,595 | INFO | ➕ Inserted new compound: Hyde Park North - Seashore
2026-01-29 16:03:48,596 | INFO |    💾 Saved to MongoDB
2026-01-29 16:03:51,633 | INFO | [47/1406] Scraping: https://www.nawy.com/compound/510-june
2026-01-29 16:03:51,635 | INFO | 📄 Navigating to: https://www.nawy.com/compound/510-june...
2026-01-29 16:04:13,317 | INFO |    ✅ June
2026-01-29 16:04:13,538 | INFO | ➕ Inserted new compound: June
2026-01-29 16:04:13,539 | INFO |    💾 Saved to MongoDB
2026-01-29 16:04:18,379 | INFO | [48/1406] Scraping: https://www.nawy.com/compound/1427-patio-vida
2026-01-29 16:04:18,379 | INFO | 📄 Navigating to: https://www.nawy.com/compound/1427-patio-vida...
2026-01-29 16:04:32,875 | INFO |    ✅ Patio Vida
2026-01-29 16:04:33,044 | INFO | ➕ Inserted new compound: Patio Vida
2026-01-29 16:04:33,044 | INFO |    💾 Saved to MongoDB
2026-01-29 16:04:37,976 | INFO | [49/1406] Scraping: https://www.nawy.com/compound/798-garden-lakes
2026-01-29 16:04:37,976 | INFO | 📄 Navigating to: https://www.nawy.com/compound/798-garden-lakes...
2026-01-29 16:04:49,884 | INFO |    ✅ Garden Lakes
2026-01-29 16:04:50,051 | INFO | ➕ Inserted new compound: Garden Lakes
2026-01-29 16:04:50,052 | INFO |    💾 Saved to MongoDB
2026-01-29 16:04:54,022 | INFO | [50/1406] Scraping: https://www.nawy.com/compound/1671-youd
2026-01-29 16:04:54,022 | INFO | 📄 Navigating to: https://www.nawy.com/compound/1671-youd...
2026-01-29 16:05:07,111 | INFO |    ✅ Youd
2026-01-29 16:05:07,298 | INFO | ➕ Inserted new compound: Youd
2026-01-29 16:05:07,298 | INFO |    💾 Saved to MongoDB
2026-01-29 16:05:12,562 | INFO | [51/1406] Scraping: https://www.nawy.com/compound/752-seazen
2026-01-29 16:05:12,562 | INFO | 📄 Navigating to: https://www.nawy.com/compound/752-seazen...
2026-01-29 16:05:42,994 | INFO |    ✅ Seazen
2026-01-29 16:05:43,193 | INFO | ➕ Inserted new compound: Seazen
2026-01-29 16:05:43,193 | INFO |    💾 Saved to MongoDB
2026-01-29 16:05:46,840 | INFO | [52/1406] Scraping: https://www.nawy.com/compound/1660-sky-north
2026-01-29 16:05:46,840 | INFO | 📄 Navigating to: https://www.nawy.com/compound/1660-sky-north...
2026-01-29 16:05:59,718 | INFO |    ✅ Sky North
2026-01-29 16:05:59,884 | INFO | ➕ Inserted new compound: Sky North
2026-01-29 16:05:59,884 | INFO |    💾 Saved to MongoDB
2026-01-29 16:06:04,947 | INFO | [53/1406] Scraping: https://www.nawy.com/compound/764-city-gate
2026-01-29 16:06:04,947 | INFO | 📄 Navigating to: https://www.nawy.com/compound/764-city-gate...
2026-01-29 16:06:17,579 | INFO |    ✅ City Gate
2026-01-29 16:06:17,785 | INFO | ➕ Inserted new compound: City Gate
2026-01-29 16:06:17,787 | INFO |    💾 Saved to MongoDB
2026-01-29 16:06:22,495 | INFO | [54/1406] Scraping: https://www.nawy.com/compound/1505-jirian-mountain-view
2026-01-29 16:06:22,495 | INFO | 📄 Navigating to: https://www.nawy.com/compound/1505-jirian-mountain-view...
2026-01-29 16:06:33,343 | INFO |    ✅ Jirian - Mountain View
2026-01-29 16:06:33,499 | INFO | ➕ Inserted new compound: Jirian - Mountain View
2026-01-29 16:06:33,500 | INFO |    💾 Saved to MongoDB
2026-01-29 16:06:37,958 | INFO | [55/1406] Scraping: https://www.nawy.com/compound/927-salt
2026-01-29 16:06:37,958 | INFO | 📄 Navigating to: https://www.nawy.com/compound/927-salt...
2026-01-29 16:06:48,940 | INFO |    ✅ Salt
2026-01-29 16:06:49,087 | INFO | ➕ Inserted new compound: Salt
2026-01-29 16:06:49,088 | INFO |    💾 Saved to MongoDB
2026-01-29 16:06:52,318 | INFO | [56/1406] Scraping: https://www.nawy.com/compound/1224-plage
2026-01-29 16:06:52,319 | INFO | 📄 Navigating to: https://www.nawy.com/compound/1224-plage...
2026-01-29 16:07:02,118 | INFO |    ✅ Plage
2026-01-29 16:07:02,260 | INFO | ➕ Inserted new compound: Plage
2026-01-29 16:07:02,261 | INFO |    💾 Saved to MongoDB
2026-01-29 16:07:05,974 | INFO | [57/1406] Scraping: https://www.nawy.com/compound/1213-saada-north-coast
2026-01-29 16:07:05,974 | INFO | 📄 Navigating to: https://www.nawy.com/compound/1213-saada-north-coast...
2026-01-29 16:07:15,182 | INFO |    ✅ Saada North Coast
2026-01-29 16:07:15,344 | INFO | ➕ Inserted new compound: Saada North Coast
2026-01-29 16:07:15,345 | INFO |    💾 Saved to MongoDB
2026-01-29 16:07:18,401 | INFO | [58/1406] Scraping: https://www.nawy.com/compound/1312-park-central
2026-01-29 16:07:18,402 | INFO | 📄 Navigating to: https://www.nawy.com/compound/1312-park-central...
2026-01-29 16:07:36,388 | INFO |    ✅ Park Central
2026-01-29 16:07:36,532 | INFO | ➕ Inserted new compound: Park Central
2026-01-29 16:07:36,533 | INFO |    💾 Saved to MongoDB
2026-01-29 16:07:40,722 | INFO | [59/1406] Scraping: https://www.nawy.com/compound/402-karmell-new-zayed
2026-01-29 16:07:40,722 | INFO | 📄 Navigating to: https://www.nawy.com/compound/402-karmell-new-zayed...
2026-01-29 16:08:10,841 | ERROR | ❌ Navigation error (attempt 1): Timeout 30000ms exceeded.
2026-01-29 16:08:10,841 | INFO | ⏳ Retrying in 3.5s...
2026-01-29 16:08:14,384 | INFO | 📄 Navigating to: https://www.nawy.com/compound/402-karmell-new-zayed...
2026-01-29 16:08:22,023 | INFO |    ✅ Karmell New Zayed
2026-01-29 16:08:22,169 | INFO | ➕ Inserted new compound: Karmell New Zayed
2026-01-29 16:08:22,169 | INFO |    💾 Saved to MongoDB
2026-01-29 16:08:26,248 | INFO | [60/1406] Scraping: https://www.nawy.com/compound/877-solana
2026-01-29 16:08:26,249 | INFO | 📄 Navigating to: https://www.nawy.com/compound/877-solana...
2026-01-29 16:08:48,988 | INFO |    ✅ Solana
2026-01-29 16:08:49,135 | INFO | ➕ Inserted new compound: Solana
2026-01-29 16:08:49,135 | INFO |    💾 Saved to MongoDB
2026-01-29 16:08:54,837 | INFO | [61/1406] Scraping: https://www.nawy.com/compound/1199-safia-ras-el-hekma
2026-01-29 16:08:54,839 | INFO | 📄 Navigating to: https://www.nawy.com/compound/1199-safia-ras-el-hekma...
2026-01-29 16:09:04,731 | INFO |    ✅ Safia - Ras El Hekma
2026-01-29 16:09:04,883 | INFO | ➕ Inserted new compound: Safia - Ras El Hekma
2026-01-29 16:09:04,884 | INFO |    💾 Saved to MongoDB
2026-01-29 16:09:10,643 | INFO | [62/1406] Scraping: https://www.nawy.com/compound/1159-lyv-caesar-ras-el-hekma
2026-01-29 16:09:10,644 | INFO | 📄 Navigating to: https://www.nawy.com/compound/1159-lyv-caesar-ras-el-hekma...
2026-01-29 16:09:29,587 | INFO |    ✅ Lyv Caesar - Ras El Hekma
2026-01-29 16:09:29,729 | INFO | ➕ Inserted new compound: Lyv Caesar - Ras El Hekma
2026-01-29 16:09:29,730 | INFO |    💾 Saved to MongoDB
2026-01-29 16:09:34,516 | INFO | [63/1406] Scraping: https://www.nawy.com/compound/974-saada
2026-01-29 16:09:34,517 | INFO | 📄 Navigating to: https://www.nawy.com/compound/974-saada...
2026-01-29 16:09:47,068 | INFO |    ✅ Saada
2026-01-29 16:09:47,213 | INFO | ➕ Inserted new compound: Saada
2026-01-29 16:09:47,214 | INFO |    💾 Saved to MongoDB
2026-01-29 16:09:51,867 | INFO | [64/1406] Scraping: https://www.nawy.com/compound/74-telal-north-coast
2026-01-29 16:09:51,869 | INFO | 📄 Navigating to: https://www.nawy.com/compound/74-telal-north-coast...
2026-01-29 16:10:08,115 | INFO |    ✅ Telal North Coast
2026-01-29 16:10:08,261 | INFO | ➕ Inserted new compound: Telal North Coast
2026-01-29 16:10:08,262 | INFO |    💾 Saved to MongoDB
2026-01-29 16:10:12,337 | INFO | [65/1406] Scraping: https://www.nawy.com/compound/805-swanlake-october
2026-01-29 16:10:12,338 | INFO | 📄 Navigating to: https://www.nawy.com/compound/805-swanlake-october...
2026-01-29 16:10:20,036 | INFO |    ✅ Swanlake October
2026-01-29 16:10:20,178 | INFO | ➕ Inserted new compound: Swanlake October
2026-01-29 16:10:20,179 | INFO |    💾 Saved to MongoDB
2026-01-29 16:10:23,464 | INFO | [66/1406] Scraping: https://www.nawy.com/compound/345-zed-east
2026-01-29 16:10:23,465 | INFO | 📄 Navigating to: https://www.nawy.com/compound/345-zed-east...
2026-01-29 16:10:52,319 | INFO |    ✅ ZED East
2026-01-29 16:10:52,467 | INFO | ➕ Inserted new compound: ZED East
2026-01-29 16:10:52,468 | INFO |    💾 Saved to MongoDB
2026-01-29 16:10:55,758 | INFO | [67/1406] Scraping: https://www.nawy.com/compound/929-solare
2026-01-29 16:10:55,764 | INFO | 📄 Navigating to: https://www.nawy.com/compound/929-solare...
2026-01-29 16:11:25,902 | ERROR | ❌ Navigation error (attempt 1): Timeout 30000ms exceeded.
2026-01-29 16:11:25,902 | INFO | ⏳ Retrying in 2.4s...
2026-01-29 16:11:28,308 | INFO | 📄 Navigating to: https://www.nawy.com/compound/929-solare...
2026-01-29 16:11:58,436 | ERROR | ❌ Navigation error (attempt 2): Timeout 30000ms exceeded.
2026-01-29 16:11:58,437 | INFO | ⏳ Retrying in 4.5s...
2026-01-29 16:12:02,973 | INFO | 📄 Navigating to: https://www.nawy.com/compound/929-solare...
2026-01-29 16:12:33,098 | ERROR | ❌ Navigation error (attempt 3): Timeout 30000ms exceeded.
2026-01-29 16:12:33,099 | WARNING |    ❌ Failed to scrape
2026-01-29 16:12:37,939 | INFO | [68/1406] Scraping: https://www.nawy.com/compound/1212-mar-bay-ras-el-hekma
2026-01-29 16:12:37,939 | INFO | 📄 Navigating to: https://www.nawy.com/compound/1212-mar-bay-ras-el-hekma...
2026-01-29 16:13:08,070 | ERROR | ❌ Navigation error (attempt 1): Timeout 30000ms exceeded.
2026-01-29 16:13:08,070 | INFO | ⏳ Retrying in 3.6s...
2026-01-29 16:13:11,694 | INFO | 📄 Navigating to: https://www.nawy.com/compound/1212-mar-bay-ras-el-hekma...
2026-01-29 16:13:41,840 | ERROR | ❌ Navigation error (attempt 2): Timeout 30000ms exceeded.
2026-01-29 16:13:41,844 | INFO | ⏳ Retrying in 3.4s...
2026-01-29 16:13:45,197 | INFO | 📄 Navigating to: https://www.nawy.com/compound/1212-mar-bay-ras-el-hekma...
2026-01-29 16:14:15,330 | ERROR | ❌ Navigation error (attempt 3): Timeout 30000ms exceeded.
2026-01-29 16:14:15,331 | WARNING |    ❌ Failed to scrape
2026-01-29 16:14:20,862 | INFO | [69/1406] Scraping: https://www.nawy.com/compound/1261-hacienda-waters
2026-01-29 16:14:20,862 | INFO | 📄 Navigating to: https://www.nawy.com/compound/1261-hacienda-waters...
2026-01-29 16:14:44,031 | ERROR | Error
Traceback (most recent call last):
  File "E:\StudioProjects\SemsAi\nawy-scraper\scrape_smart.py", line 135, in scrape_missing_from_mongodb
    compound_data = await scraper._scrape_compound_detail(url)
                    ^^^^^^^^^^^^^^^^^^^^^^^^^^^^^^^^^^^^^^^^^^
  File "E:\StudioProjects\SemsAi\nawy-scraper\scrapers\compound_scraper.py", line 300, in _scrape_compound_detail
    if not await self.safe_goto(url):
           ^^^^^^^^^^^^^^^^^^^^^^^^^
  File "E:\StudioProjects\SemsAi\nawy-scraper\scrapers\base_scraper.py", line 148, in safe_goto
    response = await self.page.goto(
               ^^^^^^^^^^^^^^^^^^^^^
  File "C:\Users\Youssef\AppData\Roaming\Python\Python312\site-packages\playwright\async_api\_generated.py", line 9260, in goto
    await self._impl_obj.goto(
  File "C:\Users\Youssef\AppData\Roaming\Python\Python312\site-packages\playwright\_impl\_page.py", line 475, in goto
    return await self._main_frame.goto(**locals_to_params(locals()))
           ^^^^^^^^^^^^^^^^^^^^^^^^^^^^^^^^^^^^^^^^^^^^^^^^^^^^^^^^^
  File "C:\Users\Youssef\AppData\Roaming\Python\Python312\site-packages\playwright\_impl\_frame.py", line 139, in goto
    await self._channel.send("goto", locals_to_params(locals()))
  File "C:\Users\Youssef\AppData\Roaming\Python\Python312\site-packages\playwright\_impl\_connection.py", line 62, in send
    return await self._connection.wrap_api_call(
           ^^^^^^^^^^^^^^^^^^^^^^^^^^^^^^^^^^^^^
  File "C:\Users\Youssef\AppData\Roaming\Python\Python312\site-packages\playwright\_impl\_connection.py", line 492, in wrap_api_call
    return await cb()
           ^^^^^^^^^^
  File "C:\Users\Youssef\AppData\Roaming\Python\Python312\site-packages\playwright\_impl\_connection.py", line 91, in inner_send
    done, _ = await asyncio.wait(
              ^^^^^^^^^^^^^^^^^^^
  File "C:\Program Files\Python312\Lib\asyncio\tasks.py", line 464, in wait
    return await _wait(fs, timeout, return_when, loop)
           ^^^^^^^^^^^^^^^^^^^^^^^^^^^^^^^^^^^^^^^^^^^
  File "C:\Program Files\Python312\Lib\asyncio\tasks.py", line 550, in _wait
    await waiter
asyncio.exceptions.CancelledError

During handling of the above exception, another exception occurred:

Traceback (most recent call last):
  File "E:\StudioProjects\SemsAi\nawy-scraper\scrape_smart.py", line 197, in main
    compounds = asyncio.run(scrape_missing_from_mongodb())
                ^^^^^^^^^^^^^^^^^^^^^^^^^^^^^^^^^^^^^^^^^^
  File "C:\Program Files\Python312\Lib\asyncio\runners.py", line 194, in run
    return runner.run(main)
           ^^^^^^^^^^^^^^^^
  File "C:\Program Files\Python312\Lib\asyncio\runners.py", line 118, in run
    return self._loop.run_until_complete(task)
           ^^^^^^^^^^^^^^^^^^^^^^^^^^^^^^^^^^^
  File "C:\Program Files\Python312\Lib\asyncio\base_events.py", line 687, in run_until_complete
    return future.result()
           ^^^^^^^^^^^^^^^
  File "E:\StudioProjects\SemsAi\nawy-scraper\scrape_smart.py", line 175, in scrape_missing_from_mongodb
    await scraper.close()
  File "E:\StudioProjects\SemsAi\nawy-scraper\scrapers\base_scraper.py", line 107, in close
    await self.context.close()
  File "C:\Users\Youssef\AppData\Roaming\Python\Python312\site-packages\playwright\async_api\_generated.py", line 13758, in close
    return mapping.from_maybe_impl(await self._impl_obj.close(reason=reason))
                                   ^^^^^^^^^^^^^^^^^^^^^^^^^^^^^^^^^^^^^^^^^
  File "C:\Users\Youssef\AppData\Roaming\Python\Python312\site-packages\playwright\_impl\_browser_context.py", line 485, in close
    await self._channel.send("close", filter_none({"reason": reason}))
  File "C:\Users\Youssef\AppData\Roaming\Python\Python312\site-packages\playwright\_impl\_connection.py", line 62, in send
    return await self._connection.wrap_api_call(
           ^^^^^^^^^^^^^^^^^^^^^^^^^^^^^^^^^^^^^
  File "C:\Users\Youssef\AppData\Roaming\Python\Python312\site-packages\playwright\_impl\_connection.py", line 492, in wrap_api_call
    return await cb()
           ^^^^^^^^^^
  File "C:\Users\Youssef\AppData\Roaming\Python\Python312\site-packages\playwright\_impl\_connection.py", line 100, in inner_send
    result = next(iter(done)).result()
             ^^^^^^^^^^^^^^^^^^^^^^^^^
playwright._impl._errors.TargetClosedError: Target page, context or browser has been closed
Browser logs:

<launching> C:\Users\Youssef\AppData\Local\ms-playwright\chromium-1091\chrome-win\chrome.exe --disable-field-trial-config --disable-background-networking --enable-features=NetworkService,NetworkServiceInProcess --disable-background-timer-throttling --disable-backgrounding-occluded-windows --disable-back-forward-cache --disable-breakpad --disable-client-side-phishing-detection --disable-component-extensions-with-background-pages --disable-component-update --no-default-browser-check --disable-default-apps --disable-dev-shm-usage --disable-extensions --disable-features=ImprovedCookieControls,LazyFrameLoading,GlobalMediaControls,DestroyProfileOnBrowserClose,MediaRouter,DialMediaRouteProvider,AcceptCHFrame,AutoExpandDetailsElement,CertificateTransparencyComponentUpdater,AvoidUnnecessaryBeforeUnloadCheckSync,Translate,HttpsUpgrades --allow-pre-commit-input --disable-hang-monitor --disable-ipc-flooding-protection --disable-popup-blocking --disable-prompt-on-repost --disable-renderer-backgrounding --force-color-profile=srgb --metrics-recording-only --no-first-run --enable-automation --password-store=basic --use-mock-keychain --no-service-autorun --export-tagged-pdf --disable-search-engine-choice-screen --headless --hide-scrollbars --mute-audio --blink-settings=primaryHoverType=2,availableHoverTypes=2,primaryPointerType=4,availablePointerTypes=4 --no-sandbox --disable-blink-features=AutomationControlled --disable-dev-shm-usage --no-sandbox --disable-setuid-sandbox --disable-web-security --disable-features=IsolateOrigins,site-per-process --user-data-dir=E:\Temp\playwright_chromiumdev_profile-apfPJ8 --remote-debugging-pipe --no-startup-window
<launched> pid=15236
[pid=15236] <gracefully close start>
2026-01-29 16:14:44,224 | INFO | 🔌 Disconnected from MongoDB
2026-01-29 16:14:51,434 | INFO | ✅ Connected to MongoDB: semsai
2026-01-29 16:15:06,322 | INFO | 🚀 Initializing browser...
2026-01-29 16:15:08,429 | INFO | ✅ Browser initialized (UA: Mozilla/5.0 (Macintosh; Intel Mac OS X 10_15_7) Ap...)
2026-01-29 16:15:08,431 | INFO | [1/1348] Scraping: https://www.nawy.com/compound/711-green-5/property/14527-green-5-sheikh-zayed-apartment-4-bedrooms-for-sale
2026-01-29 16:15:08,432 | INFO | 📄 Navigating to: https://www.nawy.com/compound/711-green-5/property/14527-green-5-sheikh-zayed-ap...
2026-01-29 16:15:21,001 | INFO |    ✅ Unknown
2026-01-29 16:15:21,124 | INFO | 🔄 Updated compound: None
2026-01-29 16:15:21,124 | INFO |    💾 Saved to MongoDB
2026-01-29 16:15:26,669 | INFO | [2/1348] Scraping: https://www.nawy.com/compound/189-zizinia-gardens/property/16177-zizinia-new-cairo-villa-9-bedrooms-for-sale
2026-01-29 16:15:26,672 | INFO | 📄 Navigating to: https://www.nawy.com/compound/189-zizinia-gardens/property/16177-zizinia-new-cai...
2026-01-29 16:15:46,164 | INFO |    ✅ Unknown
2026-01-29 16:15:46,283 | INFO | 🔄 Updated compound: None
2026-01-29 16:15:46,284 | INFO |    💾 Saved to MongoDB
2026-01-29 16:15:50,561 | INFO | [3/1348] Scraping: https://www.nawy.com/compound/50-katameya-dunes/property/23564-town-house-for-sale-in-katameya-dunes-new-cairo
2026-01-29 16:15:50,562 | INFO | 📄 Navigating to: https://www.nawy.com/compound/50-katameya-dunes/property/23564-town-house-for-sa...
2026-01-29 16:16:02,470 | INFO |    ✅ Unknown
2026-01-29 16:16:02,590 | INFO | 🔄 Updated compound: None
2026-01-29 16:16:02,591 | INFO |    💾 Saved to MongoDB
2026-01-29 16:16:05,957 | INFO | [4/1348] Scraping: https://www.nawy.com/compound/776-marina-1/property/39193-villa-for-sale-in-marina-2-north-coast
2026-01-29 16:16:05,957 | INFO | 📄 Navigating to: https://www.nawy.com/compound/776-marina-1/property/39193-villa-for-sale-in-mari...
2026-01-29 16:16:17,873 | INFO |    ✅ Unknown
2026-01-29 16:16:17,993 | INFO | 🔄 Updated compound: None
2026-01-29 16:16:17,994 | INFO |    💾 Saved to MongoDB
2026-01-29 16:16:23,799 | INFO | [5/1348] Scraping: https://www.nawy.com/compound/405-marseilia-beach-3/property/53850-villa-for-sale-in-marseilia-beach-3
2026-01-29 16:16:23,801 | INFO | 📄 Navigating to: https://www.nawy.com/compound/405-marseilia-beach-3/property/53850-villa-for-sal...
2026-01-29 16:16:49,662 | INFO |    ✅ Unknown
2026-01-29 16:16:49,783 | INFO | 🔄 Updated compound: None
2026-01-29 16:16:49,783 | INFO |    💾 Saved to MongoDB
2026-01-29 16:16:53,762 | INFO | [6/1348] Scraping: https://www.nawy.com/compound/926-neopolis/property/55349-apartment-for-sale-in-neopolis-mostakbal-city
2026-01-29 16:16:53,763 | INFO | 📄 Navigating to: https://www.nawy.com/compound/926-neopolis/property/55349-apartment-for-sale-in-...
2026-01-29 16:17:05,503 | INFO |    ✅ Unknown
2026-01-29 16:17:05,622 | INFO | 🔄 Updated compound: None
2026-01-29 16:17:05,622 | INFO |    💾 Saved to MongoDB
2026-01-29 16:17:10,449 | INFO | [7/1348] Scraping: https://www.nawy.com/compound/639-diar-ii/property/62215-apartment-for-sale-in-diar-ll
2026-01-29 16:17:10,450 | INFO | 📄 Navigating to: https://www.nawy.com/compound/639-diar-ii/property/62215-apartment-for-sale-in-d...
2026-01-29 16:17:25,720 | INFO |    ✅ Unknown
2026-01-29 16:17:25,843 | INFO | 🔄 Updated compound: None
2026-01-29 16:17:25,843 | INFO |    💾 Saved to MongoDB
2026-01-29 16:17:31,652 | INFO | [8/1348] Scraping: https://www.nawy.com/compound/1214-the-grey/property/62438-office-for-sale-in-the-gray-in-new-cairo-by-housing-and-development-properties-hdp
2026-01-29 16:17:31,652 | INFO | 📄 Navigating to: https://www.nawy.com/compound/1214-the-grey/property/62438-office-for-sale-in-th...
2026-01-29 16:17:39,404 | INFO |    ✅ Unknown
2026-01-29 16:17:39,522 | INFO | 🔄 Updated compound: None
2026-01-29 16:17:39,523 | INFO |    💾 Saved to MongoDB
2026-01-29 16:17:43,715 | INFO | [9/1348] Scraping: https://www.nawy.com/compound/232-el-masyaf
2026-01-29 16:17:43,718 | INFO | 📄 Navigating to: https://www.nawy.com/compound/232-el-masyaf...
2026-01-29 16:17:56,071 | INFO |    ✅ El Masyaf
2026-01-29 16:17:56,206 | INFO | ➕ Inserted new compound: El Masyaf
2026-01-29 16:17:56,206 | INFO |    💾 Saved to MongoDB
2026-01-29 16:18:00,918 | INFO | [10/1348] Scraping: https://www.nawy.com/compound/929-solare
2026-01-29 16:18:00,918 | INFO | 📄 Navigating to: https://www.nawy.com/compound/929-solare...
2026-01-29 16:18:14,713 | INFO |    ✅ Solare
2026-01-29 16:18:14,847 | INFO | ➕ Inserted new compound: Solare
2026-01-29 16:18:14,847 | INFO |    💾 Saved to MongoDB
2026-01-29 16:18:19,874 | INFO | [11/1348] Scraping: https://www.nawy.com/compound/1212-mar-bay-ras-el-hekma
2026-01-29 16:18:19,875 | INFO | 📄 Navigating to: https://www.nawy.com/compound/1212-mar-bay-ras-el-hekma...
2026-01-29 16:18:50,004 | ERROR | ❌ Navigation error (attempt 1): Timeout 30000ms exceeded.
2026-01-29 16:18:50,005 | INFO | ⏳ Retrying in 2.1s...
2026-01-29 16:18:52,146 | INFO | 📄 Navigating to: https://www.nawy.com/compound/1212-mar-bay-ras-el-hekma...
2026-01-29 16:19:22,280 | ERROR | ❌ Navigation error (attempt 2): Timeout 30000ms exceeded.
2026-01-29 16:19:22,280 | INFO | ⏳ Retrying in 3.7s...
2026-01-29 16:19:25,960 | INFO | 📄 Navigating to: https://www.nawy.com/compound/1212-mar-bay-ras-el-hekma...
2026-01-29 16:19:56,079 | ERROR | ❌ Navigation error (attempt 3): Timeout 30000ms exceeded.
2026-01-29 16:19:56,080 | WARNING |    ❌ Failed to scrape
2026-01-29 16:20:01,413 | INFO | [12/1348] Scraping: https://www.nawy.com/compound/1261-hacienda-waters
2026-01-29 16:20:01,415 | INFO | 📄 Navigating to: https://www.nawy.com/compound/1261-hacienda-waters...
2026-01-29 16:20:31,549 | ERROR | ❌ Navigation error (attempt 1): Timeout 30000ms exceeded.
2026-01-29 16:20:31,550 | INFO | ⏳ Retrying in 2.3s...
2026-01-29 16:20:33,814 | INFO | 📄 Navigating to: https://www.nawy.com/compound/1261-hacienda-waters...
2026-01-29 16:21:03,957 | ERROR | ❌ Navigation error (attempt 2): Timeout 30000ms exceeded.
2026-01-29 16:21:03,958 | INFO | ⏳ Retrying in 4.3s...
2026-01-29 16:21:08,260 | INFO | 📄 Navigating to: https://www.nawy.com/compound/1261-hacienda-waters...
2026-01-29 16:21:38,393 | ERROR | ❌ Navigation error (attempt 3): Timeout 30000ms exceeded.
2026-01-29 16:21:38,395 | WARNING |    ❌ Failed to scrape
2026-01-29 16:21:43,648 | INFO | [13/1348] Scraping: https://www.nawy.com/compound/21-caesar
2026-01-29 16:21:43,649 | INFO | 📄 Navigating to: https://www.nawy.com/compound/21-caesar...
2026-01-29 16:21:59,099 | INFO |    ✅ Caesar
2026-01-29 16:21:59,237 | INFO | ➕ Inserted new compound: Caesar
2026-01-29 16:21:59,237 | INFO |    💾 Saved to MongoDB
2026-01-29 16:22:05,223 | INFO | [14/1348] Scraping: https://www.nawy.com/compound/996-aliva-mountain-view-mostakbal-city
2026-01-29 16:22:05,223 | INFO | 📄 Navigating to: https://www.nawy.com/compound/996-aliva-mountain-view-mostakbal-city...
2026-01-29 16:22:18,238 | INFO |    ✅ Aliva Mountain View Mostakbal City
2026-01-29 16:22:18,373 | INFO | ➕ Inserted new compound: Aliva Mountain View Mostakbal City
2026-01-29 16:22:18,374 | INFO |    💾 Saved to MongoDB
2026-01-29 16:22:22,544 | INFO | [15/1348] Scraping: https://www.nawy.com/compound/5-marassi
2026-01-29 16:22:22,544 | INFO | 📄 Navigating to: https://www.nawy.com/compound/5-marassi...
2026-01-29 16:22:34,746 | INFO |    ✅ Marassi
2026-01-29 16:22:34,885 | INFO | ➕ Inserted new compound: Marassi
2026-01-29 16:22:34,886 | INFO |    💾 Saved to MongoDB
2026-01-29 16:22:40,746 | INFO | [16/1348] Scraping: https://www.nawy.com/compound/827-rivers
2026-01-29 16:22:40,747 | INFO | 📄 Navigating to: https://www.nawy.com/compound/827-rivers...
2026-01-29 16:22:53,756 | INFO |    ✅ Rivers
2026-01-29 16:22:53,887 | INFO | ➕ Inserted new compound: Rivers
2026-01-29 16:22:53,889 | INFO |    💾 Saved to MongoDB
2026-01-29 16:22:58,993 | INFO | [17/1348] Scraping: https://www.nawy.com/compound/925-eastown
2026-01-29 16:22:58,993 | INFO | 📄 Navigating to: https://www.nawy.com/compound/925-eastown...
2026-01-29 16:23:08,192 | INFO |    ✅ Eastown
2026-01-29 16:23:08,327 | INFO | ➕ Inserted new compound: Eastown
2026-01-29 16:23:08,327 | INFO |    💾 Saved to MongoDB
2026-01-29 16:23:11,360 | INFO | [18/1348] Scraping: https://www.nawy.com/compound/422-mountain-view-icity-october
2026-01-29 16:23:11,362 | INFO | 📄 Navigating to: https://www.nawy.com/compound/422-mountain-view-icity-october...
2026-01-29 16:23:24,477 | INFO |    ✅ Mountain View iCity October
2026-01-29 16:23:24,617 | INFO | ➕ Inserted new compound: Mountain View iCity October
2026-01-29 16:23:24,618 | INFO |    💾 Saved to MongoDB
2026-01-29 16:23:27,789 | INFO | [19/1348] Scraping: https://www.nawy.com/compound/1003-ivoire-west
2026-01-29 16:23:27,790 | INFO | 📄 Navigating to: https://www.nawy.com/compound/1003-ivoire-west...
2026-01-29 16:23:40,027 | INFO |    ✅ Ivoire West
2026-01-29 16:23:40,167 | INFO | ➕ Inserted new compound: Ivoire West
2026-01-29 16:23:40,168 | INFO |    💾 Saved to MongoDB
2026-01-29 16:23:43,420 | INFO | [20/1348] Scraping: https://www.nawy.com/compound/195-mountain-view-icity-new-cairo
2026-01-29 16:23:43,423 | INFO | 📄 Navigating to: https://www.nawy.com/compound/195-mountain-view-icity-new-cairo...
2026-01-29 16:23:55,919 | INFO |    ✅ Mountain View ICity New Cairo
2026-01-29 16:23:56,057 | INFO | ➕ Inserted new compound: Mountain View ICity New Cairo
2026-01-29 16:23:56,057 | INFO |    💾 Saved to MongoDB
2026-01-29 16:24:01,258 | INFO | [21/1348] Scraping: https://www.nawy.com/compound/18-allegria
2026-01-29 16:24:01,259 | INFO | 📄 Navigating to: https://www.nawy.com/compound/18-allegria...
2026-01-29 16:24:12,662 | INFO |    ✅ Allegria
2026-01-29 16:24:12,802 | INFO | ➕ Inserted new compound: Allegria
2026-01-29 16:24:12,802 | INFO |    💾 Saved to MongoDB
2026-01-29 16:24:18,115 | INFO | [22/1348] Scraping: https://www.nawy.com/compound/219-al-burouj
2026-01-29 16:24:18,117 | INFO | 📄 Navigating to: https://www.nawy.com/compound/219-al-burouj...
2026-01-29 16:24:29,179 | INFO |    ✅ Al Burouj
2026-01-29 16:24:29,320 | INFO | ➕ Inserted new compound: Al Burouj
2026-01-29 16:24:29,322 | INFO |    💾 Saved to MongoDB
2026-01-29 16:24:32,414 | INFO | [23/1348] Scraping: https://www.nawy.com/compound/1426-glen
2026-01-29 16:24:32,414 | INFO | 📄 Navigating to: https://www.nawy.com/compound/1426-glen...
2026-01-29 16:24:45,531 | INFO |    ✅ Glen
2026-01-29 16:24:45,668 | INFO | ➕ Inserted new compound: Glen
2026-01-29 16:24:45,668 | INFO |    💾 Saved to MongoDB
2026-01-29 16:24:49,918 | INFO | [24/1348] Scraping: https://www.nawy.com/compound/222-district-5
2026-01-29 16:24:49,920 | INFO | 📄 Navigating to: https://www.nawy.com/compound/222-district-5...
2026-01-29 16:25:06,723 | INFO |    ✅ DISTRICT 5
2026-01-29 16:25:06,861 | INFO | ➕ Inserted new compound: DISTRICT 5
2026-01-29 16:25:06,861 | INFO |    💾 Saved to MongoDB
2026-01-29 16:25:12,225 | INFO | [25/1348] Scraping: https://www.nawy.com/compound/202-bloomfields
2026-01-29 16:25:12,225 | INFO | 📄 Navigating to: https://www.nawy.com/compound/202-bloomfields...
2026-01-29 16:25:25,385 | INFO |    ✅ Bloomfields
2026-01-29 16:25:25,530 | INFO | ➕ Inserted new compound: Bloomfields
2026-01-29 16:25:25,533 | INFO |    💾 Saved to MongoDB
2026-01-29 16:25:28,916 | INFO | [26/1348] Scraping: https://www.nawy.com/compound/73-amwaj
2026-01-29 16:25:28,917 | INFO | 📄 Navigating to: https://www.nawy.com/compound/73-amwaj...
2026-01-29 16:25:42,362 | INFO |    ✅ Amwaj
2026-01-29 16:25:42,558 | INFO | ➕ Inserted new compound: Amwaj
2026-01-29 16:25:42,563 | INFO |    💾 Saved to MongoDB
2026-01-29 16:25:46,775 | INFO | [27/1348] Scraping: https://www.nawy.com/compound/64-palm-parks
2026-01-29 16:25:46,778 | INFO | 📄 Navigating to: https://www.nawy.com/compound/64-palm-parks...
2026-01-29 16:25:59,382 | INFO |    ✅ Palm Parks
2026-01-29 16:25:59,519 | INFO | ➕ Inserted new compound: Palm Parks
2026-01-29 16:25:59,519 | INFO |    💾 Saved to MongoDB
2026-01-29 16:26:02,645 | INFO | [28/1348] Scraping: https://www.nawy.com/compound/192-fifth-square-al-marasem
2026-01-29 16:26:02,645 | INFO | 📄 Navigating to: https://www.nawy.com/compound/192-fifth-square-al-marasem...
2026-01-29 16:26:15,283 | INFO |    ✅ Fifth Square Al Marasem
2026-01-29 16:26:15,423 | INFO | ➕ Inserted new compound: Fifth Square Al Marasem
2026-01-29 16:26:15,424 | INFO |    💾 Saved to MongoDB
2026-01-29 16:26:18,507 | INFO | [29/1348] Scraping: https://www.nawy.com/compound/207-el-patio-oro
2026-01-29 16:26:18,508 | INFO | 📄 Navigating to: https://www.nawy.com/compound/207-el-patio-oro...
2026-01-29 16:26:44,637 | INFO |    ✅ El Patio Oro
2026-01-29 16:26:44,768 | INFO | ➕ Inserted new compound: El Patio Oro
2026-01-29 16:26:44,769 | INFO |    💾 Saved to MongoDB
2026-01-29 16:26:50,339 | INFO | [30/1348] Scraping: https://www.nawy.com/compound/639-diar-ii
2026-01-29 16:26:50,339 | INFO | 📄 Navigating to: https://www.nawy.com/compound/639-diar-ii...
2026-01-29 16:27:02,287 | INFO |    ✅ Diar II
2026-01-29 16:27:02,421 | INFO | ➕ Inserted new compound: Diar II
2026-01-29 16:27:02,421 | INFO |    💾 Saved to MongoDB
2026-01-29 16:27:07,311 | INFO | [31/1348] Scraping: https://www.nawy.com/compound/394-azzar-new-cairo
2026-01-29 16:27:07,312 | INFO | 📄 Navigating to: https://www.nawy.com/compound/394-azzar-new-cairo...
2026-01-29 16:27:20,119 | INFO |    ✅ Azzar New Cairo
2026-01-29 16:27:20,261 | INFO | ➕ Inserted new compound: Azzar New Cairo
2026-01-29 16:27:20,262 | INFO |    💾 Saved to MongoDB
2026-01-29 16:27:25,418 | INFO | [32/1348] Scraping: https://www.nawy.com/compound/167-capital-gardens
2026-01-29 16:27:25,418 | INFO | 📄 Navigating to: https://www.nawy.com/compound/167-capital-gardens...
2026-01-29 16:27:35,884 | INFO |    ✅ Capital Gardens
2026-01-29 16:27:36,023 | INFO | ➕ Inserted new compound: Capital Gardens
2026-01-29 16:27:36,024 | INFO |    💾 Saved to MongoDB
2026-01-29 16:27:41,781 | INFO | [33/1348] Scraping: https://www.nawy.com/compound/84-fouka-bay
2026-01-29 16:27:41,782 | INFO | 📄 Navigating to: https://www.nawy.com/compound/84-fouka-bay...
2026-01-29 16:27:52,240 | INFO |    ✅ Fouka Bay
2026-01-29 16:27:52,381 | INFO | ➕ Inserted new compound: Fouka Bay
2026-01-29 16:27:52,382 | INFO |    💾 Saved to MongoDB
2026-01-29 16:27:56,019 | INFO | [34/1348] Scraping: https://www.nawy.com/compound/423-mountain-view-chillout-park
2026-01-29 16:27:56,020 | INFO | 📄 Navigating to: https://www.nawy.com/compound/423-mountain-view-chillout-park...
2026-01-29 16:28:20,281 | INFO |    ✅ Mountain View Chillout Park
2026-01-29 16:28:20,423 | INFO | ➕ Inserted new compound: Mountain View Chillout Park
2026-01-29 16:28:20,424 | INFO |    💾 Saved to MongoDB
2026-01-29 16:28:25,348 | INFO | [35/1348] Scraping: https://www.nawy.com/compound/13-el-patio-5-east
2026-01-29 16:28:25,348 | INFO | 📄 Navigating to: https://www.nawy.com/compound/13-el-patio-5-east...
2026-01-29 16:28:35,064 | INFO |    ✅ El Patio 5 East
2026-01-29 16:28:35,196 | INFO | ➕ Inserted new compound: El Patio 5 East
2026-01-29 16:28:35,198 | INFO |    💾 Saved to MongoDB
2026-01-29 16:28:40,200 | INFO | [36/1348] Scraping: https://www.nawy.com/compound/20-casa
2026-01-29 16:28:40,318 | INFO | 📄 Navigating to: https://www.nawy.com/compound/20-casa...
2026-01-29 16:28:53,269 | INFO |    ✅ Casa
2026-01-29 16:28:53,400 | INFO | ➕ Inserted new compound: Casa
2026-01-29 16:28:53,401 | INFO |    💾 Saved to MongoDB
2026-01-29 16:28:56,825 | INFO | [37/1348] Scraping: https://www.nawy.com/compound/19-beverly-hills
2026-01-29 16:28:56,825 | INFO | 📄 Navigating to: https://www.nawy.com/compound/19-beverly-hills...
2026-01-29 16:29:10,960 | INFO |    ✅ Beverly Hills
2026-01-29 16:29:11,095 | INFO | ➕ Inserted new compound: Beverly Hills
2026-01-29 16:29:11,096 | INFO |    💾 Saved to MongoDB
2026-01-29 16:29:14,310 | INFO | [38/1348] Scraping: https://www.nawy.com/compound/229-atrio
2026-01-29 16:29:14,310 | INFO | 📄 Navigating to: https://www.nawy.com/compound/229-atrio...
2026-01-29 16:29:23,565 | INFO |    ✅ ATRIO
2026-01-29 16:29:23,703 | INFO | ➕ Inserted new compound: ATRIO
2026-01-29 16:29:23,704 | INFO |    💾 Saved to MongoDB
2026-01-29 16:29:27,195 | INFO | [39/1348] Scraping: https://www.nawy.com/compound/156-el-patio-casa
2026-01-29 16:29:27,195 | INFO | 📄 Navigating to: https://www.nawy.com/compound/156-el-patio-casa...
2026-01-29 16:29:40,048 | INFO |    ✅ El Patio Casa
2026-01-29 16:29:40,183 | INFO | ➕ Inserted new compound: El Patio Casa
2026-01-29 16:29:40,184 | INFO |    💾 Saved to MongoDB
2026-01-29 16:29:45,634 | INFO | [40/1348] Scraping: https://www.nawy.com/compound/205-azad
2026-01-29 16:29:45,634 | INFO | 📄 Navigating to: https://www.nawy.com/compound/205-azad...
2026-01-29 16:29:59,347 | INFO |    ✅ AZAD
2026-01-29 16:29:59,483 | INFO | ➕ Inserted new compound: AZAD
2026-01-29 16:29:59,483 | INFO |    💾 Saved to MongoDB
2026-01-29 16:30:04,128 | INFO | [41/1348] Scraping: https://www.nawy.com/compound/200-aeon-towers
2026-01-29 16:30:04,128 | INFO | 📄 Navigating to: https://www.nawy.com/compound/200-aeon-towers...
2026-01-29 16:30:15,710 | INFO |    ✅ AEON Towers
2026-01-29 16:30:15,848 | INFO | ➕ Inserted new compound: AEON Towers
2026-01-29 16:30:15,870 | INFO |    💾 Saved to MongoDB
2026-01-29 16:30:20,048 | INFO | [42/1348] Scraping: https://www.nawy.com/compound/318-la-vista-2
2026-01-29 16:30:20,048 | INFO | 📄 Navigating to: https://www.nawy.com/compound/318-la-vista-2...
2026-01-29 16:30:32,198 | INFO |    ✅ La Vista 2
2026-01-29 16:30:32,339 | INFO | ➕ Inserted new compound: La Vista 2
2026-01-29 16:30:32,340 | INFO |    💾 Saved to MongoDB
2026-01-29 16:30:38,188 | INFO | [43/1348] Scraping: https://www.nawy.com/compound/224-el-patio-prime
2026-01-29 16:30:38,192 | INFO | 📄 Navigating to: https://www.nawy.com/compound/224-el-patio-prime...
2026-01-29 16:30:46,704 | INFO |    ✅ El Patio Prime
2026-01-29 16:30:46,837 | INFO | ➕ Inserted new compound: El Patio Prime
2026-01-29 16:30:46,838 | INFO |    💾 Saved to MongoDB
2026-01-29 16:30:51,448 | INFO | [44/1348] Scraping: https://www.nawy.com/compound/410-stone-residence
2026-01-29 16:30:51,449 | INFO | 📄 Navigating to: https://www.nawy.com/compound/410-stone-residence...
2026-01-29 16:31:03,546 | INFO |    ✅ Stone Residence
2026-01-29 16:31:03,681 | INFO | ➕ Inserted new compound: Stone Residence
2026-01-29 16:31:03,682 | INFO |    💾 Saved to MongoDB
2026-01-29 16:31:09,236 | INFO | [45/1348] Scraping: https://www.nawy.com/compound/785-la-vista-4
2026-01-29 16:31:09,245 | INFO | 📄 Navigating to: https://www.nawy.com/compound/785-la-vista-4...
2026-01-29 16:31:30,770 | INFO |    ✅ LA Vista 4
2026-01-29 16:31:30,976 | INFO | ➕ Inserted new compound: LA Vista 4
2026-01-29 16:31:30,977 | INFO |    💾 Saved to MongoDB
2026-01-29 16:31:34,839 | INFO | [46/1348] Scraping: https://www.nawy.com/compound/401-green-3
2026-01-29 16:31:34,839 | INFO | 📄 Navigating to: https://www.nawy.com/compound/401-green-3...
2026-01-29 16:31:47,089 | INFO |    ✅ Green 3
2026-01-29 16:31:47,219 | INFO | ➕ Inserted new compound: Green 3
2026-01-29 16:31:47,220 | INFO |    💾 Saved to MongoDB
2026-01-29 16:31:53,122 | INFO | [47/1348] Scraping: https://www.nawy.com/compound/786-la-vista-5
2026-01-29 16:31:53,123 | INFO | 📄 Navigating to: https://www.nawy.com/compound/786-la-vista-5...
2026-01-29 16:32:00,893 | INFO |    ✅ LA Vista 5
2026-01-29 16:32:01,027 | INFO | ➕ Inserted new compound: LA Vista 5
2026-01-29 16:32:01,028 | INFO |    💾 Saved to MongoDB
2026-01-29 16:32:06,807 | INFO | [48/1348] Scraping: https://www.nawy.com/compound/15-el-patio-zahraa
2026-01-29 16:32:06,807 | INFO | 📄 Navigating to: https://www.nawy.com/compound/15-el-patio-zahraa...
2026-01-29 16:32:14,574 | INFO |    ✅ El Patio Zahraa
2026-01-29 16:32:14,707 | INFO | ➕ Inserted new compound: El Patio Zahraa
2026-01-29 16:32:14,707 | INFO |    💾 Saved to MongoDB
2026-01-29 16:32:19,816 | INFO | [49/1348] Scraping: https://www.nawy.com/compound/711-green-5
2026-01-29 16:32:19,818 | INFO | 📄 Navigating to: https://www.nawy.com/compound/711-green-5...
2026-01-29 16:32:32,502 | INFO |    ✅ Green 5
2026-01-29 16:32:32,638 | INFO | ➕ Inserted new compound: Green 5
2026-01-29 16:32:32,639 | INFO |    💾 Saved to MongoDB
2026-01-29 16:32:36,714 | INFO | [50/1348] Scraping: https://www.nawy.com/compound/264-la-vista-city
2026-01-29 16:32:36,716 | INFO | 📄 Navigating to: https://www.nawy.com/compound/264-la-vista-city...
2026-01-29 16:32:48,925 | INFO |    ✅ La Vista City
2026-01-29 16:32:49,063 | INFO | ➕ Inserted new compound: La Vista City
2026-01-29 16:32:49,064 | INFO |    💾 Saved to MongoDB
2026-01-29 16:32:52,539 | INFO | [51/1348] Scraping: https://www.nawy.com/compound/230-jedar
2026-01-29 16:32:52,539 | INFO | 📄 Navigating to: https://www.nawy.com/compound/230-jedar...
2026-01-29 16:33:11,256 | INFO |    ✅ JEDAR
2026-01-29 16:33:11,392 | INFO | ➕ Inserted new compound: JEDAR
2026-01-29 16:33:11,393 | INFO |    💾 Saved to MongoDB
2026-01-29 16:33:15,743 | INFO | [52/1348] Scraping: https://www.nawy.com/compound/697-la-vista-3
2026-01-29 16:33:15,743 | INFO | 📄 Navigating to: https://www.nawy.com/compound/697-la-vista-3...
2026-01-29 16:33:24,779 | INFO |    ✅ La Vista 3
2026-01-29 16:33:24,917 | INFO | ➕ Inserted new compound: La Vista 3
2026-01-29 16:33:24,917 | INFO |    💾 Saved to MongoDB
2026-01-29 16:33:30,185 | INFO | [53/1348] Scraping: https://www.nawy.com/compound/917-ivy
2026-01-29 16:33:30,185 | INFO | 📄 Navigating to: https://www.nawy.com/compound/917-ivy...
2026-01-29 16:34:00,336 | ERROR | ❌ Navigation error (attempt 1): Timeout 30000ms exceeded.
2026-01-29 16:34:00,337 | INFO | ⏳ Retrying in 3.5s...
2026-01-29 16:34:03,861 | INFO | 📄 Navigating to: https://www.nawy.com/compound/917-ivy...
2026-01-29 16:34:16,692 | INFO |    ✅ IVY
2026-01-29 16:34:16,841 | INFO | ➕ Inserted new compound: IVY
2026-01-29 16:34:16,843 | INFO |    💾 Saved to MongoDB
2026-01-29 16:34:21,262 | INFO | [54/1348] Scraping: https://www.nawy.com/compound/1101-greens
2026-01-29 16:34:21,262 | INFO | 📄 Navigating to: https://www.nawy.com/compound/1101-greens...
2026-01-29 16:34:38,923 | INFO |    ✅ Greens
2026-01-29 16:34:39,082 | INFO | ➕ Inserted new compound: Greens
2026-01-29 16:34:39,082 | INFO |    💾 Saved to MongoDB
2026-01-29 16:34:44,103 | INFO | [55/1348] Scraping: https://www.nawy.com/compound/71-la-vista-cascada
2026-01-29 16:34:44,104 | INFO | 📄 Navigating to: https://www.nawy.com/compound/71-la-vista-cascada...
2026-01-29 16:35:14,230 | ERROR | ❌ Navigation error (attempt 1): Timeout 30000ms exceeded.
2026-01-29 16:35:14,231 | INFO | ⏳ Retrying in 3.5s...
2026-01-29 16:35:17,699 | INFO | 📄 Navigating to: https://www.nawy.com/compound/71-la-vista-cascada...
2026-01-29 16:35:24,790 | INFO |    ✅ La Vista Cascada
2026-01-29 16:35:24,924 | INFO | ➕ Inserted new compound: La Vista Cascada
2026-01-29 16:35:24,924 | INFO |    💾 Saved to MongoDB
2026-01-29 16:35:28,662 | INFO | [56/1348] Scraping: https://www.nawy.com/compound/283-jayd
2026-01-29 16:35:28,663 | INFO | 📄 Navigating to: https://www.nawy.com/compound/283-jayd...
2026-01-29 16:35:52,431 | INFO |    ✅ Jayd
2026-01-29 16:35:52,564 | INFO | ➕ Inserted new compound: Jayd
2026-01-29 16:35:52,564 | INFO |    💾 Saved to MongoDB
2026-01-29 16:35:57,291 | INFO | [57/1348] Scraping: https://www.nawy.com/compound/308-la-vista-7
2026-01-29 16:35:57,292 | INFO | 📄 Navigating to: https://www.nawy.com/compound/308-la-vista-7...
2026-01-29 16:36:09,088 | INFO |    ✅ La Vista 7
2026-01-29 16:36:09,219 | INFO | ➕ Inserted new compound: La Vista 7
2026-01-29 16:36:09,220 | INFO |    💾 Saved to MongoDB
2026-01-29 16:36:14,133 | INFO | [58/1348] Scraping: https://www.nawy.com/compound/12-lake-view-residence
2026-01-29 16:36:14,133 | INFO | 📄 Navigating to: https://www.nawy.com/compound/12-lake-view-residence...
2026-01-29 16:36:26,562 | INFO |    ✅ Lake View Residence
2026-01-29 16:36:26,720 | INFO | ➕ Inserted new compound: Lake View Residence
2026-01-29 16:36:26,721 | INFO |    💾 Saved to MongoDB
2026-01-29 16:36:30,367 | INFO | [59/1348] Scraping: https://www.nawy.com/compound/30-westown-residences
2026-01-29 16:36:30,387 | INFO | 📄 Navigating to: https://www.nawy.com/compound/30-westown-residences...
2026-01-29 16:36:44,115 | INFO |    ✅ Westown Residences
2026-01-29 16:36:44,750 | INFO | ➕ Inserted new compound: Westown Residences
2026-01-29 16:36:44,750 | INFO |    💾 Saved to MongoDB
2026-01-29 16:36:47,804 | INFO | [60/1348] Scraping: https://www.nawy.com/compound/16-la-vista-gardens
2026-01-29 16:36:47,805 | INFO | 📄 Navigating to: https://www.nawy.com/compound/16-la-vista-gardens...
2026-01-29 16:37:03,210 | ERROR | Error
Traceback (most recent call last):
  File "E:\StudioProjects\SemsAi\nawy-scraper\scrape_smart.py", line 135, in scrape_missing_from_mongodb
    compound_data = await scraper._scrape_compound_detail(url)
                    ^^^^^^^^^^^^^^^^^^^^^^^^^^^^^^^^^^^^^^^^^^
  File "E:\StudioProjects\SemsAi\nawy-scraper\scrapers\compound_scraper.py", line 300, in _scrape_compound_detail
    if not await self.safe_goto(url):
           ^^^^^^^^^^^^^^^^^^^^^^^^^
  File "E:\StudioProjects\SemsAi\nawy-scraper\scrapers\base_scraper.py", line 148, in safe_goto
    response = await self.page.goto(
               ^^^^^^^^^^^^^^^^^^^^^
  File "C:\Users\Youssef\AppData\Roaming\Python\Python312\site-packages\playwright\async_api\_generated.py", line 9260, in goto
    await self._impl_obj.goto(
  File "C:\Users\Youssef\AppData\Roaming\Python\Python312\site-packages\playwright\_impl\_page.py", line 475, in goto
    return await self._main_frame.goto(**locals_to_params(locals()))
           ^^^^^^^^^^^^^^^^^^^^^^^^^^^^^^^^^^^^^^^^^^^^^^^^^^^^^^^^^
  File "C:\Users\Youssef\AppData\Roaming\Python\Python312\site-packages\playwright\_impl\_frame.py", line 139, in goto
    await self._channel.send("goto", locals_to_params(locals()))
  File "C:\Users\Youssef\AppData\Roaming\Python\Python312\site-packages\playwright\_impl\_connection.py", line 62, in send
    return await self._connection.wrap_api_call(
           ^^^^^^^^^^^^^^^^^^^^^^^^^^^^^^^^^^^^^
  File "C:\Users\Youssef\AppData\Roaming\Python\Python312\site-packages\playwright\_impl\_connection.py", line 492, in wrap_api_call
    return await cb()
           ^^^^^^^^^^
  File "C:\Users\Youssef\AppData\Roaming\Python\Python312\site-packages\playwright\_impl\_connection.py", line 91, in inner_send
    done, _ = await asyncio.wait(
              ^^^^^^^^^^^^^^^^^^^
  File "C:\Program Files\Python312\Lib\asyncio\tasks.py", line 464, in wait
    return await _wait(fs, timeout, return_when, loop)
           ^^^^^^^^^^^^^^^^^^^^^^^^^^^^^^^^^^^^^^^^^^^
  File "C:\Program Files\Python312\Lib\asyncio\tasks.py", line 550, in _wait
    await waiter
asyncio.exceptions.CancelledError

During handling of the above exception, another exception occurred:

Traceback (most recent call last):
  File "E:\StudioProjects\SemsAi\nawy-scraper\scrape_smart.py", line 197, in main
    compounds = asyncio.run(scrape_missing_from_mongodb())
                ^^^^^^^^^^^^^^^^^^^^^^^^^^^^^^^^^^^^^^^^^^
  File "C:\Program Files\Python312\Lib\asyncio\runners.py", line 194, in run
    return runner.run(main)
           ^^^^^^^^^^^^^^^^
  File "C:\Program Files\Python312\Lib\asyncio\runners.py", line 118, in run
    return self._loop.run_until_complete(task)
           ^^^^^^^^^^^^^^^^^^^^^^^^^^^^^^^^^^^
  File "C:\Program Files\Python312\Lib\asyncio\base_events.py", line 687, in run_until_complete
    return future.result()
           ^^^^^^^^^^^^^^^
  File "E:\StudioProjects\SemsAi\nawy-scraper\scrape_smart.py", line 175, in scrape_missing_from_mongodb
    await scraper.close()
  File "E:\StudioProjects\SemsAi\nawy-scraper\scrapers\base_scraper.py", line 107, in close
    await self.context.close()
  File "C:\Users\Youssef\AppData\Roaming\Python\Python312\site-packages\playwright\async_api\_generated.py", line 13758, in close
    return mapping.from_maybe_impl(await self._impl_obj.close(reason=reason))
                                   ^^^^^^^^^^^^^^^^^^^^^^^^^^^^^^^^^^^^^^^^^
  File "C:\Users\Youssef\AppData\Roaming\Python\Python312\site-packages\playwright\_impl\_browser_context.py", line 485, in close
    await self._channel.send("close", filter_none({"reason": reason}))
  File "C:\Users\Youssef\AppData\Roaming\Python\Python312\site-packages\playwright\_impl\_connection.py", line 62, in send
    return await self._connection.wrap_api_call(
           ^^^^^^^^^^^^^^^^^^^^^^^^^^^^^^^^^^^^^
  File "C:\Users\Youssef\AppData\Roaming\Python\Python312\site-packages\playwright\_impl\_connection.py", line 492, in wrap_api_call
    return await cb()
           ^^^^^^^^^^
  File "C:\Users\Youssef\AppData\Roaming\Python\Python312\site-packages\playwright\_impl\_connection.py", line 100, in inner_send
    result = next(iter(done)).result()
             ^^^^^^^^^^^^^^^^^^^^^^^^^
playwright._impl._errors.TargetClosedError: Target page, context or browser has been closed
2026-01-29 16:37:03,449 | INFO | 🔌 Disconnected from MongoDB
2026-01-29 16:37:11,599 | INFO | ✅ Connected to MongoDB: semsai
2026-01-29 16:37:42,908 | INFO | 🚀 Initializing browser...
2026-01-29 16:37:45,465 | INFO | ✅ Browser initialized (UA: Mozilla/5.0 (Windows NT 10.0; Win64; x64; rv:121.0...)
2026-01-29 16:37:45,469 | INFO | [1/1297] Scraping: https://www.nawy.com/compound/189-zizinia-gardens/property/16177-zizinia-new-cairo-villa-9-bedrooms-for-sale
2026-01-29 16:37:45,480 | INFO | 📄 Navigating to: https://www.nawy.com/compound/189-zizinia-gardens/property/16177-zizinia-new-cai...
2026-01-29 16:37:57,913 | INFO |    ✅ Unknown
2026-01-29 16:37:58,054 | INFO | 🔄 Updated compound: None
2026-01-29 16:37:58,055 | INFO |    💾 Saved to MongoDB
2026-01-29 16:38:01,746 | INFO | [2/1297] Scraping: https://www.nawy.com/compound/50-katameya-dunes/property/23564-town-house-for-sale-in-katameya-dunes-new-cairo
2026-01-29 16:38:01,746 | INFO | 📄 Navigating to: https://www.nawy.com/compound/50-katameya-dunes/property/23564-town-house-for-sa...
2026-01-29 16:38:13,287 | INFO |    ✅ Unknown
2026-01-29 16:38:13,411 | INFO | 🔄 Updated compound: None
2026-01-29 16:38:13,411 | INFO |    💾 Saved to MongoDB
2026-01-29 16:38:18,094 | INFO | [3/1297] Scraping: https://www.nawy.com/compound/776-marina-1/property/39193-villa-for-sale-in-marina-2-north-coast
2026-01-29 16:38:18,095 | INFO | 📄 Navigating to: https://www.nawy.com/compound/776-marina-1/property/39193-villa-for-sale-in-mari...
2026-01-29 16:38:30,147 | INFO |    ✅ Unknown
2026-01-29 16:38:30,271 | INFO | 🔄 Updated compound: None
2026-01-29 16:38:30,271 | INFO |    💾 Saved to MongoDB
2026-01-29 16:38:34,955 | INFO | [4/1297] Scraping: https://www.nawy.com/compound/405-marseilia-beach-3/property/53850-villa-for-sale-in-marseilia-beach-3
2026-01-29 16:38:34,955 | INFO | 📄 Navigating to: https://www.nawy.com/compound/405-marseilia-beach-3/property/53850-villa-for-sal...
2026-01-29 16:38:53,194 | INFO |    ✅ Unknown
2026-01-29 16:38:53,332 | INFO | 🔄 Updated compound: None
2026-01-29 16:38:53,332 | INFO |    💾 Saved to MongoDB
2026-01-29 16:38:58,147 | INFO | [5/1297] Scraping: https://www.nawy.com/compound/926-neopolis/property/55349-apartment-for-sale-in-neopolis-mostakbal-city
2026-01-29 16:38:58,147 | INFO | 📄 Navigating to: https://www.nawy.com/compound/926-neopolis/property/55349-apartment-for-sale-in-...
2026-01-29 16:39:07,448 | INFO |    ✅ Unknown
2026-01-29 16:39:07,580 | INFO | 🔄 Updated compound: None
2026-01-29 16:39:07,580 | INFO |    💾 Saved to MongoDB
2026-01-29 16:39:11,679 | INFO | [6/1297] Scraping: https://www.nawy.com/compound/972-the-wonder-marq/property/64956-villa-for-sale-in-the-wonder-marq
2026-01-29 16:39:11,680 | INFO | 📄 Navigating to: https://www.nawy.com/compound/972-the-wonder-marq/property/64956-villa-for-sale-...
2026-01-29 16:39:19,433 | INFO |    ✅ Unknown
2026-01-29 16:39:19,558 | INFO | 🔄 Updated compound: None
2026-01-29 16:39:19,558 | INFO |    💾 Saved to MongoDB
2026-01-29 16:39:23,243 | INFO | [7/1297] Scraping: https://www.nawy.com/compound/1212-mar-bay-ras-el-hekma
2026-01-29 16:39:23,244 | INFO | 📄 Navigating to: https://www.nawy.com/compound/1212-mar-bay-ras-el-hekma...
2026-01-29 16:39:35,186 | INFO |    ✅ Mar Bay - Ras El Hekma
2026-01-29 16:39:35,347 | INFO | ➕ Inserted new compound: Mar Bay - Ras El Hekma
2026-01-29 16:39:35,348 | INFO |    💾 Saved to MongoDB
2026-01-29 16:39:41,121 | INFO | [8/1297] Scraping: https://www.nawy.com/compound/1261-hacienda-waters
2026-01-29 16:39:41,123 | INFO | 📄 Navigating to: https://www.nawy.com/compound/1261-hacienda-waters...
2026-01-29 16:39:53,089 | INFO |    ✅ Hacienda Waters
2026-01-29 16:39:53,244 | INFO | ➕ Inserted new compound: Hacienda Waters
2026-01-29 16:39:53,244 | INFO |    💾 Saved to MongoDB
2026-01-29 16:39:58,822 | INFO | [9/1297] Scraping: https://www.nawy.com/compound/16-la-vista-gardens
2026-01-29 16:39:58,822 | INFO | 📄 Navigating to: https://www.nawy.com/compound/16-la-vista-gardens...
2026-01-29 16:40:11,207 | INFO |    ✅ La Vista Gardens
2026-01-29 16:40:11,357 | INFO | ➕ Inserted new compound: La Vista Gardens
2026-01-29 16:40:11,357 | INFO |    💾 Saved to MongoDB
2026-01-29 16:40:17,329 | INFO | [10/1297] Scraping: https://www.nawy.com/compound/87-telal-sokhna
2026-01-29 16:40:17,333 | INFO | 📄 Navigating to: https://www.nawy.com/compound/87-telal-sokhna...
2026-01-29 16:40:29,134 | INFO |    ✅ Telal Sokhna
2026-01-29 16:40:29,285 | INFO | ➕ Inserted new compound: Telal Sokhna
2026-01-29 16:40:29,286 | INFO |    💾 Saved to MongoDB
2026-01-29 16:40:34,109 | INFO | [11/1297] Scraping: https://www.nawy.com/compound/175-la-vista-ras-el-hekma
2026-01-29 16:40:34,113 | INFO | 📄 Navigating to: https://www.nawy.com/compound/175-la-vista-ras-el-hekma...
2026-01-29 16:40:50,122 | INFO |    ✅ La Vista Ras El Hekma
2026-01-29 16:40:50,276 | INFO | ➕ Inserted new compound: La Vista Ras El Hekma
2026-01-29 16:40:50,277 | INFO |    💾 Saved to MongoDB
2026-01-29 16:40:54,580 | INFO | [12/1297] Scraping: https://www.nawy.com/compound/7-mountain-view-hyde-park
2026-01-29 16:40:54,581 | INFO | 📄 Navigating to: https://www.nawy.com/compound/7-mountain-view-hyde-park...
2026-01-29 16:41:06,433 | INFO |    ✅ Mountain View Hyde Park
2026-01-29 16:41:06,591 | INFO | ➕ Inserted new compound: Mountain View Hyde Park
2026-01-29 16:41:06,591 | INFO |    💾 Saved to MongoDB
2026-01-29 16:41:10,622 | INFO | [13/1297] Scraping: https://www.nawy.com/compound/235-marina-marassi
2026-01-29 16:41:10,624 | INFO | 📄 Navigating to: https://www.nawy.com/compound/235-marina-marassi...
2026-01-29 16:41:20,097 | INFO |    ✅ Marina Marassi
2026-01-29 16:41:20,252 | INFO | ➕ Inserted new compound: Marina Marassi
2026-01-29 16:41:20,253 | INFO |    💾 Saved to MongoDB
2026-01-29 16:41:25,730 | INFO | [14/1297] Scraping: https://www.nawy.com/compound/647-porto-sokhna
2026-01-29 16:41:25,731 | INFO | 📄 Navigating to: https://www.nawy.com/compound/647-porto-sokhna...
2026-01-29 16:41:37,574 | INFO |    ✅ Porto Sokhna
2026-01-29 16:41:37,725 | INFO | ➕ Inserted new compound: Porto Sokhna
2026-01-29 16:41:37,725 | INFO |    💾 Saved to MongoDB
2026-01-29 16:41:42,754 | INFO | [15/1297] Scraping: https://www.nawy.com/compound/260-v-residences-by-villette
2026-01-29 16:41:42,754 | INFO | 📄 Navigating to: https://www.nawy.com/compound/260-v-residences-by-villette...
2026-01-29 16:42:00,635 | INFO |    ✅ V Residences By Villette
2026-01-29 16:42:00,783 | INFO | ➕ Inserted new compound: V Residences By Villette
2026-01-29 16:42:00,784 | INFO |    💾 Saved to MongoDB
2026-01-29 16:42:05,294 | INFO | [16/1297] Scraping: https://www.nawy.com/compound/45-mountain-view-ras-el-hekma
2026-01-29 16:42:05,302 | INFO | 📄 Navigating to: https://www.nawy.com/compound/45-mountain-view-ras-el-hekma...
2026-01-29 16:42:24,571 | INFO |    ✅ Mountain View Ras El Hekma
2026-01-29 16:42:24,724 | INFO | ➕ Inserted new compound: Mountain View Ras El Hekma
2026-01-29 16:42:24,725 | INFO |    💾 Saved to MongoDB
2026-01-29 16:42:28,176 | INFO | [17/1297] Scraping: https://www.nawy.com/compound/62-palm-hills-golf-extension
2026-01-29 16:42:28,176 | INFO | 📄 Navigating to: https://www.nawy.com/compound/62-palm-hills-golf-extension...
2026-01-29 16:42:40,237 | INFO |    ✅ Palm Hills Golf Extension
2026-01-29 16:42:40,398 | INFO | ➕ Inserted new compound: Palm Hills Golf Extension
2026-01-29 16:42:40,399 | INFO |    💾 Saved to MongoDB
2026-01-29 16:42:45,271 | INFO | [18/1297] Scraping: https://www.nawy.com/compound/171-the-greek-village-marassi
2026-01-29 16:42:45,272 | INFO | 📄 Navigating to: https://www.nawy.com/compound/171-the-greek-village-marassi...
2026-01-29 16:42:56,048 | INFO |    ✅ The Greek Village Marassi
2026-01-29 16:42:56,205 | INFO | ➕ Inserted new compound: The Greek Village Marassi
2026-01-29 16:42:56,205 | INFO |    💾 Saved to MongoDB
2026-01-29 16:43:00,888 | INFO | [19/1297] Scraping: https://www.nawy.com/compound/758-soul
2026-01-29 16:43:00,889 | INFO | 📄 Navigating to: https://www.nawy.com/compound/758-soul...
2026-01-29 16:43:13,980 | INFO |    ✅ Soul
2026-01-29 16:43:14,135 | INFO | ➕ Inserted new compound: Soul
2026-01-29 16:43:14,136 | INFO |    💾 Saved to MongoDB
2026-01-29 16:43:17,911 | INFO | [20/1297] Scraping: https://www.nawy.com/compound/299-madinaty
2026-01-29 16:43:17,911 | INFO | 📄 Navigating to: https://www.nawy.com/compound/299-madinaty...
2026-01-29 16:43:29,535 | INFO |    ✅ Madinaty
2026-01-29 16:43:29,688 | INFO | ➕ Inserted new compound: Madinaty
2026-01-29 16:43:29,689 | INFO |    💾 Saved to MongoDB
2026-01-29 16:43:34,419 | INFO | [21/1297] Scraping: https://www.nawy.com/compound/49-katameya-heights
2026-01-29 16:43:34,420 | INFO | 📄 Navigating to: https://www.nawy.com/compound/49-katameya-heights...
2026-01-29 16:43:44,313 | INFO |    ✅ Katameya Heights
2026-01-29 16:43:44,464 | INFO | ➕ Inserted new compound: Katameya Heights
2026-01-29 16:43:44,465 | INFO |    💾 Saved to MongoDB
2026-01-29 16:43:48,271 | INFO | [22/1297] Scraping: https://www.nawy.com/compound/70-hacienda-white
2026-01-29 16:43:48,275 | INFO | 📄 Navigating to: https://www.nawy.com/compound/70-hacienda-white...
2026-01-29 16:43:55,996 | INFO |    ✅ Hacienda White
2026-01-29 16:43:56,167 | INFO | ➕ Inserted new compound: Hacienda White
2026-01-29 16:43:56,167 | INFO |    💾 Saved to MongoDB
2026-01-29 16:44:00,188 | INFO | [23/1297] Scraping: https://www.nawy.com/compound/750-stella-sidi-abdelrahman
2026-01-29 16:44:00,189 | INFO | 📄 Navigating to: https://www.nawy.com/compound/750-stella-sidi-abdelrahman...
2026-01-29 16:44:18,556 | INFO |    ✅ Stella Sidi Abdelrahman
2026-01-29 16:44:18,703 | INFO | ➕ Inserted new compound: Stella Sidi Abdelrahman
2026-01-29 16:44:18,704 | INFO |    💾 Saved to MongoDB
2026-01-29 16:44:23,671 | INFO | [24/1297] Scraping: https://www.nawy.com/compound/541-almaza-bay
2026-01-29 16:44:23,671 | INFO | 📄 Navigating to: https://www.nawy.com/compound/541-almaza-bay...
2026-01-29 16:44:40,534 | INFO |    ✅ Almaza Bay
2026-01-29 16:44:40,728 | INFO | ➕ Inserted new compound: Almaza Bay
2026-01-29 16:44:40,728 | INFO |    💾 Saved to MongoDB
2026-01-29 16:44:45,893 | INFO | [25/1297] Scraping: https://www.nawy.com/compound/50-katameya-dunes
2026-01-29 16:44:45,893 | INFO | 📄 Navigating to: https://www.nawy.com/compound/50-katameya-dunes...
2026-01-29 16:44:57,416 | INFO |    ✅ Katameya Dunes
2026-01-29 16:44:57,563 | INFO | ➕ Inserted new compound: Katameya Dunes
2026-01-29 16:44:57,563 | INFO |    💾 Saved to MongoDB
2026-01-29 16:45:03,373 | INFO | [26/1297] Scraping: https://www.nawy.com/compound/774-marina-6
2026-01-29 16:45:03,413 | INFO | 📄 Navigating to: https://www.nawy.com/compound/774-marina-6...
2026-01-29 16:45:33,572 | ERROR | ❌ Navigation error (attempt 1): Timeout 30000ms exceeded.
2026-01-29 16:45:33,572 | INFO | ⏳ Retrying in 3.0s...
2026-01-29 16:45:36,594 | INFO | 📄 Navigating to: https://www.nawy.com/compound/774-marina-6...
2026-01-29 16:46:06,718 | ERROR | ❌ Navigation error (attempt 2): Timeout 30000ms exceeded.
2026-01-29 16:46:06,719 | INFO | ⏳ Retrying in 3.3s...
2026-01-29 16:46:10,067 | INFO | 📄 Navigating to: https://www.nawy.com/compound/774-marina-6...
2026-01-29 16:46:40,189 | ERROR | ❌ Navigation error (attempt 3): Timeout 30000ms exceeded.
2026-01-29 16:46:40,189 | WARNING |    ❌ Failed to scrape
2026-01-29 16:46:43,978 | INFO | [27/1297] Scraping: https://www.nawy.com/compound/83-swanlake-north-coast
2026-01-29 16:46:43,979 | INFO | 📄 Navigating to: https://www.nawy.com/compound/83-swanlake-north-coast...
2026-01-29 16:46:58,190 | INFO |    ✅ Swanlake North Coast
2026-01-29 16:46:58,358 | INFO | ➕ Inserted new compound: Swanlake North Coast
2026-01-29 16:46:58,359 | INFO |    💾 Saved to MongoDB
2026-01-29 16:47:03,842 | INFO | [28/1297] Scraping: https://www.nawy.com/compound/42-lake-view
2026-01-29 16:47:03,843 | INFO | 📄 Navigating to: https://www.nawy.com/compound/42-lake-view...
2026-01-29 16:47:16,505 | INFO |    ✅ Lake View
2026-01-29 16:47:16,672 | INFO | ➕ Inserted new compound: Lake View
2026-01-29 16:47:16,673 | INFO |    💾 Saved to MongoDB
2026-01-29 16:47:20,391 | INFO | [29/1297] Scraping: https://www.nawy.com/compound/225-la-vista-topaz
2026-01-29 16:47:20,414 | INFO | 📄 Navigating to: https://www.nawy.com/compound/225-la-vista-topaz...
2026-01-29 16:47:32,463 | INFO |    ✅ La Vista Topaz
2026-01-29 16:47:32,632 | INFO | ➕ Inserted new compound: La Vista Topaz
2026-01-29 16:47:32,659 | INFO |    💾 Saved to MongoDB
2026-01-29 16:47:35,883 | INFO | [30/1297] Scraping: https://www.nawy.com/compound/166-the-crown
2026-01-29 16:47:35,883 | INFO | 📄 Navigating to: https://www.nawy.com/compound/166-the-crown...
2026-01-29 16:47:48,578 | INFO |    ✅ The Crown
2026-01-29 16:47:48,733 | INFO | ➕ Inserted new compound: The Crown
2026-01-29 16:47:48,734 | INFO |    💾 Saved to MongoDB
2026-01-29 16:47:53,355 | INFO | [31/1297] Scraping: https://www.nawy.com/compound/31-the-courtyards
2026-01-29 16:47:53,356 | INFO | 📄 Navigating to: https://www.nawy.com/compound/31-the-courtyards...
2026-01-29 16:48:04,243 | INFO |    ✅ The Courtyards
2026-01-29 16:48:04,392 | INFO | ➕ Inserted new compound: The Courtyards
2026-01-29 16:48:04,393 | INFO |    💾 Saved to MongoDB
2026-01-29 16:48:08,386 | INFO | [32/1297] Scraping: https://www.nawy.com/compound/451-mountain-view-executive-residence--katameya
2026-01-29 16:48:08,387 | INFO | 📄 Navigating to: https://www.nawy.com/compound/451-mountain-view-executive-residence--katameya...
2026-01-29 16:48:20,820 | INFO |    ✅ Mountain View Executive Residence Katameya
2026-01-29 16:48:20,979 | INFO | ➕ Inserted new compound: Mountain View Executive Residence Katameya
2026-01-29 16:48:20,980 | INFO |    💾 Saved to MongoDB
2026-01-29 16:48:24,168 | INFO | [33/1297] Scraping: https://www.nawy.com/compound/187-cairo-festival-city
2026-01-29 16:48:24,168 | INFO | 📄 Navigating to: https://www.nawy.com/compound/187-cairo-festival-city...
2026-01-29 16:48:37,729 | INFO |    ✅ Cairo Festival City
2026-01-29 16:48:37,901 | INFO | ➕ Inserted new compound: Cairo Festival City
2026-01-29 16:48:37,901 | INFO |    💾 Saved to MongoDB
2026-01-29 16:48:42,096 | INFO | [34/1297] Scraping: https://www.nawy.com/compound/1708-golf-views
2026-01-29 16:48:42,096 | INFO | 📄 Navigating to: https://www.nawy.com/compound/1708-golf-views...
2026-01-29 16:48:55,463 | INFO |    ✅ Golf Views
2026-01-29 16:48:55,613 | INFO | ➕ Inserted new compound: Golf Views
2026-01-29 16:48:55,613 | INFO |    💾 Saved to MongoDB
2026-01-29 16:49:01,253 | INFO | [35/1297] Scraping: https://www.nawy.com/compound/56-palm-hills-katameya-extension-(pk2)
2026-01-29 16:49:01,254 | INFO | 📄 Navigating to: https://www.nawy.com/compound/56-palm-hills-katameya-extension-(pk2)...
2026-01-29 16:49:14,258 | INFO |    ✅ Palm Hills Katameya Extension (PK2)
2026-01-29 16:49:14,470 | INFO | ➕ Inserted new compound: Palm Hills Katameya Extension (PK2)
2026-01-29 16:49:14,472 | INFO |    💾 Saved to MongoDB
2026-01-29 16:49:19,129 | INFO | [36/1297] Scraping: https://www.nawy.com/compound/17-la-vista-bay
2026-01-29 16:49:19,129 | INFO | 📄 Navigating to: https://www.nawy.com/compound/17-la-vista-bay...
2026-01-29 16:49:27,919 | INFO |    ✅ La Vista Bay
2026-01-29 16:49:28,088 | INFO | ➕ Inserted new compound: La Vista Bay
2026-01-29 16:49:28,090 | INFO |    💾 Saved to MongoDB
2026-01-29 16:49:31,304 | INFO | [37/1297] Scraping: https://www.nawy.com/compound/4-uptown-cairo
2026-01-29 16:49:31,304 | INFO | 📄 Navigating to: https://www.nawy.com/compound/4-uptown-cairo...
2026-01-29 16:49:43,541 | INFO |    ✅ Uptown Cairo
2026-01-29 16:49:43,696 | INFO | ➕ Inserted new compound: Uptown Cairo
2026-01-29 16:49:43,696 | INFO |    💾 Saved to MongoDB
2026-01-29 16:49:47,532 | INFO | [38/1297] Scraping: https://www.nawy.com/compound/477-stone-park
2026-01-29 16:49:47,534 | INFO | 📄 Navigating to: https://www.nawy.com/compound/477-stone-park...
2026-01-29 16:50:02,376 | INFO |    ✅ Stone Park
2026-01-29 16:50:02,598 | INFO | ➕ Inserted new compound: Stone Park
2026-01-29 16:50:02,615 | INFO |    💾 Saved to MongoDB
2026-01-29 16:50:07,919 | INFO | [39/1297] Scraping: https://www.nawy.com/compound/6-mivida
2026-01-29 16:50:07,919 | INFO | 📄 Navigating to: https://www.nawy.com/compound/6-mivida...
2026-01-29 16:50:22,257 | INFO |    ✅ Mivida
2026-01-29 16:50:22,409 | INFO | ➕ Inserted new compound: Mivida
2026-01-29 16:50:22,410 | INFO |    💾 Saved to MongoDB
2026-01-29 16:50:26,961 | INFO | [40/1297] Scraping: https://www.nawy.com/compound/23-villette
2026-01-29 16:50:26,961 | INFO | 📄 Navigating to: https://www.nawy.com/compound/23-villette...
2026-01-29 16:50:47,390 | INFO |    ✅ Villette
2026-01-29 16:50:47,574 | INFO | ➕ Inserted new compound: Villette
2026-01-29 16:50:47,600 | INFO |    💾 Saved to MongoDB
2026-01-29 16:50:51,961 | INFO | [41/1297] Scraping: https://www.nawy.com/compound/591-marina-4
2026-01-29 16:50:51,961 | INFO | 📄 Navigating to: https://www.nawy.com/compound/591-marina-4...
2026-01-29 16:51:00,960 | INFO |    ✅ Marina 4
2026-01-29 16:51:01,103 | INFO | ➕ Inserted new compound: Marina 4
2026-01-29 16:51:01,103 | INFO |    💾 Saved to MongoDB
2026-01-29 16:51:04,299 | INFO | [42/1297] Scraping: https://www.nawy.com/compound/278-swanlake-residences
2026-01-29 16:51:04,300 | INFO | 📄 Navigating to: https://www.nawy.com/compound/278-swanlake-residences...
2026-01-29 16:51:16,260 | INFO |    ✅ Swanlake Residences
2026-01-29 16:51:16,455 | INFO | ➕ Inserted new compound: Swanlake Residences
2026-01-29 16:51:16,455 | INFO |    💾 Saved to MongoDB
2026-01-29 16:51:22,140 | INFO | [43/1297] Scraping: https://www.nawy.com/compound/931-205-arkan-palm
2026-01-29 16:51:22,159 | INFO | 📄 Navigating to: https://www.nawy.com/compound/931-205-arkan-palm...
2026-01-29 16:51:35,086 | INFO |    ✅ 205 Arkan Palm
2026-01-29 16:51:35,260 | INFO | ➕ Inserted new compound: 205 Arkan Palm
2026-01-29 16:51:35,264 | INFO |    💾 Saved to MongoDB
2026-01-29 16:51:41,163 | INFO | [44/1297] Scraping: https://www.nawy.com/compound/249-layan
2026-01-29 16:51:41,166 | INFO | 📄 Navigating to: https://www.nawy.com/compound/249-layan...
2026-01-29 16:51:52,937 | INFO |    ✅ Layan
2026-01-29 16:51:53,095 | INFO | ➕ Inserted new compound: Layan
2026-01-29 16:51:53,095 | INFO |    💾 Saved to MongoDB
2026-01-29 16:51:57,048 | INFO | [45/1297] Scraping: https://www.nawy.com/compound/391-village-west
2026-01-29 16:51:57,048 | INFO | 📄 Navigating to: https://www.nawy.com/compound/391-village-west...
2026-01-29 16:52:08,878 | INFO |    ✅ Village West
2026-01-29 16:52:09,037 | INFO | ➕ Inserted new compound: Village West
2026-01-29 16:52:09,038 | INFO |    💾 Saved to MongoDB
2026-01-29 16:52:13,968 | INFO | [46/1297] Scraping: https://www.nawy.com/compound/151-pyramid-hills
2026-01-29 16:52:13,970 | INFO | 📄 Navigating to: https://www.nawy.com/compound/151-pyramid-hills...
2026-01-29 16:52:22,636 | INFO |    ✅ Pyramid Hills
2026-01-29 16:52:22,793 | INFO | ➕ Inserted new compound: Pyramid Hills
2026-01-29 16:52:22,794 | INFO |    💾 Saved to MongoDB
2026-01-29 16:52:27,727 | INFO | [47/1297] Scraping: https://www.nawy.com/compound/754-ninety-avenue
2026-01-29 16:52:27,738 | INFO | 📄 Navigating to: https://www.nawy.com/compound/754-ninety-avenue...
2026-01-29 16:52:48,840 | INFO |    ✅ Ninety Avenue
2026-01-29 16:52:48,999 | INFO | ➕ Inserted new compound: Ninety Avenue
2026-01-29 16:52:49,004 | INFO |    💾 Saved to MongoDB
2026-01-29 16:52:54,474 | INFO | [48/1297] Scraping: https://www.nawy.com/compound/1007-marina-2
2026-01-29 16:52:54,475 | INFO | 📄 Navigating to: https://www.nawy.com/compound/1007-marina-2...
2026-01-29 16:53:06,648 | INFO |    ✅ Marina 2
2026-01-29 16:53:06,804 | INFO | ➕ Inserted new compound: Marina 2
2026-01-29 16:53:06,806 | INFO |    💾 Saved to MongoDB
2026-01-29 16:53:10,670 | INFO | [49/1297] Scraping: https://www.nawy.com/compound/145-october-plaza
2026-01-29 16:53:10,670 | INFO | 📄 Navigating to: https://www.nawy.com/compound/145-october-plaza...
2026-01-29 16:53:23,356 | INFO |    ✅ October Plaza
2026-01-29 16:53:23,516 | INFO | ➕ Inserted new compound: October Plaza
2026-01-29 16:53:23,516 | INFO |    💾 Saved to MongoDB
2026-01-29 16:53:27,877 | INFO | [50/1297] Scraping: https://www.nawy.com/compound/635-green-6
2026-01-29 16:53:27,877 | INFO | 📄 Navigating to: https://www.nawy.com/compound/635-green-6...
2026-01-29 16:53:58,003 | ERROR | ❌ Navigation error (attempt 1): Timeout 30000ms exceeded.
2026-01-29 16:53:58,013 | INFO | ⏳ Retrying in 3.0s...
2026-01-29 16:54:01,064 | INFO | 📄 Navigating to: https://www.nawy.com/compound/635-green-6...
2026-01-29 16:54:31,195 | ERROR | ❌ Navigation error (attempt 2): Timeout 30000ms exceeded.
2026-01-29 16:54:31,196 | INFO | ⏳ Retrying in 4.2s...
2026-01-29 16:54:35,379 | INFO | 📄 Navigating to: https://www.nawy.com/compound/635-green-6...
2026-01-29 16:54:47,030 | INFO |    ✅ Green 6
2026-01-29 16:54:47,218 | INFO | ➕ Inserted new compound: Green 6
2026-01-29 16:54:47,219 | INFO |    💾 Saved to MongoDB
2026-01-29 16:54:50,261 | INFO | [51/1297] Scraping: https://www.nawy.com/compound/57-the-village-gate
2026-01-29 16:54:50,263 | INFO | 📄 Navigating to: https://www.nawy.com/compound/57-the-village-gate...
2026-01-29 16:55:18,342 | INFO |    ✅ The Village Gate
2026-01-29 16:55:18,495 | INFO | ➕ Inserted new compound: The Village Gate
2026-01-29 16:55:18,495 | INFO |    💾 Saved to MongoDB
2026-01-29 16:55:21,968 | INFO | [52/1297] Scraping: https://www.nawy.com/compound/850-tala
2026-01-29 16:55:21,968 | INFO | 📄 Navigating to: https://www.nawy.com/compound/850-tala...
2026-01-29 16:55:52,090 | ERROR | ❌ Navigation error (attempt 1): Timeout 30000ms exceeded.
2026-01-29 16:55:52,091 | INFO | ⏳ Retrying in 3.2s...
2026-01-29 16:55:55,324 | INFO | 📄 Navigating to: https://www.nawy.com/compound/850-tala...
2026-01-29 16:56:25,452 | ERROR | ❌ Navigation error (attempt 2): Timeout 30000ms exceeded.
2026-01-29 16:56:25,453 | INFO | ⏳ Retrying in 4.2s...
2026-01-29 16:56:29,658 | INFO | 📄 Navigating to: https://www.nawy.com/compound/850-tala...
2026-01-29 16:56:59,776 | ERROR | ❌ Navigation error (attempt 3): Timeout 30000ms exceeded.
2026-01-29 16:56:59,776 | WARNING |    ❌ Failed to scrape
2026-01-29 16:57:04,066 | INFO | [53/1297] Scraping: https://www.nawy.com/compound/1180-porto-marina
2026-01-29 16:57:04,067 | INFO | 📄 Navigating to: https://www.nawy.com/compound/1180-porto-marina...
2026-01-29 16:57:34,193 | ERROR | ❌ Navigation error (attempt 1): Timeout 30000ms exceeded.
2026-01-29 16:57:34,194 | INFO | ⏳ Retrying in 2.4s...
2026-01-29 16:57:36,635 | INFO | 📄 Navigating to: https://www.nawy.com/compound/1180-porto-marina...
2026-01-29 16:57:53,412 | INFO |    ✅ Porto Marina
2026-01-29 16:57:53,567 | INFO | ➕ Inserted new compound: Porto Marina
2026-01-29 16:57:53,567 | INFO |    💾 Saved to MongoDB
2026-01-29 16:57:58,130 | INFO | [54/1297] Scraping: https://www.nawy.com/compound/649-tag-sultan
2026-01-29 16:57:58,143 | INFO | 📄 Navigating to: https://www.nawy.com/compound/649-tag-sultan...
2026-01-29 16:58:19,259 | INFO |    ✅ Tag Sultan
2026-01-29 16:58:19,415 | INFO | ➕ Inserted new compound: Tag Sultan
2026-01-29 16:58:19,416 | INFO |    💾 Saved to MongoDB
2026-01-29 16:58:23,642 | INFO | [55/1297] Scraping: https://www.nawy.com/compound/776-marina-1
2026-01-29 16:58:23,643 | INFO | 📄 Navigating to: https://www.nawy.com/compound/776-marina-1...
2026-01-29 16:58:39,791 | INFO |    ✅ Marina 1
2026-01-29 16:58:39,945 | INFO | ➕ Inserted new compound: Marina 1
2026-01-29 16:58:39,945 | INFO |    💾 Saved to MongoDB
2026-01-29 16:58:44,128 | INFO | [56/1297] Scraping: https://www.nawy.com/compound/60-the-village
2026-01-29 16:58:44,131 | INFO | 📄 Navigating to: https://www.nawy.com/compound/60-the-village...
2026-01-29 16:59:06,417 | INFO |    ✅ The Village
2026-01-29 16:59:06,565 | INFO | ➕ Inserted new compound: The Village
2026-01-29 16:59:06,566 | INFO |    💾 Saved to MongoDB
2026-01-29 16:59:10,147 | INFO | [57/1297] Scraping: https://www.nawy.com/compound/65-woodville
2026-01-29 16:59:10,148 | INFO | 📄 Navigating to: https://www.nawy.com/compound/65-woodville...
2026-01-29 16:59:40,264 | ERROR | ❌ Navigation error (attempt 1): Timeout 30000ms exceeded.
2026-01-29 16:59:40,264 | INFO | ⏳ Retrying in 3.5s...
2026-01-29 16:59:43,788 | INFO | 📄 Navigating to: https://www.nawy.com/compound/65-woodville...
2026-01-29 17:00:13,912 | ERROR | ❌ Navigation error (attempt 2): Timeout 30000ms exceeded.
2026-01-29 17:00:13,913 | INFO | ⏳ Retrying in 5.0s...
2026-01-29 17:00:18,879 | INFO | 📄 Navigating to: https://www.nawy.com/compound/65-woodville...
2026-01-29 17:00:36,123 | INFO |    ✅ Woodville
2026-01-29 17:00:36,324 | INFO | ➕ Inserted new compound: Woodville
2026-01-29 17:00:36,324 | INFO |    💾 Saved to MongoDB
2026-01-29 17:00:40,124 | INFO | [58/1297] Scraping: https://www.nawy.com/compound/310-the-estates
2026-01-29 17:00:40,130 | INFO | 📄 Navigating to: https://www.nawy.com/compound/310-the-estates...
2026-01-29 17:01:01,573 | INFO |    ✅ The Estates
2026-01-29 17:01:01,727 | INFO | ➕ Inserted new compound: The Estates
2026-01-29 17:01:01,728 | INFO |    💾 Saved to MongoDB
2026-01-29 17:01:07,696 | INFO | [59/1297] Scraping: https://www.nawy.com/compound/69-palm-valley
2026-01-29 17:01:07,707 | INFO | 📄 Navigating to: https://www.nawy.com/compound/69-palm-valley...
2026-01-29 17:01:37,837 | ERROR | ❌ Navigation error (attempt 1): Timeout 30000ms exceeded.
2026-01-29 17:01:37,837 | INFO | ⏳ Retrying in 2.9s...
2026-01-29 17:01:40,711 | INFO | 📄 Navigating to: https://www.nawy.com/compound/69-palm-valley...
2026-01-29 17:02:10,833 | ERROR | ❌ Navigation error (attempt 2): Timeout 30000ms exceeded.
2026-01-29 17:02:10,835 | INFO | ⏳ Retrying in 3.5s...
2026-01-29 17:02:14,377 | INFO | 📄 Navigating to: https://www.nawy.com/compound/69-palm-valley...
2026-01-29 17:02:26,919 | INFO |    ✅ Palm Valley
2026-01-29 17:02:27,069 | INFO | ➕ Inserted new compound: Palm Valley
2026-01-29 17:02:27,069 | INFO |    💾 Saved to MongoDB
2026-01-29 17:02:32,671 | INFO | [60/1297] Scraping: https://www.nawy.com/compound/44-zayed-dunes
2026-01-29 17:02:32,671 | INFO | 📄 Navigating to: https://www.nawy.com/compound/44-zayed-dunes...
2026-01-29 17:02:57,396 | INFO |    ✅ Zayed Dunes
2026-01-29 17:02:57,546 | INFO | ➕ Inserted new compound: Zayed Dunes
2026-01-29 17:02:57,547 | INFO |    💾 Saved to MongoDB
2026-01-29 17:03:02,973 | INFO | [61/1297] Scraping: https://www.nawy.com/compound/10-mountain-view-october-park
2026-01-29 17:03:02,974 | INFO | 📄 Navigating to: https://www.nawy.com/compound/10-mountain-view-october-park...
2026-01-29 17:03:33,096 | ERROR | ❌ Navigation error (attempt 1): Timeout 30000ms exceeded.
2026-01-29 17:03:33,098 | INFO | ⏳ Retrying in 3.3s...
2026-01-29 17:03:36,404 | INFO | 📄 Navigating to: https://www.nawy.com/compound/10-mountain-view-october-park...
2026-01-29 17:04:06,519 | ERROR | ❌ Navigation error (attempt 2): Timeout 30000ms exceeded.
2026-01-29 17:04:06,520 | INFO | ⏳ Retrying in 3.2s...
2026-01-29 17:04:09,704 | INFO | 📄 Navigating to: https://www.nawy.com/compound/10-mountain-view-october-park...
2026-01-29 17:04:39,830 | ERROR | ❌ Navigation error (attempt 3): Timeout 30000ms exceeded.
2026-01-29 17:04:39,830 | WARNING |    ❌ Failed to scrape
2026-01-29 17:04:44,213 | INFO | [62/1297] Scraping: https://www.nawy.com/compound/11-the-waterway-new-cairo
2026-01-29 17:04:44,214 | INFO | 📄 Navigating to: https://www.nawy.com/compound/11-the-waterway-new-cairo...
2026-01-29 17:05:14,352 | ERROR | ❌ Navigation error (attempt 1): Timeout 30000ms exceeded.
2026-01-29 17:05:14,353 | INFO | ⏳ Retrying in 3.7s...
2026-01-29 17:05:18,032 | INFO | 📄 Navigating to: https://www.nawy.com/compound/11-the-waterway-new-cairo...
2026-01-29 17:05:48,152 | ERROR | ❌ Navigation error (attempt 2): Timeout 30000ms exceeded.
2026-01-29 17:05:48,152 | INFO | ⏳ Retrying in 3.3s...
2026-01-29 17:05:51,504 | INFO | 📄 Navigating to: https://www.nawy.com/compound/11-the-waterway-new-cairo...
2026-01-29 17:06:05,179 | INFO |    ✅ The Waterway - New Cairo
2026-01-29 17:06:05,330 | INFO | ➕ Inserted new compound: The Waterway - New Cairo
2026-01-29 17:06:05,331 | INFO |    💾 Saved to MongoDB
2026-01-29 17:06:10,280 | INFO | [63/1297] Scraping: https://www.nawy.com/compound/14-el-patio-7
2026-01-29 17:06:10,280 | INFO | 📄 Navigating to: https://www.nawy.com/compound/14-el-patio-7...
2026-01-29 17:06:34,410 | INFO |    ✅ El Patio 7
2026-01-29 17:06:34,554 | INFO | ➕ Inserted new compound: El Patio 7
2026-01-29 17:06:34,555 | INFO |    💾 Saved to MongoDB
2026-01-29 17:06:39,693 | INFO | [64/1297] Scraping: https://www.nawy.com/compound/22-eastown-residence
2026-01-29 17:06:39,694 | INFO | 📄 Navigating to: https://www.nawy.com/compound/22-eastown-residence...
2026-01-29 17:06:56,089 | INFO |    ✅ Eastown Residence
2026-01-29 17:06:56,239 | INFO | ➕ Inserted new compound: Eastown Residence
2026-01-29 17:06:56,239 | INFO |    💾 Saved to MongoDB
2026-01-29 17:06:59,366 | INFO | [65/1297] Scraping: https://www.nawy.com/compound/26-forty-west-phase-i
2026-01-29 17:06:59,367 | INFO | 📄 Navigating to: https://www.nawy.com/compound/26-forty-west-phase-i...
2026-01-29 17:07:14,526 | INFO |    ✅ Forty West Phase I
2026-01-29 17:07:14,681 | INFO | ➕ Inserted new compound: Forty West Phase I
2026-01-29 17:07:14,681 | INFO |    💾 Saved to MongoDB
2026-01-29 17:07:19,158 | INFO | [66/1297] Scraping: https://www.nawy.com/compound/27-the-polygon
2026-01-29 17:07:19,159 | INFO | 📄 Navigating to: https://www.nawy.com/compound/27-the-polygon...
2026-01-29 17:07:49,291 | ERROR | ❌ Navigation error (attempt 1): Timeout 30000ms exceeded.
2026-01-29 17:07:49,293 | INFO | ⏳ Retrying in 2.4s...
2026-01-29 17:07:51,742 | INFO | 📄 Navigating to: https://www.nawy.com/compound/27-the-polygon...
2026-01-29 17:08:21,871 | ERROR | ❌ Navigation error (attempt 2): Timeout 30000ms exceeded.
2026-01-29 17:08:21,874 | INFO | ⏳ Retrying in 4.6s...
2026-01-29 17:08:26,441 | INFO | 📄 Navigating to: https://www.nawy.com/compound/27-the-polygon...
2026-01-29 17:08:56,569 | ERROR | ❌ Navigation error (attempt 3): Timeout 30000ms exceeded.
2026-01-29 17:08:56,570 | WARNING |    ❌ Failed to scrape
2026-01-29 17:09:00,203 | INFO | [67/1297] Scraping: https://www.nawy.com/compound/28-the-strip-[-commercial-]
2026-01-29 17:09:00,214 | INFO | 📄 Navigating to: https://www.nawy.com/compound/28-the-strip-[-commercial-]...
2026-01-29 17:09:26,728 | INFO |    ✅ The Strip [ Commercial ]
2026-01-29 17:09:26,929 | INFO | ➕ Inserted new compound: The Strip [ Commercial ]
2026-01-29 17:09:26,946 | INFO |    💾 Saved to MongoDB
2026-01-29 17:09:32,697 | INFO | [68/1297] Scraping: https://www.nawy.com/compound/29-westown-hub
2026-01-29 17:09:32,697 | INFO | 📄 Navigating to: https://www.nawy.com/compound/29-westown-hub...
2026-01-29 17:09:51,113 | INFO |    ✅ Westown Hub
2026-01-29 17:09:51,283 | INFO | ➕ Inserted new compound: Westown Hub
2026-01-29 17:09:51,290 | INFO |    💾 Saved to MongoDB
2026-01-29 17:09:57,006 | INFO | [69/1297] Scraping: https://www.nawy.com/compound/33-g-cribs
2026-01-29 17:09:57,006 | INFO | 📄 Navigating to: https://www.nawy.com/compound/33-g-cribs...
2026-01-29 17:10:10,231 | INFO |    ✅ G Cribs
2026-01-29 17:10:10,426 | INFO | ➕ Inserted new compound: G Cribs
2026-01-29 17:10:10,427 | INFO |    💾 Saved to MongoDB
2026-01-29 17:10:16,030 | INFO | [70/1297] Scraping: https://www.nawy.com/compound/34-soleya
2026-01-29 17:10:16,031 | INFO | 📄 Navigating to: https://www.nawy.com/compound/34-soleya...
2026-01-29 17:10:27,717 | INFO |    ✅ Soleya
2026-01-29 17:10:27,875 | INFO | ➕ Inserted new compound: Soleya
2026-01-29 17:10:27,877 | INFO |    💾 Saved to MongoDB
2026-01-29 17:10:32,332 | INFO | [71/1297] Scraping: https://www.nawy.com/compound/35-forty-west-phase-ii
2026-01-29 17:10:32,345 | INFO | 📄 Navigating to: https://www.nawy.com/compound/35-forty-west-phase-ii...
2026-01-29 17:10:46,752 | INFO |    ✅ Forty West Phase II
2026-01-29 17:10:46,911 | INFO | ➕ Inserted new compound: Forty West Phase II
2026-01-29 17:10:46,924 | INFO |    💾 Saved to MongoDB
2026-01-29 17:10:51,981 | INFO | [72/1297] Scraping: https://www.nawy.com/compound/36-jamaran
2026-01-29 17:10:51,983 | INFO | 📄 Navigating to: https://www.nawy.com/compound/36-jamaran...
2026-01-29 17:11:04,505 | INFO |    ✅ Jamaran
2026-01-29 17:11:04,658 | INFO | ➕ Inserted new compound: Jamaran
2026-01-29 17:11:04,661 | INFO |    💾 Saved to MongoDB
2026-01-29 17:11:08,601 | INFO | [73/1297] Scraping: https://www.nawy.com/compound/43-hacienda-bay
2026-01-29 17:11:08,603 | INFO | 📄 Navigating to: https://www.nawy.com/compound/43-hacienda-bay...
2026-01-29 17:11:26,228 | INFO |    ✅ Hacienda Bay
2026-01-29 17:11:26,379 | INFO | ➕ Inserted new compound: Hacienda Bay
2026-01-29 17:11:26,382 | INFO |    💾 Saved to MongoDB
2026-01-29 17:11:30,908 | INFO | [74/1297] Scraping: https://www.nawy.com/compound/46-village-garden-katameya
2026-01-29 17:11:30,908 | INFO | 📄 Navigating to: https://www.nawy.com/compound/46-village-garden-katameya...
2026-01-29 17:11:45,367 | INFO |    ✅ Village Garden Katameya
2026-01-29 17:11:45,562 | INFO | ➕ Inserted new compound: Village Garden Katameya
2026-01-29 17:11:45,588 | INFO |    💾 Saved to MongoDB
2026-01-29 17:11:50,440 | INFO | [75/1297] Scraping: https://www.nawy.com/compound/47-the-square
2026-01-29 17:11:50,440 | INFO | 📄 Navigating to: https://www.nawy.com/compound/47-the-square...
2026-01-29 17:12:01,296 | INFO |    ✅ The Square
2026-01-29 17:12:01,447 | INFO | ➕ Inserted new compound: The Square
2026-01-29 17:12:01,447 | INFO |    💾 Saved to MongoDB
2026-01-29 17:12:07,198 | INFO | [76/1297] Scraping: https://www.nawy.com/compound/48-seashell-sidi-abdel-rahman
2026-01-29 17:12:07,198 | INFO | 📄 Navigating to: https://www.nawy.com/compound/48-seashell-sidi-abdel-rahman...
2026-01-29 17:12:37,307 | ERROR | ❌ Navigation error (attempt 1): Timeout 30000ms exceeded.
2026-01-29 17:12:37,310 | INFO | ⏳ Retrying in 2.7s...
2026-01-29 17:12:40,017 | INFO | 📄 Navigating to: https://www.nawy.com/compound/48-seashell-sidi-abdel-rahman...
2026-01-29 17:12:47,908 | INFO |    ✅ Seashell Sidi Abdel Rahman
2026-01-29 17:12:48,064 | INFO | ➕ Inserted new compound: Seashell Sidi Abdel Rahman
2026-01-29 17:12:48,065 | INFO |    💾 Saved to MongoDB
2026-01-29 17:12:52,082 | INFO | [77/1297] Scraping: https://www.nawy.com/compound/51-mirage-city
2026-01-29 17:12:52,082 | INFO | 📄 Navigating to: https://www.nawy.com/compound/51-mirage-city...
2026-01-29 17:13:03,761 | INFO |    ✅ Mirage City
2026-01-29 17:13:03,907 | INFO | ➕ Inserted new compound: Mirage City
2026-01-29 17:13:03,908 | INFO |    💾 Saved to MongoDB
2026-01-29 17:13:07,305 | INFO | [78/1297] Scraping: https://www.nawy.com/compound/53-katameya-residence
2026-01-29 17:13:07,305 | INFO | 📄 Navigating to: https://www.nawy.com/compound/53-katameya-residence...
2026-01-29 17:13:37,419 | ERROR | ❌ Navigation error (attempt 1): Timeout 30000ms exceeded.
2026-01-29 17:13:37,420 | INFO | ⏳ Retrying in 3.2s...
2026-01-29 17:13:40,591 | INFO | 📄 Navigating to: https://www.nawy.com/compound/53-katameya-residence...
2026-01-29 17:14:10,711 | ERROR | ❌ Navigation error (attempt 2): Timeout 30000ms exceeded.
2026-01-29 17:14:10,711 | INFO | ⏳ Retrying in 4.1s...
2026-01-29 17:14:14,849 | INFO | 📄 Navigating to: https://www.nawy.com/compound/53-katameya-residence...
2026-01-29 17:14:44,976 | ERROR | ❌ Navigation error (attempt 3): Timeout 30000ms exceeded.
2026-01-29 17:14:44,977 | WARNING |    ❌ Failed to scrape
2026-01-29 17:14:48,447 | INFO | [79/1297] Scraping: https://www.nawy.com/compound/55-palm-hills-katameya-(pk1)
2026-01-29 17:14:48,447 | INFO | 📄 Navigating to: https://www.nawy.com/compound/55-palm-hills-katameya-(pk1)...
2026-01-29 17:15:18,571 | ERROR | ❌ Navigation error (attempt 1): Timeout 30000ms exceeded.
2026-01-29 17:15:18,572 | INFO | ⏳ Retrying in 3.0s...
2026-01-29 17:15:21,576 | INFO | 📄 Navigating to: https://www.nawy.com/compound/55-palm-hills-katameya-(pk1)...
2026-01-29 17:15:51,703 | ERROR | ❌ Navigation error (attempt 2): Timeout 30000ms exceeded.
2026-01-29 17:15:51,703 | INFO | ⏳ Retrying in 4.7s...
2026-01-29 17:15:56,392 | INFO | 📄 Navigating to: https://www.nawy.com/compound/55-palm-hills-katameya-(pk1)...
2026-01-29 17:16:26,518 | ERROR | ❌ Navigation error (attempt 3): Timeout 30000ms exceeded.
2026-01-29 17:16:26,518 | WARNING |    ❌ Failed to scrape
2026-01-29 17:16:31,835 | INFO | [80/1297] Scraping: https://www.nawy.com/compound/58-village-avenue
2026-01-29 17:16:31,837 | INFO | 📄 Navigating to: https://www.nawy.com/compound/58-village-avenue...
2026-01-29 17:17:01,979 | ERROR | ❌ Navigation error (attempt 1): Timeout 30000ms exceeded.
2026-01-29 17:17:01,980 | INFO | ⏳ Retrying in 3.4s...
2026-01-29 17:17:05,427 | INFO | 📄 Navigating to: https://www.nawy.com/compound/58-village-avenue...
2026-01-29 17:17:30,796 | INFO |    ✅ Village Avenue
2026-01-29 17:17:30,948 | INFO | ➕ Inserted new compound: Village Avenue
2026-01-29 17:17:30,949 | INFO |    💾 Saved to MongoDB
2026-01-29 17:17:34,069 | INFO | [81/1297] Scraping: https://www.nawy.com/compound/61-palm-hills-october
2026-01-29 17:17:34,071 | INFO | 📄 Navigating to: https://www.nawy.com/compound/61-palm-hills-october...
2026-01-29 17:17:42,823 | INFO |    ✅ Palm Hills October
2026-01-29 17:17:42,979 | INFO | ➕ Inserted new compound: Palm Hills October
2026-01-29 17:17:42,979 | INFO |    💾 Saved to MongoDB
2026-01-29 17:17:48,445 | INFO | [82/1297] Scraping: https://www.nawy.com/compound/63-palm-hills-golf-views
2026-01-29 17:17:48,446 | INFO | 📄 Navigating to: https://www.nawy.com/compound/63-palm-hills-golf-views...
2026-01-29 17:17:57,144 | INFO |    ✅ Palm Hills Golf Views
2026-01-29 17:17:57,301 | INFO | ➕ Inserted new compound: Palm Hills Golf Views
2026-01-29 17:17:57,301 | INFO |    💾 Saved to MongoDB
2026-01-29 17:18:02,016 | INFO | [83/1297] Scraping: https://www.nawy.com/compound/67-botanica
2026-01-29 17:18:02,086 | INFO | 📄 Navigating to: https://www.nawy.com/compound/67-botanica...
2026-01-29 17:18:16,591 | INFO |    ✅ Botanica
2026-01-29 17:18:16,717 | INFO | ➕ Inserted new compound: Botanica
2026-01-29 17:18:16,720 | INFO |    💾 Saved to MongoDB
2026-01-29 17:18:22,463 | INFO | [84/1297] Scraping: https://www.nawy.com/compound/68-bamboo-extension
2026-01-29 17:18:22,463 | INFO | 📄 Navigating to: https://www.nawy.com/compound/68-bamboo-extension...
2026-01-29 17:18:52,593 | ERROR | ❌ Navigation error (attempt 1): Timeout 30000ms exceeded.
2026-01-29 17:18:52,597 | INFO | ⏳ Retrying in 2.0s...
2026-01-29 17:18:54,665 | INFO | 📄 Navigating to: https://www.nawy.com/compound/68-bamboo-extension...
2026-01-29 17:19:24,792 | ERROR | ❌ Navigation error (attempt 2): Timeout 30000ms exceeded.
2026-01-29 17:19:24,794 | INFO | ⏳ Retrying in 3.2s...
2026-01-29 17:19:28,001 | INFO | 📄 Navigating to: https://www.nawy.com/compound/68-bamboo-extension...
2026-01-29 17:19:36,263 | INFO |    ✅ Bamboo Extension
2026-01-29 17:19:36,435 | INFO | ➕ Inserted new compound: Bamboo Extension
2026-01-29 17:19:36,436 | INFO |    💾 Saved to MongoDB
2026-01-29 17:19:41,767 | INFO | [85/1297] Scraping: https://www.nawy.com/compound/72-marina-el-alamein
2026-01-29 17:19:41,772 | INFO | 📄 Navigating to: https://www.nawy.com/compound/72-marina-el-alamein...
2026-01-29 17:19:53,658 | INFO |    ✅ Marina El-Alamein
2026-01-29 17:19:53,817 | INFO | ➕ Inserted new compound: Marina El-Alamein
2026-01-29 17:19:53,817 | INFO |    💾 Saved to MongoDB
2026-01-29 17:19:58,846 | INFO | [86/1297] Scraping: https://www.nawy.com/compound/79-marseilia-beach-4
2026-01-29 17:19:58,846 | INFO | 📄 Navigating to: https://www.nawy.com/compound/79-marseilia-beach-4...
2026-01-29 17:20:28,052 | INFO |    ✅ Marseilia Beach 4
2026-01-29 17:20:28,539 | INFO | ➕ Inserted new compound: Marseilia Beach 4
2026-01-29 17:20:28,613 | INFO |    💾 Saved to MongoDB
2026-01-29 17:20:34,461 | INFO | [87/1297] Scraping: https://www.nawy.com/compound/82-ghazala-bay
2026-01-29 17:20:34,533 | INFO | 📄 Navigating to: https://www.nawy.com/compound/82-ghazala-bay...
2026-01-29 17:20:56,810 | INFO |    ✅ Ghazala Bay
2026-01-29 17:20:56,982 | INFO | ➕ Inserted new compound: Ghazala Bay
2026-01-29 17:20:56,996 | INFO |    💾 Saved to MongoDB
2026-01-29 17:21:00,796 | INFO | [88/1297] Scraping: https://www.nawy.com/compound/85-karma-residence
2026-01-29 17:21:00,798 | INFO | 📄 Navigating to: https://www.nawy.com/compound/85-karma-residence...
2026-01-29 17:21:14,283 | INFO |    ✅ Karma Residence
2026-01-29 17:21:14,436 | INFO | ➕ Inserted new compound: Karma Residence
2026-01-29 17:21:14,437 | INFO |    💾 Saved to MongoDB
2026-01-29 17:21:17,624 | INFO | [89/1297] Scraping: https://www.nawy.com/compound/86-joubal-el-gouna
2026-01-29 17:21:17,643 | INFO | 📄 Navigating to: https://www.nawy.com/compound/86-joubal-el-gouna...
2026-01-29 17:21:31,050 | INFO |    ✅ Joubal El-Gouna
2026-01-29 17:21:31,201 | INFO | ➕ Inserted new compound: Joubal El-Gouna
2026-01-29 17:21:31,202 | INFO |    💾 Saved to MongoDB
2026-01-29 17:21:36,937 | INFO | [90/1297] Scraping: https://www.nawy.com/compound/88-azha
2026-01-29 17:21:36,937 | INFO | 📄 Navigating to: https://www.nawy.com/compound/88-azha...
2026-01-29 17:21:50,617 | INFO |    ✅ Azha
2026-01-29 17:21:50,777 | INFO | ➕ Inserted new compound: Azha
2026-01-29 17:21:50,778 | INFO |    💾 Saved to MongoDB
2026-01-29 17:21:56,459 | INFO | [91/1297] Scraping: https://www.nawy.com/compound/89-executive-residence-giza-plateau
2026-01-29 17:21:56,460 | INFO | 📄 Navigating to: https://www.nawy.com/compound/89-executive-residence-giza-plateau...
2026-01-29 17:22:08,594 | INFO |    ✅ Executive Residence Giza Plateau
2026-01-29 17:22:08,744 | INFO | ➕ Inserted new compound: Executive Residence Giza Plateau
2026-01-29 17:22:08,745 | INFO |    💾 Saved to MongoDB
2026-01-29 17:22:12,685 | INFO | [92/1297] Scraping: https://www.nawy.com/compound/90-il-monte-galala
2026-01-29 17:22:12,685 | INFO | 📄 Navigating to: https://www.nawy.com/compound/90-il-monte-galala...
2026-01-29 17:22:24,662 | INFO |    ✅ Il Monte Galala
2026-01-29 17:22:24,834 | INFO | ➕ Inserted new compound: Il Monte Galala
2026-01-29 17:22:24,835 | INFO |    💾 Saved to MongoDB
2026-01-29 17:22:30,743 | INFO | [93/1297] Scraping: https://www.nawy.com/compound/91-ein-hills
2026-01-29 17:22:30,744 | INFO | 📄 Navigating to: https://www.nawy.com/compound/91-ein-hills...
2026-01-29 17:22:47,350 | INFO |    ✅ Ein Hills
2026-01-29 17:22:47,501 | INFO | ➕ Inserted new compound: Ein Hills
2026-01-29 17:22:47,501 | INFO |    💾 Saved to MongoDB
2026-01-29 17:22:51,329 | INFO | [94/1297] Scraping: https://www.nawy.com/compound/92-laguna-bay
2026-01-29 17:22:51,330 | INFO | 📄 Navigating to: https://www.nawy.com/compound/92-laguna-bay...
2026-01-29 17:23:13,135 | INFO |    ✅ Laguna Bay
2026-01-29 17:23:13,293 | INFO | ➕ Inserted new compound: Laguna Bay
2026-01-29 17:23:13,294 | INFO |    💾 Saved to MongoDB
2026-01-29 17:23:18,598 | INFO | [95/1297] Scraping: https://www.nawy.com/compound/94-mountain-view-sokhna
2026-01-29 17:23:18,599 | INFO | 📄 Navigating to: https://www.nawy.com/compound/94-mountain-view-sokhna...
2026-01-29 17:23:48,717 | ERROR | ❌ Navigation error (attempt 1): Timeout 30000ms exceeded.
2026-01-29 17:23:48,719 | INFO | ⏳ Retrying in 2.8s...
2026-01-29 17:23:51,542 | INFO | 📄 Navigating to: https://www.nawy.com/compound/94-mountain-view-sokhna...
2026-01-29 17:24:21,661 | ERROR | ❌ Navigation error (attempt 2): Timeout 30000ms exceeded.
2026-01-29 17:24:21,661 | INFO | ⏳ Retrying in 4.6s...
2026-01-29 17:24:26,246 | INFO | 📄 Navigating to: https://www.nawy.com/compound/94-mountain-view-sokhna...
2026-01-29 17:24:56,369 | ERROR | ❌ Navigation error (attempt 3): Timeout 30000ms exceeded.
2026-01-29 17:24:56,369 | WARNING |    ❌ Failed to scrape
2026-01-29 17:25:02,314 | INFO | [96/1297] Scraping: https://www.nawy.com/compound/96-piacera
2026-01-29 17:25:02,314 | INFO | 📄 Navigating to: https://www.nawy.com/compound/96-piacera...
2026-01-29 17:25:32,441 | ERROR | ❌ Navigation error (attempt 1): Timeout 30000ms exceeded.
2026-01-29 17:25:32,442 | INFO | ⏳ Retrying in 3.6s...
2026-01-29 17:25:36,038 | INFO | 📄 Navigating to: https://www.nawy.com/compound/96-piacera...
2026-01-29 17:26:06,161 | ERROR | ❌ Navigation error (attempt 2): Timeout 30000ms exceeded.
2026-01-29 17:26:06,161 | INFO | ⏳ Retrying in 3.0s...
2026-01-29 17:26:09,222 | INFO | 📄 Navigating to: https://www.nawy.com/compound/96-piacera...
2026-01-29 17:26:16,823 | INFO |    ✅ Piacera
2026-01-29 17:26:16,977 | INFO | ➕ Inserted new compound: Piacera
2026-01-29 17:26:17,004 | INFO |    💾 Saved to MongoDB
2026-01-29 17:26:22,745 | INFO | [97/1297] Scraping: https://www.nawy.com/compound/97-little-venice
2026-01-29 17:26:22,745 | INFO | 📄 Navigating to: https://www.nawy.com/compound/97-little-venice...
2026-01-29 17:26:43,953 | INFO |    ✅ Little Venice
2026-01-29 17:26:44,101 | INFO | ➕ Inserted new compound: Little Venice
2026-01-29 17:26:44,102 | INFO |    💾 Saved to MongoDB
2026-01-29 17:26:47,227 | INFO | [98/1297] Scraping: https://www.nawy.com/compound/98-dome-marina-resort
2026-01-29 17:26:47,227 | INFO | 📄 Navigating to: https://www.nawy.com/compound/98-dome-marina-resort...
2026-01-29 17:27:17,352 | ERROR | ❌ Navigation error (attempt 1): Timeout 30000ms exceeded.
2026-01-29 17:27:17,354 | INFO | ⏳ Retrying in 3.3s...
2026-01-29 17:27:20,617 | INFO | 📄 Navigating to: https://www.nawy.com/compound/98-dome-marina-resort...
2026-01-29 17:27:50,738 | ERROR | ❌ Navigation error (attempt 2): Timeout 30000ms exceeded.
2026-01-29 17:27:50,739 | INFO | ⏳ Retrying in 3.8s...
2026-01-29 17:27:54,530 | INFO | 📄 Navigating to: https://www.nawy.com/compound/98-dome-marina-resort...
2026-01-29 17:28:00,839 | INFO |    ✅ Dome Marina Resort
2026-01-29 17:28:00,998 | INFO | ➕ Inserted new compound: Dome Marina Resort
2026-01-29 17:28:00,999 | INFO |    💾 Saved to MongoDB
2026-01-29 17:28:04,365 | INFO | [99/1297] Scraping: https://www.nawy.com/compound/99-l%E2%80%99avenir
2026-01-29 17:28:04,365 | INFO | 📄 Navigating to: https://www.nawy.com/compound/99-l%E2%80%99avenir...
2026-01-29 17:28:15,829 | INFO |    ✅ L’Avenir
2026-01-29 17:28:15,982 | INFO | ➕ Inserted new compound: L’Avenir
2026-01-29 17:28:15,982 | INFO |    💾 Saved to MongoDB
2026-01-29 17:28:21,736 | INFO | [100/1297] Scraping: https://www.nawy.com/compound/100-brix
2026-01-29 17:28:21,747 | INFO | 📄 Navigating to: https://www.nawy.com/compound/100-brix...
2026-01-29 17:28:35,166 | INFO |    ✅ BRIX
2026-01-29 17:28:35,321 | INFO | ➕ Inserted new compound: BRIX
2026-01-29 17:28:35,322 | INFO |    💾 Saved to MongoDB
2026-01-29 17:28:39,413 | INFO | [101/1297] Scraping: https://www.nawy.com/compound/102-green-beach
2026-01-29 17:28:39,416 | INFO | 📄 Navigating to: https://www.nawy.com/compound/102-green-beach...
2026-01-29 17:28:51,535 | INFO |    ✅ Green Beach
2026-01-29 17:28:51,680 | INFO | ➕ Inserted new compound: Green Beach
2026-01-29 17:28:51,681 | INFO |    💾 Saved to MongoDB
2026-01-29 17:28:56,485 | INFO | [102/1297] Scraping: https://www.nawy.com/compound/103-fanadir-bay
2026-01-29 17:28:56,486 | INFO | 📄 Navigating to: https://www.nawy.com/compound/103-fanadir-bay...
2026-01-29 17:29:18,534 | INFO |    ✅ Fanadir Bay
2026-01-29 17:29:18,688 | INFO | ➕ Inserted new compound: Fanadir Bay
2026-01-29 17:29:18,689 | INFO |    💾 Saved to MongoDB
2026-01-29 17:29:23,507 | INFO | [103/1297] Scraping: https://www.nawy.com/compound/104-joubal-lagoon
2026-01-29 17:29:23,509 | INFO | 📄 Navigating to: https://www.nawy.com/compound/104-joubal-lagoon...
2026-01-29 17:29:53,624 | ERROR | ❌ Navigation error (attempt 1): Timeout 30000ms exceeded.
2026-01-29 17:29:53,625 | INFO | ⏳ Retrying in 2.4s...
2026-01-29 17:29:56,025 | INFO | 📄 Navigating to: https://www.nawy.com/compound/104-joubal-lagoon...
2026-01-29 17:30:03,965 | INFO |    ✅ Joubal Lagoon
2026-01-29 17:30:04,122 | INFO | ➕ Inserted new compound: Joubal Lagoon
2026-01-29 17:30:04,124 | INFO |    💾 Saved to MongoDB
2026-01-29 17:30:09,767 | INFO | [104/1297] Scraping: https://www.nawy.com/compound/105-joubal-lagoon-phase-2
2026-01-29 17:30:09,767 | INFO | 📄 Navigating to: https://www.nawy.com/compound/105-joubal-lagoon-phase-2...
2026-01-29 17:30:18,376 | INFO |    ✅ Joubal Lagoon Phase 2
2026-01-29 17:30:18,534 | INFO | ➕ Inserted new compound: Joubal Lagoon Phase 2
2026-01-29 17:30:18,534 | INFO |    💾 Saved to MongoDB
2026-01-29 17:30:22,189 | INFO | [105/1297] Scraping: https://www.nawy.com/compound/106-joubal-views
2026-01-29 17:30:22,189 | INFO | 📄 Navigating to: https://www.nawy.com/compound/106-joubal-views...
2026-01-29 17:30:29,225 | INFO |    ✅ Joubal Views
2026-01-29 17:30:29,382 | INFO | ➕ Inserted new compound: Joubal Views
2026-01-29 17:30:29,382 | INFO |    💾 Saved to MongoDB
2026-01-29 17:30:33,241 | INFO | [106/1297] Scraping: https://www.nawy.com/compound/109-sabina
2026-01-29 17:30:33,241 | INFO | 📄 Navigating to: https://www.nawy.com/compound/109-sabina...
2026-01-29 17:30:47,073 | INFO |    ✅ Sabina
2026-01-29 17:30:47,237 | INFO | ➕ Inserted new compound: Sabina
2026-01-29 17:30:47,246 | INFO |    💾 Saved to MongoDB
2026-01-29 17:30:50,831 | INFO | [107/1297] Scraping: https://www.nawy.com/compound/115-tawila
2026-01-29 17:30:50,832 | INFO | 📄 Navigating to: https://www.nawy.com/compound/115-tawila...
2026-01-29 17:31:12,679 | INFO |    ✅ Tawila
2026-01-29 17:31:12,827 | INFO | ➕ Inserted new compound: Tawila
2026-01-29 17:31:12,827 | INFO |    💾 Saved to MongoDB
2026-01-29 17:31:16,580 | INFO | [108/1297] Scraping: https://www.nawy.com/compound/116-um-jamar
2026-01-29 17:31:16,580 | INFO | 📄 Navigating to: https://www.nawy.com/compound/116-um-jamar...
2026-01-29 17:31:46,908 | ERROR | ❌ Navigation error (attempt 1): Timeout 30000ms exceeded.
2026-01-29 17:31:47,004 | INFO | ⏳ Retrying in 3.7s...
2026-01-29 17:31:50,712 | INFO | 📄 Navigating to: https://www.nawy.com/compound/116-um-jamar...
2026-01-29 17:32:05,211 | INFO |    ✅ Um Jamar
2026-01-29 17:32:05,486 | INFO | ➕ Inserted new compound: Um Jamar
2026-01-29 17:32:05,734 | INFO |    💾 Saved to MongoDB
2026-01-29 17:32:11,295 | INFO | [109/1297] Scraping: https://www.nawy.com/compound/117-waterside-condos
2026-01-29 17:32:11,318 | INFO | 📄 Navigating to: https://www.nawy.com/compound/117-waterside-condos...
2026-01-29 17:32:25,277 | INFO |    ✅ Waterside Condos
2026-01-29 17:32:25,446 | INFO | ➕ Inserted new compound: Waterside Condos
2026-01-29 17:32:25,471 | INFO |    💾 Saved to MongoDB
2026-01-29 17:32:30,923 | INFO | [110/1297] Scraping: https://www.nawy.com/compound/123-swanlake-el-gouna
2026-01-29 17:32:30,981 | INFO | 📄 Navigating to: https://www.nawy.com/compound/123-swanlake-el-gouna...
2026-01-29 17:32:47,134 | INFO |    ✅ Swanlake El Gouna
2026-01-29 17:32:47,360 | INFO | ➕ Inserted new compound: Swanlake El Gouna
2026-01-29 17:32:47,369 | INFO |    💾 Saved to MongoDB
2026-01-29 17:32:50,652 | INFO | [111/1297] Scraping: https://www.nawy.com/compound/124-bay-west
2026-01-29 17:32:50,658 | INFO | 📄 Navigating to: https://www.nawy.com/compound/124-bay-west...
2026-01-29 17:33:05,506 | INFO |    ✅ Bay West
2026-01-29 17:33:05,689 | INFO | ➕ Inserted new compound: Bay West
2026-01-29 17:33:05,738 | INFO |    💾 Saved to MongoDB
2026-01-29 17:33:10,404 | INFO | [112/1297] Scraping: https://www.nawy.com/compound/126-soma-breeze
2026-01-29 17:33:10,534 | INFO | 📄 Navigating to: https://www.nawy.com/compound/126-soma-breeze...
2026-01-29 17:33:23,800 | INFO |    ✅ Soma Breeze
2026-01-29 17:33:23,980 | INFO | ➕ Inserted new compound: Soma Breeze
2026-01-29 17:33:24,057 | INFO |    💾 Saved to MongoDB
2026-01-29 17:33:28,277 | INFO | [113/1297] Scraping: https://www.nawy.com/compound/127-wadi-jebal
2026-01-29 17:33:28,369 | INFO | 📄 Navigating to: https://www.nawy.com/compound/127-wadi-jebal...
2026-01-29 17:33:41,289 | INFO |    ✅ Wadi Jebal
2026-01-29 17:33:41,453 | INFO | ➕ Inserted new compound: Wadi Jebal
2026-01-29 17:33:41,488 | INFO |    💾 Saved to MongoDB
2026-01-29 17:33:45,217 | INFO | [114/1297] Scraping: https://www.nawy.com/compound/136-reef-town
2026-01-29 17:33:45,234 | INFO | 📄 Navigating to: https://www.nawy.com/compound/136-reef-town...
2026-01-29 17:34:04,779 | INFO |    ✅ Reef Town
2026-01-29 17:34:04,960 | INFO | ➕ Inserted new compound: Reef Town
2026-01-29 17:34:04,963 | INFO |    💾 Saved to MongoDB
2026-01-29 17:34:09,646 | INFO | [115/1297] Scraping: https://www.nawy.com/compound/137-green-iv-october
2026-01-29 17:34:09,647 | INFO | 📄 Navigating to: https://www.nawy.com/compound/137-green-iv-october...
2026-01-29 17:34:39,783 | ERROR | ❌ Navigation error (attempt 1): Timeout 30000ms exceeded.
2026-01-29 17:34:39,784 | INFO | ⏳ Retrying in 2.8s...
2026-01-29 17:34:42,549 | INFO | 📄 Navigating to: https://www.nawy.com/compound/137-green-iv-october...
2026-01-29 17:34:50,385 | INFO |    ✅ Green IV October
2026-01-29 17:34:50,537 | INFO | ➕ Inserted new compound: Green IV October
2026-01-29 17:34:50,538 | INFO |    💾 Saved to MongoDB
2026-01-29 17:34:56,450 | INFO | [116/1297] Scraping: https://www.nawy.com/compound/138-el-patio-6-october
2026-01-29 17:34:56,450 | INFO | 📄 Navigating to: https://www.nawy.com/compound/138-el-patio-6-october...
2026-01-29 17:35:22,400 | INFO |    ✅ El Patio 6 October
2026-01-29 17:35:22,606 | INFO | ➕ Inserted new compound: El Patio 6 October
2026-01-29 17:35:22,607 | INFO |    💾 Saved to MongoDB
2026-01-29 17:35:28,548 | INFO | [117/1297] Scraping: https://www.nawy.com/compound/140-one-16
2026-01-29 17:35:28,549 | INFO | 📄 Navigating to: https://www.nawy.com/compound/140-one-16...
2026-01-29 17:35:53,908 | INFO |    ✅ One 16
2026-01-29 17:35:54,080 | INFO | ➕ Inserted new compound: One 16
2026-01-29 17:35:54,158 | INFO |    💾 Saved to MongoDB
2026-01-29 17:35:59,475 | INFO | [118/1297] Scraping: https://www.nawy.com/compound/142-park-view-haptown
2026-01-29 17:35:59,543 | INFO | 📄 Navigating to: https://www.nawy.com/compound/142-park-view-haptown...
2026-01-29 17:36:13,121 | INFO |    ✅ Park View - Haptown
2026-01-29 17:36:13,270 | INFO | ➕ Inserted new compound: Park View - Haptown
2026-01-29 17:36:13,270 | INFO |    💾 Saved to MongoDB
2026-01-29 17:36:16,927 | INFO | [119/1297] Scraping: https://www.nawy.com/compound/143-les-rois-new-cairo
2026-01-29 17:36:16,930 | INFO | 📄 Navigating to: https://www.nawy.com/compound/143-les-rois-new-cairo...
2026-01-29 17:36:47,048 | ERROR | ❌ Navigation error (attempt 1): Timeout 30000ms exceeded.
2026-01-29 17:36:47,050 | INFO | ⏳ Retrying in 2.7s...
2026-01-29 17:36:49,812 | INFO | 📄 Navigating to: https://www.nawy.com/compound/143-les-rois-new-cairo...
2026-01-29 17:37:23,842 | INFO |    ✅ Les Rois New Cairo
2026-01-29 17:37:23,992 | INFO | ➕ Inserted new compound: Les Rois New Cairo
2026-01-29 17:37:23,992 | INFO |    💾 Saved to MongoDB
2026-01-29 17:37:27,515 | INFO | [120/1297] Scraping: https://www.nawy.com/compound/144-jubail
2026-01-29 17:37:27,518 | INFO | 📄 Navigating to: https://www.nawy.com/compound/144-jubail...
2026-01-29 17:37:57,635 | ERROR | ❌ Navigation error (attempt 1): Timeout 30000ms exceeded.
2026-01-29 17:37:57,636 | INFO | ⏳ Retrying in 2.2s...
2026-01-29 17:37:59,862 | INFO | 📄 Navigating to: https://www.nawy.com/compound/144-jubail...
2026-01-29 17:38:12,293 | INFO |    ✅ Jubail
2026-01-29 17:38:12,460 | INFO | ➕ Inserted new compound: Jubail
2026-01-29 17:38:12,476 | INFO |    💾 Saved to MongoDB
2026-01-29 17:38:15,993 | INFO | [121/1297] Scraping: https://www.nawy.com/compound/146-new-marina
2026-01-29 17:38:15,994 | INFO | 📄 Navigating to: https://www.nawy.com/compound/146-new-marina...
2026-01-29 17:38:34,583 | INFO |    ✅ New Marina
2026-01-29 17:38:34,735 | INFO | ➕ Inserted new compound: New Marina
2026-01-29 17:38:34,736 | INFO |    💾 Saved to MongoDB
2026-01-29 17:38:39,367 | INFO | [122/1297] Scraping: https://www.nawy.com/compound/147-sarai
2026-01-29 17:38:39,369 | INFO | 📄 Navigating to: https://www.nawy.com/compound/147-sarai...
2026-01-29 17:38:50,877 | INFO |    ✅ Sarai
2026-01-29 17:38:51,036 | INFO | ➕ Inserted new compound: Sarai
2026-01-29 17:38:51,036 | INFO |    💾 Saved to MongoDB
2026-01-29 17:38:54,434 | INFO | [123/1297] Scraping: https://www.nawy.com/compound/149-south-golf-villas
2026-01-29 17:38:54,435 | INFO | 📄 Navigating to: https://www.nawy.com/compound/149-south-golf-villas...
2026-01-29 17:39:11,295 | INFO |    ✅ South Golf Villas
2026-01-29 17:39:11,441 | INFO | ➕ Inserted new compound: South Golf Villas
2026-01-29 17:39:11,441 | INFO |    💾 Saved to MongoDB
2026-01-29 17:39:14,791 | INFO | [124/1297] Scraping: https://www.nawy.com/compound/150-royal-meadows-sheikh-zayed
2026-01-29 17:39:14,794 | INFO | 📄 Navigating to: https://www.nawy.com/compound/150-royal-meadows-sheikh-zayed...
2026-01-29 17:39:44,525 | INFO |    ✅ Royal Meadows Sheikh Zayed
2026-01-29 17:39:44,673 | INFO | ➕ Inserted new compound: Royal Meadows Sheikh Zayed
2026-01-29 17:39:44,673 | INFO |    💾 Saved to MongoDB
2026-01-29 17:39:50,248 | INFO | [125/1297] Scraping: https://www.nawy.com/compound/152-west-hills
2026-01-29 17:39:50,249 | INFO | 📄 Navigating to: https://www.nawy.com/compound/152-west-hills...
2026-01-29 17:40:20,369 | ERROR | ❌ Navigation error (attempt 1): Timeout 30000ms exceeded.
2026-01-29 17:40:20,369 | INFO | ⏳ Retrying in 3.7s...
2026-01-29 17:40:24,065 | INFO | 📄 Navigating to: https://www.nawy.com/compound/152-west-hills...
2026-01-29 17:40:45,084 | INFO |    ✅ West Hills
2026-01-29 17:40:45,258 | INFO | ➕ Inserted new compound: West Hills
2026-01-29 17:40:45,260 | INFO |    💾 Saved to MongoDB
2026-01-29 17:40:50,098 | INFO | [126/1297] Scraping: https://www.nawy.com/compound/153-stella-di-mare-sidi-abdelrahman-1
2026-01-29 17:40:50,098 | INFO | 📄 Navigating to: https://www.nawy.com/compound/153-stella-di-mare-sidi-abdelrahman-1...
2026-01-29 17:41:23,031 | INFO |    ✅ Stella Di Mare Sidi Abdelrahman 1
2026-01-29 17:41:23,259 | INFO | ➕ Inserted new compound: Stella Di Mare Sidi Abdelrahman 1
2026-01-29 17:41:23,275 | INFO |    💾 Saved to MongoDB
2026-01-29 17:41:27,748 | INFO | [127/1297] Scraping: https://www.nawy.com/compound/155-scarab
2026-01-29 17:41:27,749 | INFO | 📄 Navigating to: https://www.nawy.com/compound/155-scarab...
2026-01-29 17:41:36,274 | INFO |    ✅ Scarab
2026-01-29 17:41:36,441 | INFO | ➕ Inserted new compound: Scarab
2026-01-29 17:41:36,442 | INFO |    💾 Saved to MongoDB
2026-01-29 17:41:40,903 | INFO | [128/1297] Scraping: https://www.nawy.com/compound/159-ancient-sands-golf-resort
2026-01-29 17:41:40,904 | INFO | 📄 Navigating to: https://www.nawy.com/compound/159-ancient-sands-golf-resort...
2026-01-29 17:41:53,520 | INFO |    ✅ Ancient Sands Golf Resort
2026-01-29 17:41:53,672 | INFO | ➕ Inserted new compound: Ancient Sands Golf Resort
2026-01-29 17:41:53,672 | INFO |    💾 Saved to MongoDB
2026-01-29 17:41:58,431 | INFO | [129/1297] Scraping: https://www.nawy.com/compound/160-steigenberger-golf-resort
2026-01-29 17:41:58,431 | INFO | 📄 Navigating to: https://www.nawy.com/compound/160-steigenberger-golf-resort...
2026-01-29 17:42:10,657 | INFO |    ✅ Steigenberger Golf Resort
2026-01-29 17:42:10,809 | INFO | ➕ Inserted new compound: Steigenberger Golf Resort
2026-01-29 17:42:10,809 | INFO |    💾 Saved to MongoDB
2026-01-29 17:42:14,849 | INFO | [130/1297] Scraping: https://www.nawy.com/compound/161-la-vista-bay-east
2026-01-29 17:42:14,849 | INFO | 📄 Navigating to: https://www.nawy.com/compound/161-la-vista-bay-east...
2026-01-29 17:42:23,537 | INFO |    ✅ La Vista Bay East
2026-01-29 17:42:24,162 | INFO | ➕ Inserted new compound: La Vista Bay East
2026-01-29 17:42:24,162 | INFO |    💾 Saved to MongoDB
2026-01-29 17:42:29,216 | INFO | [131/1297] Scraping: https://www.nawy.com/compound/162-pyramids-heights-residences
2026-01-29 17:42:29,216 | INFO | 📄 Navigating to: https://www.nawy.com/compound/162-pyramids-heights-residences...
2026-01-29 17:42:47,892 | INFO |    ✅ Pyramids Heights Residences
2026-01-29 17:42:48,059 | INFO | ➕ Inserted new compound: Pyramids Heights Residences
2026-01-29 17:42:48,059 | INFO |    💾 Saved to MongoDB
2026-01-29 17:42:52,107 | INFO | [132/1297] Scraping: https://www.nawy.com/compound/163-joulz
2026-01-29 17:42:52,107 | INFO | 📄 Navigating to: https://www.nawy.com/compound/163-joulz...
2026-01-29 17:43:22,264 | ERROR | ❌ Navigation error (attempt 1): Timeout 30000ms exceeded.
2026-01-29 17:43:22,304 | INFO | ⏳ Retrying in 3.1s...
2026-01-29 17:43:25,455 | INFO | 📄 Navigating to: https://www.nawy.com/compound/163-joulz...
2026-01-29 17:43:37,355 | INFO |    ✅ Joulz
2026-01-29 17:43:37,515 | INFO | ➕ Inserted new compound: Joulz
2026-01-29 17:43:37,546 | INFO |    💾 Saved to MongoDB
2026-01-29 17:43:40,579 | INFO | [133/1297] Scraping: https://www.nawy.com/compound/164-downtown
2026-01-29 17:43:40,580 | INFO | 📄 Navigating to: https://www.nawy.com/compound/164-downtown...
2026-01-29 17:43:47,883 | INFO |    ✅ Downtown
2026-01-29 17:43:48,037 | INFO | ➕ Inserted new compound: Downtown
2026-01-29 17:43:48,037 | INFO |    💾 Saved to MongoDB
2026-01-29 17:43:52,356 | INFO | [134/1297] Scraping: https://www.nawy.com/compound/165-jefaira
2026-01-29 17:43:52,452 | INFO | 📄 Navigating to: https://www.nawy.com/compound/165-jefaira...
2026-01-29 17:44:08,594 | INFO |    ✅ Jefaira
2026-01-29 17:44:08,827 | INFO | ➕ Inserted new compound: Jefaira
2026-01-29 17:44:08,884 | INFO |    💾 Saved to MongoDB
2026-01-29 17:44:13,933 | INFO | [135/1297] Scraping: https://www.nawy.com/compound/168-mountain-view-one
2026-01-29 17:44:13,936 | INFO | 📄 Navigating to: https://www.nawy.com/compound/168-mountain-view-one...
2026-01-29 17:44:36,404 | INFO |    ✅ Mountain View One
2026-01-29 17:44:36,557 | INFO | ➕ Inserted new compound: Mountain View One
2026-01-29 17:44:36,558 | INFO |    💾 Saved to MongoDB
2026-01-29 17:44:42,166 | INFO | [136/1297] Scraping: https://www.nawy.com/compound/174-salerno-marassi
2026-01-29 17:44:42,188 | INFO | 📄 Navigating to: https://www.nawy.com/compound/174-salerno-marassi...
2026-01-29 17:44:49,969 | INFO |    ✅ Salerno Marassi
2026-01-29 17:44:50,116 | INFO | ➕ Inserted new compound: Salerno Marassi
2026-01-29 17:44:50,117 | INFO |    💾 Saved to MongoDB
2026-01-29 17:44:54,233 | INFO | [137/1297] Scraping: https://www.nawy.com/compound/177-celia-marassi
2026-01-29 17:44:54,248 | INFO | 📄 Navigating to: https://www.nawy.com/compound/177-celia-marassi...
2026-01-29 17:45:23,450 | INFO |    ✅ Celia Marassi
2026-01-29 17:45:23,598 | INFO | ➕ Inserted new compound: Celia Marassi
2026-01-29 17:45:23,629 | INFO |    💾 Saved to MongoDB
2026-01-29 17:45:29,295 | INFO | [138/1297] Scraping: https://www.nawy.com/compound/178-abu-tig-hill
2026-01-29 17:45:29,295 | INFO | 📄 Navigating to: https://www.nawy.com/compound/178-abu-tig-hill...
2026-01-29 17:45:59,410 | ERROR | ❌ Navigation error (attempt 1): Timeout 30000ms exceeded.
2026-01-29 17:45:59,411 | INFO | ⏳ Retrying in 2.8s...
2026-01-29 17:46:02,181 | INFO | 📄 Navigating to: https://www.nawy.com/compound/178-abu-tig-hill...
2026-01-29 17:46:32,327 | ERROR | ❌ Navigation error (attempt 2): Timeout 30000ms exceeded.
2026-01-29 17:46:32,327 | INFO | ⏳ Retrying in 3.5s...
2026-01-29 17:46:35,799 | INFO | 📄 Navigating to: https://www.nawy.com/compound/178-abu-tig-hill...
2026-01-29 17:47:05,925 | ERROR | ❌ Navigation error (attempt 3): Timeout 30000ms exceeded.
2026-01-29 17:47:05,926 | WARNING |    ❌ Failed to scrape
2026-01-29 17:47:10,560 | INFO | [139/1297] Scraping: https://www.nawy.com/compound/180-sky-condos-phase-3,-villette
2026-01-29 17:47:10,561 | INFO | 📄 Navigating to: https://www.nawy.com/compound/180-sky-condos-phase-3,-villette...
2026-01-29 17:47:22,089 | INFO |    ✅ Sky Condos Phase 3, Villette
2026-01-29 17:47:22,237 | INFO | ➕ Inserted new compound: Sky Condos Phase 3, Villette
2026-01-29 17:47:22,303 | INFO |    💾 Saved to MongoDB
2026-01-29 17:47:26,769 | INFO | [140/1297] Scraping: https://www.nawy.com/compound/181-il-bosco-new-capital
2026-01-29 17:47:26,769 | INFO | 📄 Navigating to: https://www.nawy.com/compound/181-il-bosco-new-capital...
2026-01-29 17:47:53,104 | INFO |    ✅ Il Bosco New Capital
2026-01-29 17:47:53,265 | INFO | ➕ Inserted new compound: Il Bosco New Capital
2026-01-29 17:47:53,265 | INFO |    💾 Saved to MongoDB
2026-01-29 17:47:57,128 | INFO | [141/1297] Scraping: https://www.nawy.com/compound/182-maesta,-il-monte-galala
2026-01-29 17:47:57,128 | INFO | 📄 Navigating to: https://www.nawy.com/compound/182-maesta,-il-monte-galala...
2026-01-29 17:48:19,308 | INFO |    ✅ Maesta Il Monte Galala
2026-01-29 17:48:19,456 | INFO | ➕ Inserted new compound: Maesta Il Monte Galala
2026-01-29 17:48:19,457 | INFO |    💾 Saved to MongoDB
2026-01-29 17:48:25,396 | INFO | [142/1297] Scraping: https://www.nawy.com/compound/183-boulevard-residences-mivida
2026-01-29 17:48:25,396 | INFO | 📄 Navigating to: https://www.nawy.com/compound/183-boulevard-residences-mivida...
2026-01-29 17:48:42,786 | INFO |    ✅ Boulevard Residences - Mivida
2026-01-29 17:48:42,946 | INFO | ➕ Inserted new compound: Boulevard Residences - Mivida
2026-01-29 17:48:42,953 | INFO |    💾 Saved to MongoDB
2026-01-29 17:48:48,888 | INFO | [143/1297] Scraping: https://www.nawy.com/compound/184-fountain-park
2026-01-29 17:48:48,889 | INFO | 📄 Navigating to: https://www.nawy.com/compound/184-fountain-park...
2026-01-29 17:49:16,509 | INFO |    ✅ Fountain Park
2026-01-29 17:49:16,659 | INFO | ➕ Inserted new compound: Fountain Park
2026-01-29 17:49:16,660 | INFO |    💾 Saved to MongoDB
2026-01-29 17:49:19,961 | INFO | [144/1297] Scraping: https://www.nawy.com/compound/186-taj-city
2026-01-29 17:49:19,962 | INFO | 📄 Navigating to: https://www.nawy.com/compound/186-taj-city...
2026-01-29 17:49:50,079 | ERROR | ❌ Navigation error (attempt 1): Timeout 30000ms exceeded.
2026-01-29 17:49:50,080 | INFO | ⏳ Retrying in 2.8s...
2026-01-29 17:49:52,858 | INFO | 📄 Navigating to: https://www.nawy.com/compound/186-taj-city...
2026-01-29 17:50:10,814 | INFO |    ✅ Taj City
2026-01-29 17:50:10,985 | INFO | ➕ Inserted new compound: Taj City
2026-01-29 17:50:10,986 | INFO |    💾 Saved to MongoDB
2026-01-29 17:50:14,248 | INFO | [145/1297] Scraping: https://www.nawy.com/compound/188-la-rose-new-cairo
2026-01-29 17:50:14,249 | INFO | 📄 Navigating to: https://www.nawy.com/compound/188-la-rose-new-cairo...
2026-01-29 17:50:44,369 | ERROR | ❌ Navigation error (attempt 1): Timeout 30000ms exceeded.
2026-01-29 17:50:44,369 | INFO | ⏳ Retrying in 2.3s...
2026-01-29 17:50:46,688 | INFO | 📄 Navigating to: https://www.nawy.com/compound/188-la-rose-new-cairo...
2026-01-29 17:51:16,810 | ERROR | ❌ Navigation error (attempt 2): Timeout 30000ms exceeded.
2026-01-29 17:51:16,810 | INFO | ⏳ Retrying in 4.2s...
2026-01-29 17:51:21,006 | INFO | 📄 Navigating to: https://www.nawy.com/compound/188-la-rose-new-cairo...
2026-01-29 17:51:51,128 | ERROR | ❌ Navigation error (attempt 3): Timeout 30000ms exceeded.
2026-01-29 17:51:51,130 | WARNING |    ❌ Failed to scrape
2026-01-29 17:51:57,129 | INFO | [146/1297] Scraping: https://www.nawy.com/compound/189-zizinia-gardens
2026-01-29 17:51:57,130 | INFO | 📄 Navigating to: https://www.nawy.com/compound/189-zizinia-gardens...
2026-01-29 17:52:10,504 | INFO |    ✅ Zizinia Gardens
2026-01-29 17:52:10,663 | INFO | ➕ Inserted new compound: Zizinia Gardens
2026-01-29 17:52:10,663 | INFO |    💾 Saved to MongoDB
2026-01-29 17:52:16,118 | INFO | [147/1297] Scraping: https://www.nawy.com/compound/190-jewar-sheikh-zayed
2026-01-29 17:52:16,118 | INFO | 📄 Navigating to: https://www.nawy.com/compound/190-jewar-sheikh-zayed...
2026-01-29 17:52:46,234 | ERROR | ❌ Navigation error (attempt 1): Timeout 30000ms exceeded.
2026-01-29 17:52:46,234 | INFO | ⏳ Retrying in 2.1s...
2026-01-29 17:52:48,383 | INFO | 📄 Navigating to: https://www.nawy.com/compound/190-jewar-sheikh-zayed...
2026-01-29 17:52:56,098 | INFO |    ✅ Jewar Sheikh Zayed
2026-01-29 17:52:56,281 | INFO | ➕ Inserted new compound: Jewar Sheikh Zayed
2026-01-29 17:52:56,282 | INFO |    💾 Saved to MongoDB
2026-01-29 17:53:00,768 | INFO | [148/1297] Scraping: https://www.nawy.com/compound/191-kai-sokhna
2026-01-29 17:53:00,769 | INFO | 📄 Navigating to: https://www.nawy.com/compound/191-kai-sokhna...
2026-01-29 17:53:13,002 | INFO |    ✅ Kai Sokhna
2026-01-29 17:53:13,202 | INFO | ➕ Inserted new compound: Kai Sokhna
2026-01-29 17:53:13,202 | INFO |    💾 Saved to MongoDB
2026-01-29 17:53:18,367 | INFO | [149/1297] Scraping: https://www.nawy.com/compound/196-haptown
2026-01-29 17:53:18,370 | INFO | 📄 Navigating to: https://www.nawy.com/compound/196-haptown...
2026-01-29 17:53:32,024 | INFO |    ✅ HAPTown
2026-01-29 17:53:32,203 | INFO | ➕ Inserted new compound: HAPTown
2026-01-29 17:53:32,204 | INFO |    💾 Saved to MongoDB
2026-01-29 17:53:37,811 | INFO | [150/1297] Scraping: https://www.nawy.com/compound/197-the-capitalway
2026-01-29 17:53:37,811 | INFO | 📄 Navigating to: https://www.nawy.com/compound/197-the-capitalway...
2026-01-29 17:53:50,311 | INFO |    ✅ The Capitalway
2026-01-29 17:53:50,528 | INFO | ➕ Inserted new compound: The Capitalway
2026-01-29 17:53:50,528 | INFO |    💾 Saved to MongoDB
2026-01-29 17:53:55,196 | INFO | [151/1297] Scraping: https://www.nawy.com/compound/198-hyde-park-business-district
2026-01-29 17:53:55,196 | INFO | 📄 Navigating to: https://www.nawy.com/compound/198-hyde-park-business-district...
2026-01-29 17:54:06,774 | INFO |    ✅ Hyde Park Business District
2026-01-29 17:54:06,987 | INFO | ➕ Inserted new compound: Hyde Park Business District
2026-01-29 17:54:06,988 | INFO |    💾 Saved to MongoDB
2026-01-29 17:54:10,669 | INFO | [152/1297] Scraping: https://www.nawy.com/compound/199-mivida-business-district
2026-01-29 17:54:10,670 | INFO | 📄 Navigating to: https://www.nawy.com/compound/199-mivida-business-district...
2026-01-29 17:54:25,576 | INFO |    ✅ Mivida Business District
2026-01-29 17:54:25,775 | INFO | ➕ Inserted new compound: Mivida Business District
2026-01-29 17:54:25,776 | INFO |    💾 Saved to MongoDB
2026-01-29 17:54:29,367 | INFO | [153/1297] Scraping: https://www.nawy.com/compound/201-palm-hills-alexandria
2026-01-29 17:54:29,368 | INFO | 📄 Navigating to: https://www.nawy.com/compound/201-palm-hills-alexandria...
2026-01-29 17:54:59,488 | ERROR | ❌ Navigation error (attempt 1): Timeout 30000ms exceeded.
2026-01-29 17:54:59,488 | INFO | ⏳ Retrying in 4.0s...
2026-01-29 17:55:03,485 | INFO | 📄 Navigating to: https://www.nawy.com/compound/201-palm-hills-alexandria...
2026-01-29 17:55:33,661 | ERROR | ❌ Navigation error (attempt 2): Timeout 30000ms exceeded.
2026-01-29 17:55:33,661 | INFO | ⏳ Retrying in 4.4s...
2026-01-29 17:55:38,076 | INFO | 📄 Navigating to: https://www.nawy.com/compound/201-palm-hills-alexandria...
2026-01-29 17:56:08,199 | ERROR | ❌ Navigation error (attempt 3): Timeout 30000ms exceeded.
2026-01-29 17:56:08,200 | WARNING |    ❌ Failed to scrape
2026-01-29 17:56:11,334 | INFO | [154/1297] Scraping: https://www.nawy.com/compound/204-trio
2026-01-29 17:56:11,334 | INFO | 📄 Navigating to: https://www.nawy.com/compound/204-trio...
2026-01-29 17:56:24,179 | INFO |    ✅ Trio
2026-01-29 17:56:24,332 | INFO | ➕ Inserted new compound: Trio
2026-01-29 17:56:24,332 | INFO |    💾 Saved to MongoDB
2026-01-29 17:56:29,046 | INFO | [155/1297] Scraping: https://www.nawy.com/compound/209-galleria
2026-01-29 17:56:29,048 | INFO | 📄 Navigating to: https://www.nawy.com/compound/209-galleria...
2026-01-29 17:56:59,166 | ERROR | ❌ Navigation error (attempt 1): Timeout 30000ms exceeded.
2026-01-29 17:56:59,166 | INFO | ⏳ Retrying in 2.7s...
2026-01-29 17:57:01,864 | INFO | 📄 Navigating to: https://www.nawy.com/compound/209-galleria...
2026-01-29 17:57:31,990 | ERROR | ❌ Navigation error (attempt 2): Timeout 30000ms exceeded.
2026-01-29 17:57:31,990 | INFO | ⏳ Retrying in 4.8s...
2026-01-29 17:57:36,794 | INFO | 📄 Navigating to: https://www.nawy.com/compound/209-galleria...
2026-01-29 17:58:06,916 | ERROR | ❌ Navigation error (attempt 3): Timeout 30000ms exceeded.
2026-01-29 17:58:06,917 | WARNING |    ❌ Failed to scrape
2026-01-29 17:58:10,697 | INFO | [156/1297] Scraping: https://www.nawy.com/compound/210-sun-capital
2026-01-29 17:58:10,697 | INFO | 📄 Navigating to: https://www.nawy.com/compound/210-sun-capital...
2026-01-29 17:58:25,707 | INFO |    ✅ Sun Capital
2026-01-29 17:58:25,863 | INFO | ➕ Inserted new compound: Sun Capital
2026-01-29 17:58:25,864 | INFO |    💾 Saved to MongoDB
2026-01-29 17:58:31,743 | INFO | [157/1297] Scraping: https://www.nawy.com/compound/212-al-rabwa
2026-01-29 17:58:31,743 | INFO | 📄 Navigating to: https://www.nawy.com/compound/212-al-rabwa...
2026-01-29 17:58:45,261 | INFO |    ✅ Al Rabwa
2026-01-29 17:58:45,412 | INFO | ➕ Inserted new compound: Al Rabwa
2026-01-29 17:58:45,413 | INFO |    💾 Saved to MongoDB
2026-01-29 17:58:50,458 | INFO | [158/1297] Scraping: https://www.nawy.com/compound/214-ein-bay
2026-01-29 17:58:50,458 | INFO | 📄 Navigating to: https://www.nawy.com/compound/214-ein-bay...
2026-01-29 17:59:20,585 | ERROR | ❌ Navigation error (attempt 1): Timeout 30000ms exceeded.
2026-01-29 17:59:20,586 | INFO | ⏳ Retrying in 3.3s...
2026-01-29 17:59:23,898 | INFO | 📄 Navigating to: https://www.nawy.com/compound/214-ein-bay...
2026-01-29 17:59:54,029 | ERROR | ❌ Navigation error (attempt 2): Timeout 30000ms exceeded.
2026-01-29 17:59:54,030 | INFO | ⏳ Retrying in 4.8s...
2026-01-29 17:59:58,804 | INFO | 📄 Navigating to: https://www.nawy.com/compound/214-ein-bay...
2026-01-29 18:00:28,933 | ERROR | ❌ Navigation error (attempt 3): Timeout 30000ms exceeded.
2026-01-29 18:00:28,933 | WARNING |    ❌ Failed to scrape
2026-01-29 18:00:32,789 | INFO | [159/1297] Scraping: https://www.nawy.com/compound/215-eastown-administartive
2026-01-29 18:00:32,789 | INFO | 📄 Navigating to: https://www.nawy.com/compound/215-eastown-administartive...
2026-01-29 18:01:02,921 | ERROR | ❌ Navigation error (attempt 1): Timeout 30000ms exceeded.
2026-01-29 18:01:02,924 | INFO | ⏳ Retrying in 3.9s...
2026-01-29 18:01:06,814 | INFO | 📄 Navigating to: https://www.nawy.com/compound/215-eastown-administartive...
2026-01-29 18:01:36,941 | ERROR | ❌ Navigation error (attempt 2): Timeout 30000ms exceeded.
2026-01-29 18:01:36,941 | INFO | ⏳ Retrying in 3.0s...
2026-01-29 18:01:39,971 | INFO | 📄 Navigating to: https://www.nawy.com/compound/215-eastown-administartive...
2026-01-29 18:02:10,096 | ERROR | ❌ Navigation error (attempt 3): Timeout 30000ms exceeded.
2026-01-29 18:02:10,097 | WARNING |    ❌ Failed to scrape
2026-01-29 18:02:13,523 | INFO | [160/1297] Scraping: https://www.nawy.com/compound/216-vida
2026-01-29 18:02:13,523 | INFO | 📄 Navigating to: https://www.nawy.com/compound/216-vida...
2026-01-29 18:02:20,949 | INFO |    ✅ Vida
2026-01-29 18:02:21,103 | INFO | ➕ Inserted new compound: Vida
2026-01-29 18:02:21,103 | INFO |    💾 Saved to MongoDB
2026-01-29 18:02:26,822 | INFO | [161/1297] Scraping: https://www.nawy.com/compound/217-the-city-of-odyssia
2026-01-29 18:02:26,825 | INFO | 📄 Navigating to: https://www.nawy.com/compound/217-the-city-of-odyssia...
2026-01-29 18:02:37,260 | INFO |    ✅ The City of Odyssia
2026-01-29 18:02:37,414 | INFO | ➕ Inserted new compound: The City of Odyssia
2026-01-29 18:02:37,417 | INFO |    💾 Saved to MongoDB
2026-01-29 18:02:40,631 | INFO | [162/1297] Scraping: https://www.nawy.com/compound/218-aria
2026-01-29 18:02:40,631 | INFO | 📄 Navigating to: https://www.nawy.com/compound/218-aria...
2026-01-29 18:02:51,193 | INFO |    ✅ Aria
2026-01-29 18:02:51,350 | INFO | ➕ Inserted new compound: Aria
2026-01-29 18:02:51,350 | INFO |    💾 Saved to MongoDB
2026-01-29 18:02:55,848 | INFO | [163/1297] Scraping: https://www.nawy.com/compound/220-la-vista-ray
2026-01-29 18:02:55,849 | INFO | 📄 Navigating to: https://www.nawy.com/compound/220-la-vista-ray...
2026-01-29 18:03:25,980 | ERROR | ❌ Navigation error (attempt 1): Timeout 30000ms exceeded.
2026-01-29 18:03:25,981 | INFO | ⏳ Retrying in 2.4s...
2026-01-29 18:03:28,383 | INFO | 📄 Navigating to: https://www.nawy.com/compound/220-la-vista-ray...
2026-01-29 18:03:58,503 | ERROR | ❌ Navigation error (attempt 2): Timeout 30000ms exceeded.
2026-01-29 18:03:58,511 | INFO | ⏳ Retrying in 3.2s...
2026-01-29 18:04:01,745 | INFO | 📄 Navigating to: https://www.nawy.com/compound/220-la-vista-ray...
2026-01-29 18:04:31,860 | ERROR | ❌ Navigation error (attempt 3): Timeout 30000ms exceeded.
2026-01-29 18:04:31,861 | WARNING |    ❌ Failed to scrape
2026-01-29 18:04:37,421 | INFO | [164/1297] Scraping: https://www.nawy.com/compound/221-the-waterway-north-coast
2026-01-29 18:04:37,427 | INFO | 📄 Navigating to: https://www.nawy.com/compound/221-the-waterway-north-coast...
2026-01-29 18:04:56,464 | INFO |    ✅ The Waterway North Coast
2026-01-29 18:04:57,004 | INFO | ➕ Inserted new compound: The Waterway North Coast
2026-01-29 18:04:57,007 | INFO |    💾 Saved to MongoDB
2026-01-29 18:05:01,380 | INFO | [165/1297] Scraping: https://www.nawy.com/compound/227-address-east
2026-01-29 18:05:01,381 | INFO | 📄 Navigating to: https://www.nawy.com/compound/227-address-east...
2026-01-29 18:05:21,817 | INFO |    ✅ Address East
2026-01-29 18:05:21,969 | INFO | ➕ Inserted new compound: Address East
2026-01-29 18:05:21,970 | INFO |    💾 Saved to MongoDB
2026-01-29 18:05:26,901 | INFO | [166/1297] Scraping: https://www.nawy.com/compound/228-alma
2026-01-29 18:05:26,901 | INFO | 📄 Navigating to: https://www.nawy.com/compound/228-alma...
2026-01-29 18:05:35,815 | INFO |    ✅ ALMA
2026-01-29 18:05:35,969 | INFO | ➕ Inserted new compound: ALMA
2026-01-29 18:05:35,986 | INFO |    💾 Saved to MongoDB
2026-01-29 18:05:40,369 | INFO | [167/1297] Scraping: https://www.nawy.com/compound/231-north-edge-new-alamein
2026-01-29 18:05:40,371 | INFO | 📄 Navigating to: https://www.nawy.com/compound/231-north-edge-new-alamein...
2026-01-29 18:05:50,753 | INFO |    ✅ North Edge New Alamein
2026-01-29 18:05:50,904 | INFO | ➕ Inserted new compound: North Edge New Alamein
2026-01-29 18:05:50,904 | INFO |    💾 Saved to MongoDB
2026-01-29 18:05:54,075 | INFO | [168/1297] Scraping: https://www.nawy.com/compound/233-six-west
2026-01-29 18:05:54,076 | INFO | 📄 Navigating to: https://www.nawy.com/compound/233-six-west...
2026-01-29 18:06:10,008 | INFO |    ✅ Six West
2026-01-29 18:06:10,159 | INFO | ➕ Inserted new compound: Six West
2026-01-29 18:06:10,160 | INFO |    💾 Saved to MongoDB
2026-01-29 18:06:15,871 | INFO | [169/1297] Scraping: https://www.nawy.com/compound/236-katameya-coast
2026-01-29 18:06:15,872 | INFO | 📄 Navigating to: https://www.nawy.com/compound/236-katameya-coast...
2026-01-29 18:06:26,010 | INFO |    ✅ Katameya Coast
2026-01-29 18:06:26,160 | INFO | ➕ Inserted new compound: Katameya Coast
2026-01-29 18:06:26,161 | INFO |    💾 Saved to MongoDB
2026-01-29 18:06:30,821 | INFO | [170/1297] Scraping: https://www.nawy.com/compound/237-the-loft
2026-01-29 18:06:30,821 | INFO | 📄 Navigating to: https://www.nawy.com/compound/237-the-loft...
2026-01-29 18:06:50,793 | INFO |    ✅ The Loft
2026-01-29 18:06:50,946 | INFO | ➕ Inserted new compound: The Loft
2026-01-29 18:06:50,946 | INFO |    💾 Saved to MongoDB
2026-01-29 18:06:56,879 | INFO | [171/1297] Scraping: https://www.nawy.com/compound/238-zoya-ghazala-bay
2026-01-29 18:06:56,880 | INFO | 📄 Navigating to: https://www.nawy.com/compound/238-zoya-ghazala-bay...
2026-01-29 18:07:15,082 | INFO |    ✅ Zoya Ghazala Bay
2026-01-29 18:07:15,240 | INFO | ➕ Inserted new compound: Zoya Ghazala Bay
2026-01-29 18:07:15,240 | INFO |    💾 Saved to MongoDB
2026-01-29 18:07:18,309 | INFO | [172/1297] Scraping: https://www.nawy.com/compound/240-cavana-lakes--sarai
2026-01-29 18:07:18,328 | INFO | 📄 Navigating to: https://www.nawy.com/compound/240-cavana-lakes--sarai...
2026-01-29 18:07:27,289 | INFO |    ✅ Cavana Lakes Sarai
2026-01-29 18:07:27,442 | INFO | ➕ Inserted new compound: Cavana Lakes Sarai
2026-01-29 18:07:27,442 | INFO |    💾 Saved to MongoDB
2026-01-29 18:07:30,498 | INFO | [173/1297] Scraping: https://www.nawy.com/compound/241-lagoon-luxury-apartments-north-coast
2026-01-29 18:07:30,499 | INFO | 📄 Navigating to: https://www.nawy.com/compound/241-lagoon-luxury-apartments-north-coast...
2026-01-29 18:07:42,036 | INFO |    ✅ Lagoon Luxury Apartments North Coast
2026-01-29 18:07:42,170 | INFO | ➕ Inserted new compound: Lagoon Luxury Apartments North Coast
2026-01-29 18:07:42,171 | INFO |    💾 Saved to MongoDB
2026-01-29 18:07:45,934 | INFO | [174/1297] Scraping: https://www.nawy.com/compound/243-etapa
2026-01-29 18:07:45,935 | INFO | 📄 Navigating to: https://www.nawy.com/compound/243-etapa...
2026-01-29 18:08:16,053 | ERROR | ❌ Navigation error (attempt 1): Timeout 30000ms exceeded.
2026-01-29 18:08:16,054 | INFO | ⏳ Retrying in 2.9s...
2026-01-29 18:08:18,911 | INFO | 📄 Navigating to: https://www.nawy.com/compound/243-etapa...
2026-01-29 18:08:31,422 | INFO |    ✅ Etapa
2026-01-29 18:08:31,580 | INFO | ➕ Inserted new compound: Etapa
2026-01-29 18:08:31,580 | INFO |    💾 Saved to MongoDB
2026-01-29 18:08:36,523 | INFO | [175/1297] Scraping: https://www.nawy.com/compound/244-pali-north-coast
2026-01-29 18:08:36,523 | INFO | 📄 Navigating to: https://www.nawy.com/compound/244-pali-north-coast...
2026-01-29 18:08:45,336 | INFO |    ✅ Pali North Coast
2026-01-29 18:08:45,486 | INFO | ➕ Inserted new compound: Pali North Coast
2026-01-29 18:08:45,487 | INFO |    💾 Saved to MongoDB
2026-01-29 18:08:49,165 | INFO | [176/1297] Scraping: https://www.nawy.com/compound/246-city-stars-al-sahel
2026-01-29 18:08:49,196 | INFO | 📄 Navigating to: https://www.nawy.com/compound/246-city-stars-al-sahel...
2026-01-29 18:08:56,188 | INFO |    ✅ City Stars Al Sahel
2026-01-29 18:08:56,340 | INFO | ➕ Inserted new compound: City Stars Al Sahel
2026-01-29 18:08:56,341 | INFO |    💾 Saved to MongoDB
2026-01-29 18:08:59,658 | INFO | [177/1297] Scraping: https://www.nawy.com/compound/248-cyan
2026-01-29 18:08:59,658 | INFO | 📄 Navigating to: https://www.nawy.com/compound/248-cyan...
2026-01-29 18:09:29,774 | ERROR | ❌ Navigation error (attempt 1): Timeout 30000ms exceeded.
2026-01-29 18:09:29,774 | INFO | ⏳ Retrying in 2.4s...
2026-01-29 18:09:32,193 | INFO | 📄 Navigating to: https://www.nawy.com/compound/248-cyan...
2026-01-29 18:10:02,316 | ERROR | ❌ Navigation error (attempt 2): Timeout 30000ms exceeded.
2026-01-29 18:10:02,317 | INFO | ⏳ Retrying in 4.0s...
2026-01-29 18:10:06,316 | INFO | 📄 Navigating to: https://www.nawy.com/compound/248-cyan...
2026-01-29 18:10:13,804 | INFO |    ✅ Cyan
2026-01-29 18:10:13,961 | INFO | ➕ Inserted new compound: Cyan
2026-01-29 18:10:13,962 | INFO |    💾 Saved to MongoDB
2026-01-29 18:10:18,737 | INFO | [178/1297] Scraping: https://www.nawy.com/compound/252-vinci
2026-01-29 18:10:18,738 | INFO | 📄 Navigating to: https://www.nawy.com/compound/252-vinci...
2026-01-29 18:10:33,224 | INFO |    ✅ Vinci
2026-01-29 18:10:33,383 | INFO | ➕ Inserted new compound: Vinci
2026-01-29 18:10:33,395 | INFO |    💾 Saved to MongoDB
2026-01-29 18:10:38,599 | INFO | [179/1297] Scraping: https://www.nawy.com/compound/253-bay-7-sidi-heneish
2026-01-29 18:10:38,601 | INFO | 📄 Navigating to: https://www.nawy.com/compound/253-bay-7-sidi-heneish...
2026-01-29 18:10:49,491 | INFO |    ✅ Bay 7 Sidi Heneish
2026-01-29 18:10:49,644 | INFO | ➕ Inserted new compound: Bay 7 Sidi Heneish
2026-01-29 18:10:49,645 | INFO |    💾 Saved to MongoDB
2026-01-29 18:10:53,198 | INFO | [180/1297] Scraping: https://www.nawy.com/compound/254-axis-x-iwan
2026-01-29 18:10:53,198 | INFO | 📄 Navigating to: https://www.nawy.com/compound/254-axis-x-iwan...
2026-01-29 18:11:25,755 | INFO |    ✅ Axis X Iwan
2026-01-29 18:11:25,910 | INFO | ➕ Inserted new compound: Axis X Iwan
2026-01-29 18:11:25,911 | INFO |    💾 Saved to MongoDB
2026-01-29 18:11:31,722 | INFO | [181/1297] Scraping: https://www.nawy.com/compound/255-la-fontaine-province
2026-01-29 18:11:31,722 | INFO | 📄 Navigating to: https://www.nawy.com/compound/255-la-fontaine-province...
2026-01-29 18:12:01,840 | ERROR | ❌ Navigation error (attempt 1): Timeout 30000ms exceeded.
2026-01-29 18:12:01,840 | INFO | ⏳ Retrying in 2.4s...
2026-01-29 18:12:04,301 | INFO | 📄 Navigating to: https://www.nawy.com/compound/255-la-fontaine-province...
2026-01-29 18:12:34,426 | ERROR | ❌ Navigation error (attempt 2): Timeout 30000ms exceeded.
2026-01-29 18:12:34,427 | INFO | ⏳ Retrying in 4.0s...
2026-01-29 18:12:38,402 | INFO | 📄 Navigating to: https://www.nawy.com/compound/255-la-fontaine-province...
2026-01-29 18:13:08,600 | ERROR | ❌ Navigation error (attempt 3): Timeout 30000ms exceeded.
2026-01-29 18:13:08,601 | WARNING |    ❌ Failed to scrape
2026-01-29 18:13:13,087 | INFO | [182/1297] Scraping: https://www.nawy.com/compound/259-the-ridge-villas
2026-01-29 18:13:13,088 | INFO | 📄 Navigating to: https://www.nawy.com/compound/259-the-ridge-villas...
2026-01-29 18:13:43,223 | ERROR | ❌ Navigation error (attempt 1): Timeout 30000ms exceeded.
2026-01-29 18:13:43,224 | INFO | ⏳ Retrying in 3.0s...
2026-01-29 18:13:46,195 | INFO | 📄 Navigating to: https://www.nawy.com/compound/259-the-ridge-villas...
2026-01-29 18:13:53,741 | INFO |    ✅ The RIDGE Villas
2026-01-29 18:13:53,897 | INFO | ➕ Inserted new compound: The RIDGE Villas
2026-01-29 18:13:53,897 | INFO |    💾 Saved to MongoDB
2026-01-29 18:13:57,211 | INFO | [183/1297] Scraping: https://www.nawy.com/compound/261-mountain-view-2
2026-01-29 18:13:57,211 | INFO | 📄 Navigating to: https://www.nawy.com/compound/261-mountain-view-2...
2026-01-29 18:14:10,448 | INFO |    ✅ Mountain View 2
2026-01-29 18:14:10,599 | INFO | ➕ Inserted new compound: Mountain View 2
2026-01-29 18:14:10,599 | INFO |    💾 Saved to MongoDB
2026-01-29 18:14:14,758 | INFO | [184/1297] Scraping: https://www.nawy.com/compound/270-golf-residences--uptown-cairo
2026-01-29 18:14:14,758 | INFO | 📄 Navigating to: https://www.nawy.com/compound/270-golf-residences--uptown-cairo...
2026-01-29 18:14:29,486 | INFO |    ✅ Golf Residences Uptown Cairo
2026-01-29 18:14:29,635 | INFO | ➕ Inserted new compound: Golf Residences Uptown Cairo
2026-01-29 18:14:29,635 | INFO |    💾 Saved to MongoDB
2026-01-29 18:14:34,197 | INFO | [185/1297] Scraping: https://www.nawy.com/compound/271-al-maqsad
2026-01-29 18:14:34,198 | INFO | 📄 Navigating to: https://www.nawy.com/compound/271-al-maqsad...
2026-01-29 18:15:04,320 | ERROR | ❌ Navigation error (attempt 1): Timeout 30000ms exceeded.
2026-01-29 18:15:04,320 | INFO | ⏳ Retrying in 3.2s...
2026-01-29 18:15:07,553 | INFO | 📄 Navigating to: https://www.nawy.com/compound/271-al-maqsad...
2026-01-29 18:15:20,401 | INFO |    ✅ Al Maqsad
2026-01-29 18:15:20,555 | INFO | ➕ Inserted new compound: Al Maqsad
2026-01-29 18:15:20,556 | INFO |    💾 Saved to MongoDB
2026-01-29 18:15:26,561 | INFO | [186/1297] Scraping: https://www.nawy.com/compound/276-allegria-residence
2026-01-29 18:15:26,563 | INFO | 📄 Navigating to: https://www.nawy.com/compound/276-allegria-residence...
2026-01-29 18:15:42,041 | INFO |    ✅ Allegria Residence
2026-01-29 18:15:42,191 | INFO | ➕ Inserted new compound: Allegria Residence
2026-01-29 18:15:42,191 | INFO |    💾 Saved to MongoDB
2026-01-29 18:15:46,056 | INFO | [187/1297] Scraping: https://www.nawy.com/compound/279-the-duos--mivida
2026-01-29 18:15:46,058 | INFO | 📄 Navigating to: https://www.nawy.com/compound/279-the-duos--mivida...
2026-01-29 18:15:59,822 | INFO |    ✅ The Duos Mivida
2026-01-29 18:16:00,016 | INFO | ➕ Inserted new compound: The Duos Mivida
2026-01-29 18:16:00,017 | INFO |    💾 Saved to MongoDB
2026-01-29 18:16:05,003 | INFO | [188/1297] Scraping: https://www.nawy.com/compound/280-riva-villas--marassi
2026-01-29 18:16:05,004 | INFO | 📄 Navigating to: https://www.nawy.com/compound/280-riva-villas--marassi...
2026-01-29 18:16:16,268 | INFO |    ✅ Riva Villas Marassi
2026-01-29 18:16:16,421 | INFO | ➕ Inserted new compound: Riva Villas Marassi
2026-01-29 18:16:16,422 | INFO |    💾 Saved to MongoDB
2026-01-29 18:16:20,857 | INFO | [189/1297] Scraping: https://www.nawy.com/compound/281-armonia
2026-01-29 18:16:20,858 | INFO | 📄 Navigating to: https://www.nawy.com/compound/281-armonia...
2026-01-29 18:16:50,992 | ERROR | ❌ Navigation error (attempt 1): Timeout 30000ms exceeded.
2026-01-29 18:16:50,993 | INFO | ⏳ Retrying in 3.3s...
2026-01-29 18:16:54,330 | INFO | 📄 Navigating to: https://www.nawy.com/compound/281-armonia...
2026-01-29 18:17:14,840 | INFO |    ✅ Armonia
2026-01-29 18:17:14,991 | INFO | ➕ Inserted new compound: Armonia
2026-01-29 18:17:14,992 | INFO |    💾 Saved to MongoDB
2026-01-29 18:17:19,800 | INFO | [190/1297] Scraping: https://www.nawy.com/compound/284-plateau-district-5
2026-01-29 18:17:19,801 | INFO | 📄 Navigating to: https://www.nawy.com/compound/284-plateau-district-5...
2026-01-29 18:17:45,617 | INFO |    ✅ Plateau District 5
2026-01-29 18:17:45,766 | INFO | ➕ Inserted new compound: Plateau District 5
2026-01-29 18:17:45,766 | INFO |    💾 Saved to MongoDB
2026-01-29 18:17:49,593 | INFO | [191/1297] Scraping: https://www.nawy.com/compound/285-bo-island
2026-01-29 18:17:49,593 | INFO | 📄 Navigating to: https://www.nawy.com/compound/285-bo-island...
2026-01-29 18:18:19,722 | ERROR | ❌ Navigation error (attempt 1): Timeout 30000ms exceeded.
2026-01-29 18:18:19,723 | INFO | ⏳ Retrying in 3.2s...
2026-01-29 18:18:22,961 | INFO | 📄 Navigating to: https://www.nawy.com/compound/285-bo-island...
2026-01-29 18:18:53,127 | ERROR | ❌ Navigation error (attempt 2): Timeout 30000ms exceeded.
2026-01-29 18:18:53,341 | INFO | ⏳ Retrying in 3.2s...
2026-01-29 18:18:56,592 | INFO | 📄 Navigating to: https://www.nawy.com/compound/285-bo-island...
2026-01-29 18:19:04,587 | INFO |    ✅ Bo Island
2026-01-29 18:19:04,720 | INFO | ➕ Inserted new compound: Bo Island
2026-01-29 18:19:04,721 | INFO |    💾 Saved to MongoDB
2026-01-29 18:19:08,114 | INFO | [192/1297] Scraping: https://www.nawy.com/compound/286-bo-sands
2026-01-29 18:19:08,156 | INFO | 📄 Navigating to: https://www.nawy.com/compound/286-bo-sands...
2026-01-29 18:19:31,426 | INFO |    ✅ Bo Sands
2026-01-29 18:19:31,571 | INFO | ➕ Inserted new compound: Bo Sands
2026-01-29 18:19:31,571 | INFO |    💾 Saved to MongoDB
2026-01-29 18:19:35,544 | INFO | [193/1297] Scraping: https://www.nawy.com/compound/288-canyon
2026-01-29 18:19:35,544 | INFO | 📄 Navigating to: https://www.nawy.com/compound/288-canyon...
2026-01-29 18:20:05,703 | ERROR | ❌ Navigation error (attempt 1): Timeout 30000ms exceeded.
2026-01-29 18:20:05,743 | INFO | ⏳ Retrying in 3.4s...
2026-01-29 18:20:09,181 | INFO | 📄 Navigating to: https://www.nawy.com/compound/288-canyon...
2026-01-29 18:20:21,874 | INFO |    ✅ Canyon
2026-01-29 18:20:22,030 | INFO | ➕ Inserted new compound: Canyon
2026-01-29 18:20:22,031 | INFO |    💾 Saved to MongoDB
2026-01-29 18:20:27,085 | INFO | [194/1297] Scraping: https://www.nawy.com/compound/292-the-cribs--jefaira
2026-01-29 18:20:27,099 | INFO | 📄 Navigating to: https://www.nawy.com/compound/292-the-cribs--jefaira...
2026-01-29 18:20:43,749 | INFO |    ✅ The Cribs Jefaira
2026-01-29 18:20:43,918 | INFO | ➕ Inserted new compound: The Cribs Jefaira
2026-01-29 18:20:43,923 | INFO |    💾 Saved to MongoDB
2026-01-29 18:20:47,109 | INFO | [195/1297] Scraping: https://www.nawy.com/compound/293-mazarine
2026-01-29 18:20:47,109 | INFO | 📄 Navigating to: https://www.nawy.com/compound/293-mazarine...
2026-01-29 18:21:12,809 | INFO |    ✅ Mazarine
2026-01-29 18:21:13,071 | INFO | ➕ Inserted new compound: Mazarine
2026-01-29 18:21:13,127 | INFO |    💾 Saved to MongoDB
2026-01-29 18:21:17,528 | INFO | [196/1297] Scraping: https://www.nawy.com/compound/294-the-gate-new-alamein
2026-01-29 18:21:17,758 | INFO | 📄 Navigating to: https://www.nawy.com/compound/294-the-gate-new-alamein...
2026-01-29 18:21:35,408 | INFO |    ✅ The Gate - New Alamein
2026-01-29 18:21:35,686 | INFO | ➕ Inserted new compound: The Gate - New Alamein
2026-01-29 18:21:35,709 | INFO |    💾 Saved to MongoDB
2026-01-29 18:21:41,602 | INFO | [197/1297] Scraping: https://www.nawy.com/compound/295-the-loft-capital-center-commercial
2026-01-29 18:21:41,717 | INFO | 📄 Navigating to: https://www.nawy.com/compound/295-the-loft-capital-center-commercial...
2026-01-29 18:22:10,673 | INFO |    ✅ The Loft Capital Center Commercial
2026-01-29 18:22:10,853 | INFO | ➕ Inserted new compound: The Loft Capital Center Commercial
2026-01-29 18:22:10,854 | INFO |    💾 Saved to MongoDB
2026-01-29 18:22:15,895 | INFO | [198/1297] Scraping: https://www.nawy.com/compound/296-bleu-vert
2026-01-29 18:22:16,169 | INFO | 📄 Navigating to: https://www.nawy.com/compound/296-bleu-vert...
2026-01-29 18:22:31,344 | INFO |    ✅ Bleu Vert
2026-01-29 18:22:31,562 | INFO | ➕ Inserted new compound: Bleu Vert
2026-01-29 18:22:31,564 | INFO |    💾 Saved to MongoDB
2026-01-29 18:22:36,301 | INFO | [199/1297] Scraping: https://www.nawy.com/compound/297-scenario
2026-01-29 18:22:36,304 | INFO | 📄 Navigating to: https://www.nawy.com/compound/297-scenario...
2026-01-29 18:23:06,431 | ERROR | ❌ Navigation error (attempt 1): Timeout 30000ms exceeded.
2026-01-29 18:23:06,432 | INFO | ⏳ Retrying in 4.0s...
2026-01-29 18:23:10,419 | INFO | 📄 Navigating to: https://www.nawy.com/compound/297-scenario...
2026-01-29 18:23:40,536 | ERROR | ❌ Navigation error (attempt 2): Timeout 30000ms exceeded.
2026-01-29 18:23:40,537 | INFO | ⏳ Retrying in 4.1s...
2026-01-29 18:23:44,681 | INFO | 📄 Navigating to: https://www.nawy.com/compound/297-scenario...
2026-01-29 18:23:55,243 | INFO |    ✅ Scenario
2026-01-29 18:23:56,382 | INFO | ➕ Inserted new compound: Scenario
2026-01-29 18:23:56,394 | INFO |    💾 Saved to MongoDB
2026-01-29 18:24:00,184 | INFO | [200/1297] Scraping: https://www.nawy.com/compound/300-maxim-country-clubhouse
2026-01-29 18:24:00,189 | INFO | 📄 Navigating to: https://www.nawy.com/compound/300-maxim-country-clubhouse...
2026-01-29 18:24:03,074 | ERROR | Error
Traceback (most recent call last):
  File "E:\StudioProjects\SemsAi\nawy-scraper\scrape_smart.py", line 135, in scrape_missing_from_mongodb
    compound_data = await scraper._scrape_compound_detail(url)
                    ^^^^^^^^^^^^^^^^^^^^^^^^^^^^^^^^^^^^^^^^^^
  File "E:\StudioProjects\SemsAi\nawy-scraper\scrapers\compound_scraper.py", line 300, in _scrape_compound_detail
    if not await self.safe_goto(url):
           ^^^^^^^^^^^^^^^^^^^^^^^^^
  File "E:\StudioProjects\SemsAi\nawy-scraper\scrapers\base_scraper.py", line 148, in safe_goto
    response = await self.page.goto(
               ^^^^^^^^^^^^^^^^^^^^^
  File "C:\Users\Youssef\AppData\Roaming\Python\Python312\site-packages\playwright\async_api\_generated.py", line 9260, in goto
    await self._impl_obj.goto(
  File "C:\Users\Youssef\AppData\Roaming\Python\Python312\site-packages\playwright\_impl\_page.py", line 475, in goto
    return await self._main_frame.goto(**locals_to_params(locals()))
           ^^^^^^^^^^^^^^^^^^^^^^^^^^^^^^^^^^^^^^^^^^^^^^^^^^^^^^^^^
  File "C:\Users\Youssef\AppData\Roaming\Python\Python312\site-packages\playwright\_impl\_frame.py", line 139, in goto
    await self._channel.send("goto", locals_to_params(locals()))
  File "C:\Users\Youssef\AppData\Roaming\Python\Python312\site-packages\playwright\_impl\_connection.py", line 62, in send
    return await self._connection.wrap_api_call(
           ^^^^^^^^^^^^^^^^^^^^^^^^^^^^^^^^^^^^^
  File "C:\Users\Youssef\AppData\Roaming\Python\Python312\site-packages\playwright\_impl\_connection.py", line 492, in wrap_api_call
    return await cb()
           ^^^^^^^^^^
  File "C:\Users\Youssef\AppData\Roaming\Python\Python312\site-packages\playwright\_impl\_connection.py", line 91, in inner_send
    done, _ = await asyncio.wait(
              ^^^^^^^^^^^^^^^^^^^
  File "C:\Program Files\Python312\Lib\asyncio\tasks.py", line 464, in wait
    return await _wait(fs, timeout, return_when, loop)
           ^^^^^^^^^^^^^^^^^^^^^^^^^^^^^^^^^^^^^^^^^^^
  File "C:\Program Files\Python312\Lib\asyncio\tasks.py", line 550, in _wait
    await waiter
asyncio.exceptions.CancelledError

During handling of the above exception, another exception occurred:

Traceback (most recent call last):
  File "E:\StudioProjects\SemsAi\nawy-scraper\scrape_smart.py", line 197, in main
    compounds = asyncio.run(scrape_missing_from_mongodb())
                ^^^^^^^^^^^^^^^^^^^^^^^^^^^^^^^^^^^^^^^^^^
  File "C:\Program Files\Python312\Lib\asyncio\runners.py", line 194, in run
    return runner.run(main)
           ^^^^^^^^^^^^^^^^
  File "C:\Program Files\Python312\Lib\asyncio\runners.py", line 118, in run
    return self._loop.run_until_complete(task)
           ^^^^^^^^^^^^^^^^^^^^^^^^^^^^^^^^^^^
  File "C:\Program Files\Python312\Lib\asyncio\base_events.py", line 687, in run_until_complete
    return future.result()
           ^^^^^^^^^^^^^^^
  File "E:\StudioProjects\SemsAi\nawy-scraper\scrape_smart.py", line 175, in scrape_missing_from_mongodb
    await scraper.close()
  File "E:\StudioProjects\SemsAi\nawy-scraper\scrapers\base_scraper.py", line 107, in close
    await self.context.close()
  File "C:\Users\Youssef\AppData\Roaming\Python\Python312\site-packages\playwright\async_api\_generated.py", line 13758, in close
    return mapping.from_maybe_impl(await self._impl_obj.close(reason=reason))
                                   ^^^^^^^^^^^^^^^^^^^^^^^^^^^^^^^^^^^^^^^^^
  File "C:\Users\Youssef\AppData\Roaming\Python\Python312\site-packages\playwright\_impl\_browser_context.py", line 485, in close
    await self._channel.send("close", filter_none({"reason": reason}))
  File "C:\Users\Youssef\AppData\Roaming\Python\Python312\site-packages\playwright\_impl\_connection.py", line 62, in send
    return await self._connection.wrap_api_call(
           ^^^^^^^^^^^^^^^^^^^^^^^^^^^^^^^^^^^^^
  File "C:\Users\Youssef\AppData\Roaming\Python\Python312\site-packages\playwright\_impl\_connection.py", line 492, in wrap_api_call
    return await cb()
           ^^^^^^^^^^
  File "C:\Users\Youssef\AppData\Roaming\Python\Python312\site-packages\playwright\_impl\_connection.py", line 100, in inner_send
    result = next(iter(done)).result()
             ^^^^^^^^^^^^^^^^^^^^^^^^^
playwright._impl._errors.TargetClosedError: Target page, context or browser has been closed
2026-01-29 18:24:03,331 | INFO | 🔌 Disconnected from MongoDB
2026-01-29 18:24:04,226 | ERROR | Future exception was never retrieved
future: <Future finished exception=TargetClosedError('Target page, context or browser has been closed')>
playwright._impl._errors.TargetClosedError: Target page, context or browser has been closed
2026-01-30 08:12:22,888 | INFO | ✅ Connected to MongoDB: semsai
2026-01-30 08:12:28,131 | INFO | 🚀 Initializing browser...
2026-01-30 08:12:30,668 | INFO | ✅ Browser initialized (UA: Mozilla/5.0 (Macintosh; Intel Mac OS X 10_15_7) Ap...)
2026-01-30 08:12:30,671 | INFO | [1/756] Scraping: https://www.nawy.com/compound/405-marseilia-beach-3/property/53850-villa-for-sale-in-marseilia-beach-3
2026-01-30 08:12:30,672 | INFO | 📄 Navigating to: https://www.nawy.com/compound/405-marseilia-beach-3/property/53850-villa-for-sal...
2026-01-30 08:12:44,109 | INFO |    ✅ Unknown
2026-01-30 08:12:44,231 | INFO | 🔄 Updated compound: None
2026-01-30 08:12:44,231 | INFO |    💾 Saved to MongoDB
2026-01-30 08:12:50,071 | INFO | [2/756] Scraping: https://www.nawy.com/compound/926-neopolis/property/55349-apartment-for-sale-in-neopolis-mostakbal-city
2026-01-30 08:12:50,074 | INFO | 📄 Navigating to: https://www.nawy.com/compound/926-neopolis/property/55349-apartment-for-sale-in-...
2026-01-30 08:12:59,838 | INFO |    ✅ Unknown
2026-01-30 08:12:59,959 | INFO | 🔄 Updated compound: None
2026-01-30 08:12:59,960 | INFO |    💾 Saved to MongoDB
2026-01-30 08:13:04,103 | INFO | [3/756] Scraping: https://www.nawy.com/compound/1214-the-grey/property/62438-office-for-sale-in-the-gray-in-new-cairo-by-housing-and-development-properties-hdp
2026-01-30 08:13:04,104 | INFO | 📄 Navigating to: https://www.nawy.com/compound/1214-the-grey/property/62438-office-for-sale-in-th...
2026-01-30 08:13:11,565 | INFO |    ✅ Unknown
2026-01-30 08:13:11,691 | INFO | 🔄 Updated compound: None
2026-01-30 08:13:11,692 | INFO |    💾 Saved to MongoDB
2026-01-30 08:13:15,828 | INFO | [4/756] Scraping: https://www.nawy.com/compound/917-ivy
2026-01-30 08:13:15,831 | INFO | 📄 Navigating to: https://www.nawy.com/compound/917-ivy...
2026-01-30 08:13:28,791 | INFO |    ✅ IVY
2026-01-30 08:13:28,940 | INFO | 🔄 Updated compound: IVY
2026-01-30 08:13:28,941 | INFO |    💾 Saved to MongoDB
2026-01-30 08:13:33,852 | INFO | [5/756] Scraping: https://www.nawy.com/compound/1536-lugano-el-galala-ain-el-sokhna
2026-01-30 08:13:33,855 | INFO | 📄 Navigating to: https://www.nawy.com/compound/1536-lugano-el-galala-ain-el-sokhna...
2026-01-30 08:13:40,825 | INFO |    ✅ Lugano El Galala Ain El Sokhna
2026-01-30 08:13:40,954 | INFO | ➕ Inserted new compound: Lugano El Galala Ain El Sokhna
2026-01-30 08:13:40,956 | INFO |    💾 Saved to MongoDB
2026-01-30 08:13:46,746 | INFO | [6/756] Scraping: https://www.nawy.com/compound/1573-sector-3
2026-01-30 08:13:46,746 | INFO | 📄 Navigating to: https://www.nawy.com/compound/1573-sector-3...
2026-01-30 08:13:56,961 | INFO |    ✅ Sector 3
2026-01-30 08:13:57,084 | INFO | ➕ Inserted new compound: Sector 3
2026-01-30 08:13:57,085 | INFO |    💾 Saved to MongoDB
2026-01-30 08:14:01,547 | INFO | [7/756] Scraping: https://www.nawy.com/compound/1611-the-park
2026-01-30 08:14:01,549 | INFO | 📄 Navigating to: https://www.nawy.com/compound/1611-the-park...
2026-01-30 08:14:31,679 | ERROR | ❌ Navigation error (attempt 1): Timeout 30000ms exceeded.
2026-01-30 08:14:31,680 | INFO | ⏳ Retrying in 2.8s...
2026-01-30 08:14:34,446 | INFO | 📄 Navigating to: https://www.nawy.com/compound/1611-the-park...
2026-01-30 08:15:04,593 | ERROR | ❌ Navigation error (attempt 2): Timeout 30000ms exceeded.
2026-01-30 08:15:04,595 | INFO | ⏳ Retrying in 3.6s...
2026-01-30 08:15:08,214 | INFO | 📄 Navigating to: https://www.nawy.com/compound/1611-the-park...
2026-01-30 08:15:20,193 | INFO |    ✅ The Park-Mountain View 1.1
2026-01-30 08:15:20,351 | INFO | ➕ Inserted new compound: The Park-Mountain View 1.1
2026-01-30 08:15:20,351 | INFO |    💾 Saved to MongoDB
2026-01-30 08:15:24,597 | INFO | [8/756] Scraping: https://www.nawy.com/compound/1612-the-greens
2026-01-30 08:15:24,598 | INFO | 📄 Navigating to: https://www.nawy.com/compound/1612-the-greens...
2026-01-30 08:15:48,287 | INFO |    ✅ The Greens
2026-01-30 08:15:48,460 | INFO | ➕ Inserted new compound: The Greens
2026-01-30 08:15:48,462 | INFO |    💾 Saved to MongoDB
2026-01-30 08:15:52,454 | INFO | [9/756] Scraping: https://www.nawy.com/compound/1621-club-park-icity-new-cairo
2026-01-30 08:15:52,456 | INFO | 📄 Navigating to: https://www.nawy.com/compound/1621-club-park-icity-new-cairo...
2026-01-30 08:16:05,876 | INFO |    ✅ Club Park- ICity New Cairo
2026-01-30 08:16:06,025 | INFO | ➕ Inserted new compound: Club Park- ICity New Cairo
2026-01-30 08:16:06,026 | INFO |    💾 Saved to MongoDB
2026-01-30 08:16:10,511 | INFO | [10/756] Scraping: https://www.nawy.com/compound/1622-mv-park-icity-new-cairo
2026-01-30 08:16:10,513 | INFO | 📄 Navigating to: https://www.nawy.com/compound/1622-mv-park-icity-new-cairo...
2026-01-30 08:16:24,097 | INFO |    ✅ MV Park - ICity New Cairo
2026-01-30 08:16:24,286 | INFO | ➕ Inserted new compound: MV Park - ICity New Cairo
2026-01-30 08:16:24,286 | INFO |    💾 Saved to MongoDB
2026-01-30 08:16:28,809 | INFO | [11/756] Scraping: https://www.nawy.com/compound/1631-zomra-east
2026-01-30 08:16:28,809 | INFO | 📄 Navigating to: https://www.nawy.com/compound/1631-zomra-east...
2026-01-30 08:16:58,927 | ERROR | ❌ Navigation error (attempt 1): Timeout 30000ms exceeded.
2026-01-30 08:16:58,928 | INFO | ⏳ Retrying in 3.9s...
2026-01-30 08:17:02,819 | INFO | 📄 Navigating to: https://www.nawy.com/compound/1631-zomra-east...
2026-01-30 08:17:32,948 | ERROR | ❌ Navigation error (attempt 2): Timeout 30000ms exceeded.
2026-01-30 08:17:32,949 | INFO | ⏳ Retrying in 3.9s...
2026-01-30 08:17:36,885 | INFO | 📄 Navigating to: https://www.nawy.com/compound/1631-zomra-east...
2026-01-30 08:18:07,021 | ERROR | ❌ Navigation error (attempt 3): Timeout 30000ms exceeded.
2026-01-30 08:18:07,022 | WARNING |    ❌ Failed to scrape
2026-01-30 08:18:12,325 | INFO | [12/756] Scraping: https://www.nawy.com/compound/1643-hyatt-centric
2026-01-30 08:18:12,326 | INFO | 📄 Navigating to: https://www.nawy.com/compound/1643-hyatt-centric...
2026-01-30 08:18:27,807 | INFO |    ✅ Hyatt Centric
2026-01-30 08:18:28,004 | INFO | ➕ Inserted new compound: Hyatt Centric
2026-01-30 08:18:28,005 | INFO |    💾 Saved to MongoDB
2026-01-30 08:18:33,941 | INFO | [13/756] Scraping: https://www.nawy.com/compound/1648-crysta
2026-01-30 08:18:33,942 | INFO | 📄 Navigating to: https://www.nawy.com/compound/1648-crysta...
2026-01-30 08:18:45,698 | INFO |    ✅ Crysta
2026-01-30 08:18:45,872 | INFO | ➕ Inserted new compound: Crysta
2026-01-30 08:18:45,873 | INFO |    💾 Saved to MongoDB
2026-01-30 08:18:50,111 | INFO | [14/756] Scraping: https://www.nawy.com/compound/1656-telal-al-guezira
2026-01-30 08:18:50,114 | INFO | 📄 Navigating to: https://www.nawy.com/compound/1656-telal-al-guezira...
2026-01-30 08:18:58,501 | INFO |    ✅ Telal Al Guezira
2026-01-30 08:18:58,860 | INFO | ➕ Inserted new compound: Telal Al Guezira
2026-01-30 08:18:58,861 | INFO |    💾 Saved to MongoDB
2026-01-30 08:19:04,752 | INFO | [15/756] Scraping: https://www.nawy.com/compound/1661-boutique-village-2
2026-01-30 08:19:04,756 | INFO | 📄 Navigating to: https://www.nawy.com/compound/1661-boutique-village-2...
2026-01-30 08:19:30,392 | INFO |    ✅ Boutique Village 2
2026-01-30 08:19:30,527 | INFO | ➕ Inserted new compound: Boutique Village 2
2026-01-30 08:19:30,527 | INFO |    💾 Saved to MongoDB
2026-01-30 08:19:33,633 | INFO | [16/756] Scraping: https://www.nawy.com/compound/1662-cyra-sun-capital
2026-01-30 08:19:33,635 | INFO | 📄 Navigating to: https://www.nawy.com/compound/1662-cyra-sun-capital...
2026-01-30 08:19:50,048 | INFO |    ✅ Cyra - Sun Capital
2026-01-30 08:19:50,219 | INFO | ➕ Inserted new compound: Cyra - Sun Capital
2026-01-30 08:19:50,220 | INFO |    💾 Saved to MongoDB
2026-01-30 08:19:54,814 | INFO | [17/756] Scraping: https://www.nawy.com/compound/1663-wadi-yemm
2026-01-30 08:19:54,815 | INFO | 📄 Navigating to: https://www.nawy.com/compound/1663-wadi-yemm...
2026-01-30 08:20:06,866 | INFO |    ✅ Wadi Yemm
2026-01-30 08:20:07,025 | INFO | ➕ Inserted new compound: Wadi Yemm
2026-01-30 08:20:07,026 | INFO |    💾 Saved to MongoDB
2026-01-30 08:20:11,548 | INFO | [18/756] Scraping: https://www.nawy.com/compound/1664-vaya-jefaira
2026-01-30 08:20:11,550 | INFO | 📄 Navigating to: https://www.nawy.com/compound/1664-vaya-jefaira...
2026-01-30 08:20:20,474 | INFO |    ✅ Vaya - Jefaira
2026-01-30 08:20:20,627 | INFO | ➕ Inserted new compound: Vaya - Jefaira
2026-01-30 08:20:20,627 | INFO |    💾 Saved to MongoDB
2026-01-30 08:20:24,754 | INFO | [19/756] Scraping: https://www.nawy.com/compound/1667-amber-il-bayou
2026-01-30 08:20:24,757 | INFO | 📄 Navigating to: https://www.nawy.com/compound/1667-amber-il-bayou...
2026-01-30 08:20:38,599 | INFO |    ✅ Amber-Il Bayou
2026-01-30 08:20:38,751 | INFO | ➕ Inserted new compound: Amber-Il Bayou
2026-01-30 08:20:38,757 | INFO |    💾 Saved to MongoDB
2026-01-30 08:20:43,864 | INFO | [20/756] Scraping: https://www.nawy.com/compound/1668-jade-il-bayou
2026-01-30 08:20:43,866 | INFO | 📄 Navigating to: https://www.nawy.com/compound/1668-jade-il-bayou...
2026-01-30 08:20:58,969 | INFO |    ✅ Jade-Il Bayou
2026-01-30 08:20:59,116 | INFO | ➕ Inserted new compound: Jade-Il Bayou
2026-01-30 08:20:59,117 | INFO |    💾 Saved to MongoDB
2026-01-30 08:21:04,043 | INFO | [21/756] Scraping: https://www.nawy.com/compound/1669-waterside-seashore
2026-01-30 08:21:04,043 | INFO | 📄 Navigating to: https://www.nawy.com/compound/1669-waterside-seashore...
2026-01-30 08:21:17,632 | INFO |    ✅ Waterside - Seashore
2026-01-30 08:21:17,779 | INFO | ➕ Inserted new compound: Waterside - Seashore
2026-01-30 08:21:17,779 | INFO |    💾 Saved to MongoDB
2026-01-30 08:21:22,289 | INFO | [22/756] Scraping: https://www.nawy.com/compound/1675-blanca-gardens
2026-01-30 08:21:22,290 | INFO | 📄 Navigating to: https://www.nawy.com/compound/1675-blanca-gardens...
2026-01-30 08:21:35,418 | INFO |    ✅ Blanca Gardens
2026-01-30 08:21:35,603 | INFO | ➕ Inserted new compound: Blanca Gardens
2026-01-30 08:21:35,603 | INFO |    💾 Saved to MongoDB
2026-01-30 08:21:40,696 | INFO | [23/756] Scraping: https://www.nawy.com/compound/1678-pearl-june
2026-01-30 08:21:40,697 | INFO | 📄 Navigating to: https://www.nawy.com/compound/1678-pearl-june...
2026-01-30 08:21:57,622 | INFO |    ✅ Pearl-June
2026-01-30 08:21:57,923 | INFO | ➕ Inserted new compound: Pearl-June
2026-01-30 08:21:57,925 | INFO |    💾 Saved to MongoDB
2026-01-30 08:22:02,891 | INFO | [24/756] Scraping: https://www.nawy.com/compound/1679-aquamarine-june
2026-01-30 08:22:02,892 | INFO | 📄 Navigating to: https://www.nawy.com/compound/1679-aquamarine-june...
2026-01-30 08:22:26,453 | INFO |    ✅ Aquamarine-June
2026-01-30 08:22:26,603 | INFO | ➕ Inserted new compound: Aquamarine-June
2026-01-30 08:22:26,603 | INFO |    💾 Saved to MongoDB
2026-01-30 08:22:29,676 | INFO | [25/756] Scraping: https://www.nawy.com/compound/1680-opal-june
2026-01-30 08:22:29,677 | INFO | 📄 Navigating to: https://www.nawy.com/compound/1680-opal-june...
2026-01-30 08:22:43,026 | INFO |    ✅ Opal-June
2026-01-30 08:22:43,269 | INFO | ➕ Inserted new compound: Opal-June
2026-01-30 08:22:43,269 | INFO |    💾 Saved to MongoDB
2026-01-30 08:22:48,958 | INFO | [26/756] Scraping: https://www.nawy.com/compound/1681-valea
2026-01-30 08:22:48,960 | INFO | 📄 Navigating to: https://www.nawy.com/compound/1681-valea...
2026-01-30 08:22:57,429 | INFO |    ✅ Valea
2026-01-30 08:22:57,554 | INFO | ➕ Inserted new compound: Valea
2026-01-30 08:22:57,554 | INFO |    💾 Saved to MongoDB
2026-01-30 08:23:01,652 | INFO | [27/756] Scraping: https://www.nawy.com/compound/1689-lake-west-5
2026-01-30 08:23:01,655 | INFO | 📄 Navigating to: https://www.nawy.com/compound/1689-lake-west-5...
2026-01-30 08:23:08,855 | INFO |    ✅ Lake West 5
2026-01-30 08:23:08,999 | INFO | ➕ Inserted new compound: Lake West 5
2026-01-30 08:23:09,000 | INFO |    💾 Saved to MongoDB
2026-01-30 08:23:14,471 | INFO | [28/756] Scraping: https://www.nawy.com/compound/1695-olive-oasis-solare
2026-01-30 08:23:14,471 | INFO | 📄 Navigating to: https://www.nawy.com/compound/1695-olive-oasis-solare...
2026-01-30 08:23:26,545 | INFO |    ✅ Olive Oasis - Solare
2026-01-30 08:23:26,696 | INFO | ➕ Inserted new compound: Olive Oasis - Solare
2026-01-30 08:23:26,696 | INFO |    💾 Saved to MongoDB
2026-01-30 08:23:31,969 | INFO | [29/756] Scraping: https://www.nawy.com/compound/1696-caesar-extension-2
2026-01-30 08:23:31,970 | INFO | 📄 Navigating to: https://www.nawy.com/compound/1696-caesar-extension-2...
2026-01-30 08:23:47,779 | INFO |    ✅ Caesar Extension 2
2026-01-30 08:23:47,931 | INFO | ➕ Inserted new compound: Caesar Extension 2
2026-01-30 08:23:47,931 | INFO |    💾 Saved to MongoDB
2026-01-30 08:23:51,346 | INFO | [30/756] Scraping: https://www.nawy.com/compound/1697-jirian-phase-one
2026-01-30 08:23:51,347 | INFO | 📄 Navigating to: https://www.nawy.com/compound/1697-jirian-phase-one...
2026-01-30 08:24:00,218 | INFO |    ✅ Jirian-Phase One
2026-01-30 08:24:00,357 | INFO | ➕ Inserted new compound: Jirian-Phase One
2026-01-30 08:24:00,358 | INFO |    💾 Saved to MongoDB
2026-01-30 08:24:04,576 | INFO | [31/756] Scraping: https://www.nawy.com/compound/1698-jirian-phase-2
2026-01-30 08:24:04,577 | INFO | 📄 Navigating to: https://www.nawy.com/compound/1698-jirian-phase-2...
2026-01-30 08:24:12,907 | INFO |    ✅ Jirian-Phase 2
2026-01-30 08:24:13,057 | INFO | ➕ Inserted new compound: Jirian-Phase 2
2026-01-30 08:24:13,058 | INFO |    💾 Saved to MongoDB
2026-01-30 08:24:17,197 | INFO | [32/756] Scraping: https://www.nawy.com/compound/1699-px-phase-one
2026-01-30 08:24:17,198 | INFO | 📄 Navigating to: https://www.nawy.com/compound/1699-px-phase-one...
2026-01-30 08:24:26,974 | INFO |    ✅ PX-Phase One
2026-01-30 08:24:27,111 | INFO | ➕ Inserted new compound: PX-Phase One
2026-01-30 08:24:27,112 | INFO |    💾 Saved to MongoDB
2026-01-30 08:24:32,531 | INFO | [33/756] Scraping: https://www.nawy.com/compound/1700-px-phase-two
2026-01-30 08:24:32,532 | INFO | 📄 Navigating to: https://www.nawy.com/compound/1700-px-phase-two...
2026-01-30 08:24:44,932 | INFO |    ✅ PX-Phase Two
2026-01-30 08:24:45,070 | INFO | ➕ Inserted new compound: PX-Phase Two
2026-01-30 08:24:45,071 | INFO |    💾 Saved to MongoDB
2026-01-30 08:24:48,893 | INFO | [34/756] Scraping: https://www.nawy.com/compound/1705-the-waterway-north-coast-phase-two
2026-01-30 08:24:48,893 | INFO | 📄 Navigating to: https://www.nawy.com/compound/1705-the-waterway-north-coast-phase-two...
2026-01-30 08:25:10,705 | INFO |    ✅ The Waterway North Coast-Phase Two
2026-01-30 08:25:10,941 | INFO | ➕ Inserted new compound: The Waterway North Coast-Phase Two
2026-01-30 08:25:10,941 | INFO |    💾 Saved to MongoDB
2026-01-30 08:25:14,907 | INFO | [35/756] Scraping: https://www.nawy.com/compound/1712-kayan-phase-2
2026-01-30 08:25:14,908 | INFO | 📄 Navigating to: https://www.nawy.com/compound/1712-kayan-phase-2...
2026-01-30 08:25:28,216 | INFO |    ✅ Kayan-Phase 2
2026-01-30 08:25:28,352 | INFO | ➕ Inserted new compound: Kayan-Phase 2
2026-01-30 08:25:28,353 | INFO |    💾 Saved to MongoDB
2026-01-30 08:25:31,776 | INFO | [36/756] Scraping: https://www.nawy.com/compound/1713-r1-dunes
2026-01-30 08:25:31,777 | INFO | 📄 Navigating to: https://www.nawy.com/compound/1713-r1-dunes...
2026-01-30 08:25:44,378 | INFO |    ✅ R1-Dunes
2026-01-30 08:25:44,533 | INFO | ➕ Inserted new compound: R1-Dunes
2026-01-30 08:25:44,534 | INFO |    💾 Saved to MongoDB
2026-01-30 08:25:49,474 | INFO | [37/756] Scraping: https://www.nawy.com/compound/1714-r2-the-town
2026-01-30 08:25:49,475 | INFO | 📄 Navigating to: https://www.nawy.com/compound/1714-r2-the-town...
2026-01-30 08:26:03,220 | INFO |    ✅ R2-The Town
2026-01-30 08:26:03,381 | INFO | ➕ Inserted new compound: R2-The Town
2026-01-30 08:26:03,382 | INFO |    💾 Saved to MongoDB
2026-01-30 08:26:08,431 | INFO | [38/756] Scraping: https://www.nawy.com/compound/1717-r3-oasis
2026-01-30 08:26:08,435 | INFO | 📄 Navigating to: https://www.nawy.com/compound/1717-r3-oasis...
2026-01-30 08:26:22,742 | INFO |    ✅ R3-Oasis
2026-01-30 08:26:22,892 | INFO | ➕ Inserted new compound: R3-Oasis
2026-01-30 08:26:22,893 | INFO |    💾 Saved to MongoDB
2026-01-30 08:26:28,446 | INFO | [39/756] Scraping: https://www.nawy.com/compound/1718-r4-the-grove
2026-01-30 08:26:28,447 | INFO | 📄 Navigating to: https://www.nawy.com/compound/1718-r4-the-grove...
2026-01-30 08:26:43,337 | INFO |    ✅ R4-The Grove
2026-01-30 08:26:43,488 | INFO | ➕ Inserted new compound: R4-The Grove
2026-01-30 08:26:43,489 | INFO |    💾 Saved to MongoDB
2026-01-30 08:26:48,659 | INFO | [40/756] Scraping: https://www.nawy.com/compound/1719-r5-acacia
2026-01-30 08:26:48,660 | INFO | 📄 Navigating to: https://www.nawy.com/compound/1719-r5-acacia...
2026-01-30 08:27:01,854 | INFO |    ✅ R5-Acacia
2026-01-30 08:27:02,007 | INFO | ➕ Inserted new compound: R5-Acacia
2026-01-30 08:27:02,007 | INFO |    💾 Saved to MongoDB
2026-01-30 08:27:06,919 | INFO | [41/756] Scraping: https://www.nawy.com/compound/1722-queen-land
2026-01-30 08:27:06,921 | INFO | 📄 Navigating to: https://www.nawy.com/compound/1722-queen-land...
2026-01-30 08:27:23,203 | INFO |    ✅ Queen Land
2026-01-30 08:27:23,326 | INFO | ➕ Inserted new compound: Queen Land
2026-01-30 08:27:23,327 | INFO |    💾 Saved to MongoDB
2026-01-30 08:27:27,543 | INFO | [42/756] Scraping: https://www.nawy.com/compound/1723-story-hospitality
2026-01-30 08:27:27,543 | INFO | 📄 Navigating to: https://www.nawy.com/compound/1723-story-hospitality...
2026-01-30 08:27:34,166 | INFO |    ✅ Story Hospitality
2026-01-30 08:27:34,485 | INFO | ➕ Inserted new compound: Story Hospitality
2026-01-30 08:27:34,486 | INFO |    💾 Saved to MongoDB
2026-01-30 08:27:39,162 | INFO | [43/756] Scraping: https://www.nawy.com/compound/1724-midtown-new-cairo-mall
2026-01-30 08:27:39,163 | INFO | 📄 Navigating to: https://www.nawy.com/compound/1724-midtown-new-cairo-mall...
2026-01-30 08:27:49,820 | INFO |    ✅ Midtown New Cairo Mall
2026-01-30 08:27:49,991 | INFO | ➕ Inserted new compound: Midtown New Cairo Mall
2026-01-30 08:27:49,991 | INFO |    💾 Saved to MongoDB
2026-01-30 08:27:54,911 | INFO | [44/756] Scraping: https://www.nawy.com/compound/1727-lilac-village
2026-01-30 08:27:54,911 | INFO | 📄 Navigating to: https://www.nawy.com/compound/1727-lilac-village...
2026-01-30 08:28:25,030 | ERROR | ❌ Navigation error (attempt 1): Timeout 30000ms exceeded.
2026-01-30 08:28:25,031 | INFO | ⏳ Retrying in 2.0s...
2026-01-30 08:28:27,056 | INFO | 📄 Navigating to: https://www.nawy.com/compound/1727-lilac-village...
2026-01-30 08:28:57,178 | ERROR | ❌ Navigation error (attempt 2): Timeout 30000ms exceeded.
2026-01-30 08:28:57,179 | INFO | ⏳ Retrying in 3.7s...
2026-01-30 08:29:00,934 | INFO | 📄 Navigating to: https://www.nawy.com/compound/1727-lilac-village...
2026-01-30 08:29:09,556 | INFO |    ✅ Lilac Village
2026-01-30 08:29:09,707 | INFO | ➕ Inserted new compound: Lilac Village
2026-01-30 08:29:09,708 | INFO |    💾 Saved to MongoDB
2026-01-30 08:29:15,176 | INFO | [45/756] Scraping: https://www.nawy.com/compound/1734-de-joya-4-phase-2
2026-01-30 08:29:15,176 | INFO | 📄 Navigating to: https://www.nawy.com/compound/1734-de-joya-4-phase-2...
2026-01-30 08:29:35,637 | INFO |    ✅ De Joya 4-Phase 2
2026-01-30 08:29:35,771 | INFO | ➕ Inserted new compound: De Joya 4-Phase 2
2026-01-30 08:29:35,772 | INFO |    💾 Saved to MongoDB
2026-01-30 08:29:39,079 | INFO | [46/756] Scraping: https://www.nawy.com/compound/1735-j-east-phase-1
2026-01-30 08:29:39,081 | INFO | 📄 Navigating to: https://www.nawy.com/compound/1735-j-east-phase-1...
2026-01-30 08:30:09,216 | ERROR | ❌ Navigation error (attempt 1): Timeout 30000ms exceeded.
2026-01-30 08:30:09,217 | INFO | ⏳ Retrying in 2.5s...
2026-01-30 08:30:11,678 | INFO | 📄 Navigating to: https://www.nawy.com/compound/1735-j-east-phase-1...
2026-01-30 08:30:41,800 | ERROR | ❌ Navigation error (attempt 2): Timeout 30000ms exceeded.
2026-01-30 08:30:41,802 | INFO | ⏳ Retrying in 4.0s...
2026-01-30 08:30:45,804 | INFO | 📄 Navigating to: https://www.nawy.com/compound/1735-j-east-phase-1...
2026-01-30 08:31:15,932 | ERROR | ❌ Navigation error (attempt 3): Timeout 30000ms exceeded.
2026-01-30 08:31:15,933 | WARNING |    ❌ Failed to scrape
2026-01-30 08:31:21,345 | INFO | [47/756] Scraping: https://www.nawy.com/compound/1736-j-east-phase-2
2026-01-30 08:31:21,347 | INFO | 📄 Navigating to: https://www.nawy.com/compound/1736-j-east-phase-2...
2026-01-30 08:31:51,488 | ERROR | ❌ Navigation error (attempt 1): Timeout 30000ms exceeded.
2026-01-30 08:31:51,490 | INFO | ⏳ Retrying in 2.9s...
2026-01-30 08:31:54,389 | INFO | 📄 Navigating to: https://www.nawy.com/compound/1736-j-east-phase-2...
2026-01-30 08:32:24,514 | ERROR | ❌ Navigation error (attempt 2): Timeout 30000ms exceeded.
2026-01-30 08:32:24,517 | INFO | ⏳ Retrying in 3.6s...
2026-01-30 08:32:28,125 | INFO | 📄 Navigating to: https://www.nawy.com/compound/1736-j-east-phase-2...
2026-01-30 08:32:58,272 | ERROR | ❌ Navigation error (attempt 3): Timeout 30000ms exceeded.
2026-01-30 08:32:58,273 | WARNING |    ❌ Failed to scrape
2026-01-30 08:33:03,622 | INFO | [48/756] Scraping: https://www.nawy.com/compound/1737-ruby
2026-01-30 08:33:03,622 | INFO | 📄 Navigating to: https://www.nawy.com/compound/1737-ruby...
2026-01-30 08:33:19,797 | INFO |    ✅ Ruby
2026-01-30 08:33:19,944 | INFO | ➕ Inserted new compound: Ruby
2026-01-30 08:33:19,944 | INFO |    💾 Saved to MongoDB
2026-01-30 08:33:24,862 | INFO | [49/756] Scraping: https://www.nawy.com/compound/1746-lakeside-bloomfields
2026-01-30 08:33:24,863 | INFO | 📄 Navigating to: https://www.nawy.com/compound/1746-lakeside-bloomfields...
2026-01-30 08:33:38,392 | INFO |    ✅ Lakeside-Bloomfields
2026-01-30 08:33:38,541 | INFO | ➕ Inserted new compound: Lakeside-Bloomfields
2026-01-30 08:33:38,542 | INFO |    💾 Saved to MongoDB
2026-01-30 08:33:41,589 | INFO | [50/756] Scraping: https://www.nawy.com/compound/1764-airy
2026-01-30 08:33:41,591 | INFO | 📄 Navigating to: https://www.nawy.com/compound/1764-airy...
2026-01-30 08:34:03,561 | INFO |    ✅ Airy
2026-01-30 08:34:03,705 | INFO | ➕ Inserted new compound: Airy
2026-01-30 08:34:03,705 | INFO |    💾 Saved to MongoDB
2026-01-30 08:34:07,596 | INFO | [51/756] Scraping: https://www.nawy.com/compound/1765-kernel
2026-01-30 08:34:07,600 | INFO | 📄 Navigating to: https://www.nawy.com/compound/1765-kernel...
2026-01-30 08:34:37,746 | ERROR | ❌ Navigation error (attempt 1): Timeout 30000ms exceeded.
2026-01-30 08:34:37,747 | INFO | ⏳ Retrying in 3.1s...
2026-01-30 08:34:40,851 | INFO | 📄 Navigating to: https://www.nawy.com/compound/1765-kernel...
2026-01-30 08:35:10,977 | ERROR | ❌ Navigation error (attempt 2): Timeout 30000ms exceeded.
2026-01-30 08:35:10,977 | INFO | ⏳ Retrying in 3.3s...
2026-01-30 08:35:14,249 | INFO | 📄 Navigating to: https://www.nawy.com/compound/1765-kernel...
2026-01-30 08:35:44,394 | ERROR | ❌ Navigation error (attempt 3): Timeout 30000ms exceeded.
2026-01-30 08:35:44,396 | WARNING |    ❌ Failed to scrape
2026-01-30 08:35:47,944 | INFO | [52/756] Scraping: https://www.nawy.com/compound/1766-epic
2026-01-30 08:35:47,946 | INFO | 📄 Navigating to: https://www.nawy.com/compound/1766-epic...
2026-01-30 08:36:18,080 | ERROR | ❌ Navigation error (attempt 1): Timeout 30000ms exceeded.
2026-01-30 08:36:18,081 | INFO | ⏳ Retrying in 3.9s...
2026-01-30 08:36:22,004 | INFO | 📄 Navigating to: https://www.nawy.com/compound/1766-epic...
2026-01-30 08:36:52,141 | ERROR | ❌ Navigation error (attempt 2): Timeout 30000ms exceeded.
2026-01-30 08:36:52,143 | INFO | ⏳ Retrying in 4.0s...
2026-01-30 08:36:56,147 | INFO | 📄 Navigating to: https://www.nawy.com/compound/1766-epic...
2026-01-30 08:37:04,412 | INFO |    ✅ Epic
2026-01-30 08:37:04,657 | INFO | ➕ Inserted new compound: Epic
2026-01-30 08:37:04,658 | INFO |    💾 Saved to MongoDB
2026-01-30 08:37:07,749 | INFO | [53/756] Scraping: https://www.nawy.com/compound/1767-sway-dose
2026-01-30 08:37:07,750 | INFO | 📄 Navigating to: https://www.nawy.com/compound/1767-sway-dose...
2026-01-30 08:37:16,276 | INFO |    ✅ Sway-Dose
2026-01-30 08:37:16,422 | INFO | ➕ Inserted new compound: Sway-Dose
2026-01-30 08:37:16,423 | INFO |    💾 Saved to MongoDB
2026-01-30 08:37:21,101 | INFO | [54/756] Scraping: https://www.nawy.com/compound/1769-sector-1
2026-01-30 08:37:21,101 | INFO | 📄 Navigating to: https://www.nawy.com/compound/1769-sector-1...
2026-01-30 08:37:30,854 | INFO |    ✅ Sector 1
2026-01-30 08:37:30,978 | INFO | ➕ Inserted new compound: Sector 1
2026-01-30 08:37:30,978 | INFO |    💾 Saved to MongoDB
2026-01-30 08:37:34,080 | INFO | [55/756] Scraping: https://www.nawy.com/compound/1770-sector-2
2026-01-30 08:37:34,081 | INFO | 📄 Navigating to: https://www.nawy.com/compound/1770-sector-2...
2026-01-30 08:37:56,197 | INFO |    ✅ Sector 2
2026-01-30 08:37:56,344 | INFO | ➕ Inserted new compound: Sector 2
2026-01-30 08:37:56,344 | INFO |    💾 Saved to MongoDB
2026-01-30 08:38:01,843 | INFO | [56/756] Scraping: https://www.nawy.com/compound/1774-reedy-city
2026-01-30 08:38:01,844 | INFO | 📄 Navigating to: https://www.nawy.com/compound/1774-reedy-city...
2026-01-30 08:38:16,690 | INFO |    ✅ Reedy City
2026-01-30 08:38:16,837 | INFO | ➕ Inserted new compound: Reedy City
2026-01-30 08:38:16,838 | INFO |    💾 Saved to MongoDB
2026-01-30 08:38:20,982 | INFO | [57/756] Scraping: https://www.nawy.com/compound/1775-mesca-heights
2026-01-30 08:38:20,985 | INFO | 📄 Navigating to: https://www.nawy.com/compound/1775-mesca-heights...
2026-01-30 08:38:31,800 | INFO |    ✅ Mesca Heights
2026-01-30 08:38:32,159 | INFO | ➕ Inserted new compound: Mesca Heights
2026-01-30 08:38:32,161 | INFO |    💾 Saved to MongoDB
2026-01-30 08:38:36,280 | INFO | [58/756] Scraping: https://www.nawy.com/compound/1778-azzar-reedy
2026-01-30 08:38:36,283 | INFO | 📄 Navigating to: https://www.nawy.com/compound/1778-azzar-reedy...
2026-01-30 08:39:06,425 | ERROR | ❌ Navigation error (attempt 1): Timeout 30000ms exceeded.
2026-01-30 08:39:06,425 | INFO | ⏳ Retrying in 3.0s...
2026-01-30 08:39:09,462 | INFO | 📄 Navigating to: https://www.nawy.com/compound/1778-azzar-reedy...
2026-01-30 08:39:19,217 | INFO |    ✅ Azzar Reedy
2026-01-30 08:39:19,344 | INFO | ➕ Inserted new compound: Azzar Reedy
2026-01-30 08:39:19,345 | INFO |    💾 Saved to MongoDB
2026-01-30 08:39:22,412 | INFO | [59/756] Scraping: https://www.nawy.com/compound/1780-boutiques-business-village
2026-01-30 08:39:22,414 | INFO | 📄 Navigating to: https://www.nawy.com/compound/1780-boutiques-business-village...
2026-01-30 08:39:31,755 | INFO |    ✅ Boutiques Business Village
2026-01-30 08:39:31,909 | INFO | ➕ Inserted new compound: Boutiques Business Village
2026-01-30 08:39:31,911 | INFO |    💾 Saved to MongoDB
2026-01-30 08:39:36,025 | INFO | [60/756] Scraping: https://www.nawy.com/compound/1782-acasa-alma
2026-01-30 08:39:36,026 | INFO | 📄 Navigating to: https://www.nawy.com/compound/1782-acasa-alma...
2026-01-30 08:39:52,518 | INFO |    ✅ Acasa Alma
2026-01-30 08:39:52,669 | INFO | ➕ Inserted new compound: Acasa Alma
2026-01-30 08:39:52,669 | INFO |    💾 Saved to MongoDB
2026-01-30 08:39:57,850 | INFO | [61/756] Scraping: https://www.nawy.com/compound/1783-caesar-extension-1
2026-01-30 08:39:57,851 | INFO | 📄 Navigating to: https://www.nawy.com/compound/1783-caesar-extension-1...
2026-01-30 08:40:24,833 | INFO |    ✅ Caesar Extension 1
2026-01-30 08:40:24,994 | INFO | ➕ Inserted new compound: Caesar Extension 1
2026-01-30 08:40:24,994 | INFO |    💾 Saved to MongoDB
2026-01-30 08:40:28,326 | INFO | [62/756] Scraping: https://www.nawy.com/compound/1784-the-greek-plage
2026-01-30 08:40:28,327 | INFO | 📄 Navigating to: https://www.nawy.com/compound/1784-the-greek-plage...
2026-01-30 08:40:40,265 | INFO |    ✅ The Greek Plage
2026-01-30 08:40:40,417 | INFO | ➕ Inserted new compound: The Greek Plage
2026-01-30 08:40:40,418 | INFO |    💾 Saved to MongoDB
2026-01-30 08:40:46,352 | INFO | [63/756] Scraping: https://www.nawy.com/compound/1785-kay-business-park
2026-01-30 08:40:46,353 | INFO | 📄 Navigating to: https://www.nawy.com/compound/1785-kay-business-park...
2026-01-30 08:41:12,556 | INFO |    ✅ K Business Park
2026-01-30 08:41:12,708 | INFO | ➕ Inserted new compound: K Business Park
2026-01-30 08:41:12,708 | INFO |    💾 Saved to MongoDB
2026-01-30 08:41:16,265 | INFO | [64/756] Scraping: https://www.nawy.com/compound/1787-hubwalk
2026-01-30 08:41:16,267 | INFO | 📄 Navigating to: https://www.nawy.com/compound/1787-hubwalk...
2026-01-30 08:41:33,532 | INFO |    ✅ Hubwalk
2026-01-30 08:41:33,679 | INFO | ➕ Inserted new compound: Hubwalk
2026-01-30 08:41:33,679 | INFO |    💾 Saved to MongoDB
2026-01-30 08:41:36,926 | INFO | [65/756] Scraping: https://www.nawy.com/compound/1790-ten-islands
2026-01-30 08:41:36,929 | INFO | 📄 Navigating to: https://www.nawy.com/compound/1790-ten-islands...
2026-01-30 08:41:58,760 | INFO |    ✅ Ten Islands
2026-01-30 08:41:58,908 | INFO | ➕ Inserted new compound: Ten Islands
2026-01-30 08:41:58,909 | INFO |    💾 Saved to MongoDB
2026-01-30 08:42:02,103 | INFO | [66/756] Scraping: https://www.nawy.com/compound/1794-begonia-walk
2026-01-30 08:42:02,104 | INFO | 📄 Navigating to: https://www.nawy.com/compound/1794-begonia-walk...
2026-01-30 08:42:32,222 | ERROR | ❌ Navigation error (attempt 1): Timeout 30000ms exceeded.
2026-01-30 08:42:32,223 | INFO | ⏳ Retrying in 2.5s...
2026-01-30 08:42:34,721 | INFO | 📄 Navigating to: https://www.nawy.com/compound/1794-begonia-walk...
2026-01-30 08:43:04,835 | ERROR | ❌ Navigation error (attempt 2): Timeout 30000ms exceeded.
2026-01-30 08:43:04,835 | INFO | ⏳ Retrying in 4.3s...
2026-01-30 08:43:09,131 | INFO | 📄 Navigating to: https://www.nawy.com/compound/1794-begonia-walk...
2026-01-30 08:43:39,256 | ERROR | ❌ Navigation error (attempt 3): Timeout 30000ms exceeded.
2026-01-30 08:43:39,257 | WARNING |    ❌ Failed to scrape
2026-01-30 08:43:42,899 | INFO | [67/756] Scraping: https://www.nawy.com/compound/1797-crescent-walk-central-parcel
2026-01-30 08:43:42,900 | INFO | 📄 Navigating to: https://www.nawy.com/compound/1797-crescent-walk-central-parcel...
2026-01-30 08:43:51,717 | INFO |    ✅ Crescent Walk - Central Parcel
2026-01-30 08:43:51,874 | INFO | ➕ Inserted new compound: Crescent Walk - Central Parcel
2026-01-30 08:43:51,875 | INFO |    💾 Saved to MongoDB
2026-01-30 08:43:56,955 | INFO | [68/756] Scraping: https://www.nawy.com/compound/1798-pixel-business-center
2026-01-30 08:43:56,955 | INFO | 📄 Navigating to: https://www.nawy.com/compound/1798-pixel-business-center...
2026-01-30 08:44:03,977 | INFO |    ✅ Pixel Business Center
2026-01-30 08:44:04,128 | INFO | ➕ Inserted new compound: Pixel Business Center
2026-01-30 08:44:04,129 | INFO |    💾 Saved to MongoDB
2026-01-30 08:44:07,504 | INFO | [69/756] Scraping: https://www.nawy.com/compound/1801-khan-arabesque
2026-01-30 08:44:07,504 | INFO | 📄 Navigating to: https://www.nawy.com/compound/1801-khan-arabesque...
2026-01-30 08:44:25,460 | INFO |    ✅ Khan Arabesque
2026-01-30 08:44:25,607 | INFO | ➕ Inserted new compound: Khan Arabesque
2026-01-30 08:44:25,612 | INFO |    💾 Saved to MongoDB
2026-01-30 08:44:30,574 | INFO | [70/756] Scraping: https://www.nawy.com/compound/1802-jazura
2026-01-30 08:44:30,575 | INFO | 📄 Navigating to: https://www.nawy.com/compound/1802-jazura...
2026-01-30 08:45:00,694 | ERROR | ❌ Navigation error (attempt 1): Timeout 30000ms exceeded.
2026-01-30 08:45:00,695 | INFO | ⏳ Retrying in 3.9s...
2026-01-30 08:45:04,610 | INFO | 📄 Navigating to: https://www.nawy.com/compound/1802-jazura...
2026-01-30 08:45:19,706 | INFO |    ✅ Jazura
2026-01-30 08:45:19,847 | INFO | ➕ Inserted new compound: Jazura
2026-01-30 08:45:19,869 | INFO |    💾 Saved to MongoDB
2026-01-30 08:45:24,500 | INFO | [71/756] Scraping: https://www.nawy.com/compound/1803-elmtree
2026-01-30 08:45:24,532 | INFO | 📄 Navigating to: https://www.nawy.com/compound/1803-elmtree...
2026-01-30 08:45:36,889 | INFO |    ✅ Elm Tree
2026-01-30 08:45:37,016 | INFO | ➕ Inserted new compound: Elm Tree
2026-01-30 08:45:37,016 | INFO |    💾 Saved to MongoDB
2026-01-30 08:45:41,421 | INFO | [72/756] Scraping: https://www.nawy.com/compound/1806-seen-gardenia
2026-01-30 08:45:41,425 | INFO | 📄 Navigating to: https://www.nawy.com/compound/1806-seen-gardenia...
2026-01-30 08:45:48,475 | INFO |    ✅ Seen Gardenia
2026-01-30 08:45:48,607 | INFO | ➕ Inserted new compound: Seen Gardenia
2026-01-30 08:45:48,608 | INFO |    💾 Saved to MongoDB
2026-01-30 08:45:51,734 | INFO | [73/756] Scraping: https://www.nawy.com/compound/1807-seen-social-district
2026-01-30 08:45:51,734 | INFO | 📄 Navigating to: https://www.nawy.com/compound/1807-seen-social-district...
2026-01-30 08:46:13,536 | INFO |    ✅ Seen Social District
2026-01-30 08:46:13,664 | INFO | ➕ Inserted new compound: Seen Social District
2026-01-30 08:46:13,664 | INFO |    💾 Saved to MongoDB
2026-01-30 08:46:17,737 | INFO | [74/756] Scraping: https://www.nawy.com/compound/1808-seventy-plaza-mall
2026-01-30 08:46:17,738 | INFO | 📄 Navigating to: https://www.nawy.com/compound/1808-seventy-plaza-mall...
2026-01-30 08:46:47,866 | ERROR | ❌ Navigation error (attempt 1): Timeout 30000ms exceeded.
2026-01-30 08:46:47,866 | INFO | ⏳ Retrying in 2.6s...
2026-01-30 08:46:50,425 | INFO | 📄 Navigating to: https://www.nawy.com/compound/1808-seventy-plaza-mall...
2026-01-30 08:47:20,547 | ERROR | ❌ Navigation error (attempt 2): Timeout 30000ms exceeded.
2026-01-30 08:47:20,548 | INFO | ⏳ Retrying in 3.2s...
2026-01-30 08:47:23,784 | INFO | 📄 Navigating to: https://www.nawy.com/compound/1808-seventy-plaza-mall...
2026-01-30 08:47:53,902 | ERROR | ❌ Navigation error (attempt 3): Timeout 30000ms exceeded.
2026-01-30 08:47:53,903 | WARNING |    ❌ Failed to scrape
2026-01-30 08:47:58,412 | INFO | [75/756] Scraping: https://www.nawy.com/compound/1809-do
2026-01-30 08:47:58,414 | INFO | 📄 Navigating to: https://www.nawy.com/compound/1809-do...
2026-01-30 08:48:28,545 | ERROR | ❌ Navigation error (attempt 1): Timeout 30000ms exceeded.
2026-01-30 08:48:28,546 | INFO | ⏳ Retrying in 3.6s...
2026-01-30 08:48:32,107 | INFO | 📄 Navigating to: https://www.nawy.com/compound/1809-do...
2026-01-30 08:48:38,860 | INFO |    ✅ Do
2026-01-30 08:48:39,020 | INFO | ➕ Inserted new compound: Do
2026-01-30 08:48:39,021 | INFO |    💾 Saved to MongoDB
2026-01-30 08:48:43,090 | INFO | [76/756] Scraping: https://www.nawy.com/compound/1811-quan-tower
2026-01-30 08:48:43,091 | INFO | 📄 Navigating to: https://www.nawy.com/compound/1811-quan-tower...
2026-01-30 08:49:06,681 | INFO |    ✅ Quan Tower
2026-01-30 08:49:06,809 | INFO | ➕ Inserted new compound: Quan Tower
2026-01-30 08:49:06,809 | INFO |    💾 Saved to MongoDB
2026-01-30 08:49:11,501 | INFO | [77/756] Scraping: https://www.nawy.com/compound/1814-shababeek
2026-01-30 08:49:11,502 | INFO | 📄 Navigating to: https://www.nawy.com/compound/1814-shababeek...
2026-01-30 08:49:41,698 | ERROR | ❌ Navigation error (attempt 1): Timeout 30000ms exceeded.
2026-01-30 08:49:41,882 | INFO | ⏳ Retrying in 3.2s...
2026-01-30 08:49:45,063 | INFO | 📄 Navigating to: https://www.nawy.com/compound/1814-shababeek...
2026-01-30 08:50:15,189 | ERROR | ❌ Navigation error (attempt 2): Timeout 30000ms exceeded.
2026-01-30 08:50:15,190 | INFO | ⏳ Retrying in 4.9s...
2026-01-30 08:50:20,122 | INFO | 📄 Navigating to: https://www.nawy.com/compound/1814-shababeek...
2026-01-30 08:50:50,245 | ERROR | ❌ Navigation error (attempt 3): Timeout 30000ms exceeded.
2026-01-30 08:50:50,246 | WARNING |    ❌ Failed to scrape
2026-01-30 08:50:54,533 | INFO | [78/756] Scraping: https://www.nawy.com/compound/1815-lagoons-new-capital
2026-01-30 08:50:54,533 | INFO | 📄 Navigating to: https://www.nawy.com/compound/1815-lagoons-new-capital...
2026-01-30 08:51:02,679 | INFO |    ✅ Lagoons New Capital
2026-01-30 08:51:02,837 | INFO | ➕ Inserted new compound: Lagoons New Capital
2026-01-30 08:51:02,839 | INFO |    💾 Saved to MongoDB
2026-01-30 08:51:07,233 | INFO | [79/756] Scraping: https://www.nawy.com/compound/1818-mamsha-central
2026-01-30 08:51:07,272 | INFO | 📄 Navigating to: https://www.nawy.com/compound/1818-mamsha-central...
2026-01-30 08:51:14,110 | INFO |    ✅ Mamsha Central
2026-01-30 08:51:14,261 | INFO | ➕ Inserted new compound: Mamsha Central
2026-01-30 08:51:14,261 | INFO |    💾 Saved to MongoDB
2026-01-30 08:51:18,925 | INFO | [80/756] Scraping: https://www.nawy.com/compound/1820-soduko
2026-01-30 08:51:18,926 | INFO | 📄 Navigating to: https://www.nawy.com/compound/1820-soduko...
2026-01-30 08:51:29,639 | INFO |    ✅ Sudoku
2026-01-30 08:51:29,777 | INFO | ➕ Inserted new compound: Sudoku
2026-01-30 08:51:29,778 | INFO |    💾 Saved to MongoDB
2026-01-30 08:51:34,740 | INFO | [81/756] Scraping: https://www.nawy.com/compound/1823-hay-el-ashgar
2026-01-30 08:51:34,741 | INFO | 📄 Navigating to: https://www.nawy.com/compound/1823-hay-el-ashgar...
2026-01-30 08:51:46,553 | INFO |    ✅ Hay El Ashgar
2026-01-30 08:51:46,699 | INFO | ➕ Inserted new compound: Hay El Ashgar
2026-01-30 08:51:46,700 | INFO |    💾 Saved to MongoDB
2026-01-30 08:51:50,481 | INFO | [82/756] Scraping: https://www.nawy.com/compound/1824-jada
2026-01-30 08:51:50,482 | INFO | 📄 Navigating to: https://www.nawy.com/compound/1824-jada...
2026-01-30 08:51:58,570 | INFO |    ✅ Jada
2026-01-30 08:51:58,743 | INFO | ➕ Inserted new compound: Jada
2026-01-30 08:51:58,744 | INFO |    💾 Saved to MongoDB
2026-01-30 08:52:03,639 | INFO | [83/756] Scraping: https://www.nawy.com/compound/1825-flare-plaza
2026-01-30 08:52:03,640 | INFO | 📄 Navigating to: https://www.nawy.com/compound/1825-flare-plaza...
2026-01-30 08:52:17,749 | INFO |    ✅ Flare Plaza
2026-01-30 08:52:17,872 | INFO | ➕ Inserted new compound: Flare Plaza
2026-01-30 08:52:17,873 | INFO |    💾 Saved to MongoDB
2026-01-30 08:52:21,813 | INFO | [84/756] Scraping: https://www.nawy.com/compound/1826-life-wise
2026-01-30 08:52:21,813 | INFO | 📄 Navigating to: https://www.nawy.com/compound/1826-life-wise...
2026-01-30 08:52:37,952 | INFO |    ✅ Life Wise
2026-01-30 08:52:38,138 | INFO | ➕ Inserted new compound: Life Wise
2026-01-30 08:52:38,138 | INFO |    💾 Saved to MongoDB
2026-01-30 08:52:42,387 | INFO | [85/756] Scraping: https://www.nawy.com/compound/1827-s-suits-solay
2026-01-30 08:52:42,389 | INFO | 📄 Navigating to: https://www.nawy.com/compound/1827-s-suits-solay...
2026-01-30 08:53:07,646 | INFO |    ✅ S Suits - Solay
2026-01-30 08:53:07,815 | INFO | ➕ Inserted new compound: S Suits - Solay
2026-01-30 08:53:07,815 | INFO |    💾 Saved to MongoDB
2026-01-30 08:53:12,844 | INFO | [86/756] Scraping: https://www.nawy.com/compound/1828-hyatt-regency-residences
2026-01-30 08:53:12,845 | INFO | 📄 Navigating to: https://www.nawy.com/compound/1828-hyatt-regency-residences...
2026-01-30 08:53:42,964 | ERROR | ❌ Navigation error (attempt 1): Timeout 30000ms exceeded.
2026-01-30 08:53:42,966 | INFO | ⏳ Retrying in 2.5s...
2026-01-30 08:53:45,464 | INFO | 📄 Navigating to: https://www.nawy.com/compound/1828-hyatt-regency-residences...
2026-01-30 08:54:15,601 | ERROR | ❌ Navigation error (attempt 2): Timeout 30000ms exceeded.
2026-01-30 08:54:15,602 | INFO | ⏳ Retrying in 4.6s...
2026-01-30 08:54:20,202 | INFO | 📄 Navigating to: https://www.nawy.com/compound/1828-hyatt-regency-residences...
2026-01-30 08:54:50,332 | ERROR | ❌ Navigation error (attempt 3): Timeout 30000ms exceeded.
2026-01-30 08:54:50,333 | WARNING |    ❌ Failed to scrape
2026-01-30 08:54:55,362 | INFO | [87/756] Scraping: https://www.nawy.com/compound/1829-aqmar
2026-01-30 08:54:55,364 | INFO | 📄 Navigating to: https://www.nawy.com/compound/1829-aqmar...
2026-01-30 08:55:08,828 | INFO |    ✅ Aqmar
2026-01-30 08:55:08,983 | INFO | ➕ Inserted new compound: Aqmar
2026-01-30 08:55:08,984 | INFO |    💾 Saved to MongoDB
2026-01-30 08:55:13,910 | INFO | [88/756] Scraping: https://www.nawy.com/compound/1830-40-square
2026-01-30 08:55:13,912 | INFO | 📄 Navigating to: https://www.nawy.com/compound/1830-40-square...
2026-01-30 08:55:25,619 | INFO |    ✅ 40 Square
2026-01-30 08:55:25,767 | INFO | ➕ Inserted new compound: 40 Square
2026-01-30 08:55:25,768 | INFO |    💾 Saved to MongoDB
2026-01-30 08:55:29,325 | INFO | [89/756] Scraping: https://www.nawy.com/compound/1831-darvell-business-complex
2026-01-30 08:55:29,325 | INFO | 📄 Navigating to: https://www.nawy.com/compound/1831-darvell-business-complex...
2026-01-30 08:55:46,488 | INFO |    ✅ Darvell Business Complex
2026-01-30 08:55:46,620 | INFO | ➕ Inserted new compound: Darvell Business Complex
2026-01-30 08:55:46,621 | INFO |    💾 Saved to MongoDB
2026-01-30 08:55:52,171 | INFO | [90/756] Scraping: https://www.nawy.com/compound/1832-eagle-tower
2026-01-30 08:55:52,173 | INFO | 📄 Navigating to: https://www.nawy.com/compound/1832-eagle-tower...
2026-01-30 08:56:22,294 | ERROR | ❌ Navigation error (attempt 1): Timeout 30000ms exceeded.
2026-01-30 08:56:22,294 | INFO | ⏳ Retrying in 2.3s...
2026-01-30 08:56:24,582 | INFO | 📄 Navigating to: https://www.nawy.com/compound/1832-eagle-tower...
2026-01-30 08:56:54,702 | ERROR | ❌ Navigation error (attempt 2): Timeout 30000ms exceeded.
2026-01-30 08:56:54,704 | INFO | ⏳ Retrying in 4.6s...
2026-01-30 08:56:59,261 | INFO | 📄 Navigating to: https://www.nawy.com/compound/1832-eagle-tower...
2026-01-30 08:57:29,390 | ERROR | ❌ Navigation error (attempt 3): Timeout 30000ms exceeded.
2026-01-30 08:57:29,390 | WARNING |    ❌ Failed to scrape
2026-01-30 08:57:34,788 | INFO | [91/756] Scraping: https://www.nawy.com/compound/1833-mee-hotel
2026-01-30 08:57:34,859 | INFO | 📄 Navigating to: https://www.nawy.com/compound/1833-mee-hotel...
2026-01-30 08:58:05,038 | ERROR | ❌ Navigation error (attempt 1): Timeout 30000ms exceeded.
2026-01-30 08:58:05,038 | INFO | ⏳ Retrying in 3.8s...
2026-01-30 08:58:08,876 | INFO | 📄 Navigating to: https://www.nawy.com/compound/1833-mee-hotel...
2026-01-30 08:58:15,459 | INFO |    ✅ Mee Hotel
2026-01-30 08:58:15,583 | INFO | ➕ Inserted new compound: Mee Hotel
2026-01-30 08:58:15,584 | INFO |    💾 Saved to MongoDB
2026-01-30 08:58:20,670 | INFO | [92/756] Scraping: https://www.nawy.com/compound/1836-together
2026-01-30 08:58:20,671 | INFO | 📄 Navigating to: https://www.nawy.com/compound/1836-together...
2026-01-30 08:58:27,666 | INFO |    ✅ Together
2026-01-30 08:58:27,814 | INFO | ➕ Inserted new compound: Together
2026-01-30 08:58:27,815 | INFO |    💾 Saved to MongoDB
2026-01-30 08:58:31,327 | INFO | [93/756] Scraping: https://www.nawy.com/compound/1837-eastshire-commercial
2026-01-30 08:58:31,328 | INFO | 📄 Navigating to: https://www.nawy.com/compound/1837-eastshire-commercial...
2026-01-30 08:59:01,452 | ERROR | ❌ Navigation error (attempt 1): Timeout 30000ms exceeded.
2026-01-30 08:59:01,452 | INFO | ⏳ Retrying in 3.6s...
2026-01-30 08:59:05,033 | INFO | 📄 Navigating to: https://www.nawy.com/compound/1837-eastshire-commercial...
2026-01-30 08:59:35,155 | ERROR | ❌ Navigation error (attempt 2): Timeout 30000ms exceeded.
2026-01-30 08:59:35,157 | INFO | ⏳ Retrying in 3.2s...
2026-01-30 08:59:38,362 | INFO | 📄 Navigating to: https://www.nawy.com/compound/1837-eastshire-commercial...
2026-01-30 09:00:08,478 | ERROR | ❌ Navigation error (attempt 3): Timeout 30000ms exceeded.
2026-01-30 09:00:08,479 | WARNING |    ❌ Failed to scrape
2026-01-30 09:00:13,151 | INFO | [94/756] Scraping: https://www.nawy.com/compound/1838-the-residence
2026-01-30 09:00:13,152 | INFO | 📄 Navigating to: https://www.nawy.com/compound/1838-the-residence...
2026-01-30 09:00:43,277 | ERROR | ❌ Navigation error (attempt 1): Timeout 30000ms exceeded.
2026-01-30 09:00:43,277 | INFO | ⏳ Retrying in 3.9s...
2026-01-30 09:00:47,209 | INFO | 📄 Navigating to: https://www.nawy.com/compound/1838-the-residence...
2026-01-30 09:01:17,362 | ERROR | ❌ Navigation error (attempt 2): Timeout 30000ms exceeded.
2026-01-30 09:01:17,363 | INFO | ⏳ Retrying in 3.9s...
2026-01-30 09:01:21,328 | INFO | 📄 Navigating to: https://www.nawy.com/compound/1838-the-residence...
2026-01-30 09:01:51,447 | ERROR | ❌ Navigation error (attempt 3): Timeout 30000ms exceeded.
2026-01-30 09:01:51,448 | WARNING |    ❌ Failed to scrape
2026-01-30 09:01:57,382 | INFO | [95/756] Scraping: https://www.nawy.com/compound/1839-blanca-gardens-collection
2026-01-30 09:01:57,386 | INFO | 📄 Navigating to: https://www.nawy.com/compound/1839-blanca-gardens-collection...
2026-01-30 09:02:27,517 | ERROR | ❌ Navigation error (attempt 1): Timeout 30000ms exceeded.
2026-01-30 09:02:27,520 | INFO | ⏳ Retrying in 3.6s...
2026-01-30 09:02:31,160 | INFO | 📄 Navigating to: https://www.nawy.com/compound/1839-blanca-gardens-collection...
2026-01-30 09:02:38,708 | INFO |    ✅ Blanca Gardens Collection
2026-01-30 09:02:38,864 | INFO | ➕ Inserted new compound: Blanca Gardens Collection
2026-01-30 09:02:38,864 | INFO |    💾 Saved to MongoDB
2026-01-30 09:02:44,577 | INFO | [96/756] Scraping: https://www.nawy.com/compound/1840-dejoya-4-strip-mall
2026-01-30 09:02:44,580 | INFO | 📄 Navigating to: https://www.nawy.com/compound/1840-dejoya-4-strip-mall...
2026-01-30 09:02:56,721 | INFO |    ✅ DeJoya 4 Strip Mall
2026-01-30 09:02:56,870 | INFO | ➕ Inserted new compound: DeJoya 4 Strip Mall
2026-01-30 09:02:56,870 | INFO |    💾 Saved to MongoDB
2026-01-30 09:03:02,739 | INFO | [97/756] Scraping: https://www.nawy.com/compound/1841-97-hills
2026-01-30 09:03:02,740 | INFO | 📄 Navigating to: https://www.nawy.com/compound/1841-97-hills...
2026-01-30 09:03:13,843 | INFO |    ✅ 97 Hills
2026-01-30 09:03:13,989 | INFO | ➕ Inserted new compound: 97 Hills
2026-01-30 09:03:13,992 | INFO |    💾 Saved to MongoDB
2026-01-30 09:03:18,895 | INFO | [98/756] Scraping: https://www.nawy.com/compound/1842-jade
2026-01-30 09:03:18,897 | INFO | 📄 Navigating to: https://www.nawy.com/compound/1842-jade...
2026-01-30 09:03:40,955 | INFO |    ✅ Jade
2026-01-30 09:03:41,084 | INFO | ➕ Inserted new compound: Jade
2026-01-30 09:03:41,084 | INFO |    💾 Saved to MongoDB
2026-01-30 09:03:44,969 | INFO | [99/756] Scraping: https://www.nawy.com/compound/1843-park-villas-al-burouj
2026-01-30 09:03:44,970 | INFO | 📄 Navigating to: https://www.nawy.com/compound/1843-park-villas-al-burouj...
2026-01-30 09:04:01,748 | INFO |    ✅ Park Villas - Al Burouj
2026-01-30 09:04:01,895 | INFO | ➕ Inserted new compound: Park Villas - Al Burouj
2026-01-30 09:04:01,895 | INFO |    💾 Saved to MongoDB
2026-01-30 09:04:05,334 | INFO | [100/756] Scraping: https://www.nawy.com/compound/1844-zoe-badya
2026-01-30 09:04:05,335 | INFO | 📄 Navigating to: https://www.nawy.com/compound/1844-zoe-badya...
2026-01-30 09:04:35,454 | ERROR | ❌ Navigation error (attempt 1): Timeout 30000ms exceeded.
2026-01-30 09:04:35,462 | INFO | ⏳ Retrying in 2.9s...
2026-01-30 09:04:38,352 | INFO | 📄 Navigating to: https://www.nawy.com/compound/1844-zoe-badya...
2026-01-30 09:05:08,485 | ERROR | ❌ Navigation error (attempt 2): Timeout 30000ms exceeded.
2026-01-30 09:05:08,485 | INFO | ⏳ Retrying in 3.9s...
2026-01-30 09:05:12,399 | INFO | 📄 Navigating to: https://www.nawy.com/compound/1844-zoe-badya...
2026-01-30 09:05:19,982 | INFO |    ✅ Zoe-Badya
2026-01-30 09:05:20,134 | INFO | ➕ Inserted new compound: Zoe-Badya
2026-01-30 09:05:20,135 | INFO |    💾 Saved to MongoDB
2026-01-30 09:05:25,864 | INFO | [101/756] Scraping: https://www.nawy.com/compound/1845-branded-residences
2026-01-30 09:05:25,871 | INFO | 📄 Navigating to: https://www.nawy.com/compound/1845-branded-residences...
2026-01-30 09:05:39,746 | INFO |    ✅ The Red Residence
2026-01-30 09:05:39,902 | INFO | ➕ Inserted new compound: The Red Residence
2026-01-30 09:05:39,902 | INFO |    💾 Saved to MongoDB
2026-01-30 09:05:45,239 | INFO | [102/756] Scraping: https://www.nawy.com/compound/1847-celestia-mall
2026-01-30 09:05:45,240 | INFO | 📄 Navigating to: https://www.nawy.com/compound/1847-celestia-mall...
2026-01-30 09:06:11,279 | INFO |    ✅ Celestia Mall
2026-01-30 09:06:11,402 | INFO | ➕ Inserted new compound: Celestia Mall
2026-01-30 09:06:11,403 | INFO |    💾 Saved to MongoDB
2026-01-30 09:06:15,051 | INFO | [103/756] Scraping: https://www.nawy.com/compound/1849-marassi-red
2026-01-30 09:06:15,053 | INFO | 📄 Navigating to: https://www.nawy.com/compound/1849-marassi-red...
2026-01-30 09:06:45,188 | ERROR | ❌ Navigation error (attempt 1): Timeout 30000ms exceeded.
2026-01-30 09:06:45,191 | INFO | ⏳ Retrying in 2.2s...
2026-01-30 09:06:47,376 | INFO | 📄 Navigating to: https://www.nawy.com/compound/1849-marassi-red...
2026-01-30 09:07:17,519 | ERROR | ❌ Navigation error (attempt 2): Timeout 30000ms exceeded.
2026-01-30 09:07:17,520 | INFO | ⏳ Retrying in 4.6s...
2026-01-30 09:07:22,118 | INFO | 📄 Navigating to: https://www.nawy.com/compound/1849-marassi-red...
2026-01-30 09:07:52,248 | ERROR | ❌ Navigation error (attempt 3): Timeout 30000ms exceeded.
2026-01-30 09:07:52,249 | WARNING |    ❌ Failed to scrape
2026-01-30 09:07:56,334 | INFO | [104/756] Scraping: https://www.nawy.com/compound/1850-pyramids-city-5
2026-01-30 09:07:56,336 | INFO | 📄 Navigating to: https://www.nawy.com/compound/1850-pyramids-city-5...
2026-01-30 09:08:26,455 | ERROR | ❌ Navigation error (attempt 1): Timeout 30000ms exceeded.
2026-01-30 09:08:26,456 | INFO | ⏳ Retrying in 3.9s...
2026-01-30 09:08:30,370 | INFO | 📄 Navigating to: https://www.nawy.com/compound/1850-pyramids-city-5...
2026-01-30 09:09:00,487 | ERROR | ❌ Navigation error (attempt 2): Timeout 30000ms exceeded.
2026-01-30 09:09:00,488 | INFO | ⏳ Retrying in 3.9s...
2026-01-30 09:09:04,379 | INFO | 📄 Navigating to: https://www.nawy.com/compound/1850-pyramids-city-5...
2026-01-30 09:09:34,520 | ERROR | ❌ Navigation error (attempt 3): Timeout 30000ms exceeded.
2026-01-30 09:09:34,521 | WARNING |    ❌ Failed to scrape
2026-01-30 09:09:40,408 | INFO | [105/756] Scraping: https://www.nawy.com/compound/1851-royal-new-project
2026-01-30 09:09:40,420 | INFO | 📄 Navigating to: https://www.nawy.com/compound/1851-royal-new-project...
2026-01-30 09:09:52,669 | INFO |    ✅ Najm
2026-01-30 09:09:52,856 | INFO | ➕ Inserted new compound: Najm
2026-01-30 09:09:52,856 | INFO |    💾 Saved to MongoDB
2026-01-30 09:09:56,021 | INFO | [106/756] Scraping: https://www.nawy.com/compound/1852-yardin
2026-01-30 09:09:56,023 | INFO | 📄 Navigating to: https://www.nawy.com/compound/1852-yardin...
2026-01-30 09:10:15,316 | INFO |    ✅ Yardin
2026-01-30 09:10:15,441 | INFO | ➕ Inserted new compound: Yardin
2026-01-30 09:10:15,442 | INFO |    💾 Saved to MongoDB
2026-01-30 09:10:20,588 | INFO | [107/756] Scraping: https://www.nawy.com/compound/1853-olin
2026-01-30 09:10:20,588 | INFO | 📄 Navigating to: https://www.nawy.com/compound/1853-olin...
2026-01-30 09:10:50,709 | ERROR | ❌ Navigation error (attempt 1): Timeout 30000ms exceeded.
2026-01-30 09:10:50,710 | INFO | ⏳ Retrying in 2.4s...
2026-01-30 09:10:53,161 | INFO | 📄 Navigating to: https://www.nawy.com/compound/1853-olin...
2026-01-30 09:11:03,169 | INFO |    ✅ Olin
2026-01-30 09:11:03,709 | INFO | ➕ Inserted new compound: Olin
2026-01-30 09:11:03,710 | INFO |    💾 Saved to MongoDB
2026-01-30 09:11:08,104 | INFO | [108/756] Scraping: https://www.nawy.com/compound/1854-canyon8
2026-01-30 09:11:08,282 | INFO | 📄 Navigating to: https://www.nawy.com/compound/1854-canyon8...
2026-01-30 09:11:29,682 | INFO |    ✅ Canyon8
2026-01-30 09:11:30,489 | INFO | ➕ Inserted new compound: Canyon8
2026-01-30 09:11:30,489 | INFO |    💾 Saved to MongoDB
2026-01-30 09:11:35,702 | INFO | [109/756] Scraping: https://www.nawy.com/compound/1856-covaya
2026-01-30 09:11:35,703 | INFO | 📄 Navigating to: https://www.nawy.com/compound/1856-covaya...
2026-01-30 09:12:05,819 | ERROR | ❌ Navigation error (attempt 1): Timeout 30000ms exceeded.
2026-01-30 09:12:05,819 | INFO | ⏳ Retrying in 2.9s...
2026-01-30 09:12:08,760 | INFO | 📄 Navigating to: https://www.nawy.com/compound/1856-covaya...
2026-01-30 09:12:21,287 | INFO |    ✅ Covaya
2026-01-30 09:12:21,459 | INFO | ➕ Inserted new compound: Covaya
2026-01-30 09:12:21,479 | INFO |    💾 Saved to MongoDB
2026-01-30 09:12:25,875 | INFO | [110/756] Scraping: https://www.nawy.com/compound/1857-riza
2026-01-30 09:12:26,056 | INFO | 📄 Navigating to: https://www.nawy.com/compound/1857-riza...
2026-01-30 09:12:43,773 | INFO |    ✅ Riza
2026-01-30 09:12:43,901 | INFO | ➕ Inserted new compound: Riza
2026-01-30 09:12:43,901 | INFO |    💾 Saved to MongoDB
2026-01-30 09:12:47,947 | INFO | [111/756] Scraping: https://www.nawy.com/compound/1858-skyla
2026-01-30 09:12:47,948 | INFO | 📄 Navigating to: https://www.nawy.com/compound/1858-skyla...
2026-01-30 09:13:18,068 | ERROR | ❌ Navigation error (attempt 1): Timeout 30000ms exceeded.
2026-01-30 09:13:18,070 | INFO | ⏳ Retrying in 2.4s...
2026-01-30 09:13:20,466 | INFO | 📄 Navigating to: https://www.nawy.com/compound/1858-skyla...
2026-01-30 09:13:50,606 | ERROR | ❌ Navigation error (attempt 2): Timeout 30000ms exceeded.
2026-01-30 09:13:50,606 | INFO | ⏳ Retrying in 4.5s...
2026-01-30 09:13:55,147 | INFO | 📄 Navigating to: https://www.nawy.com/compound/1858-skyla...
2026-01-30 09:14:25,271 | ERROR | ❌ Navigation error (attempt 3): Timeout 30000ms exceeded.
2026-01-30 09:14:25,271 | WARNING |    ❌ Failed to scrape
2026-01-30 09:14:28,646 | INFO | [112/756] Scraping: https://www.nawy.com/compound/1859-city-central
2026-01-30 09:14:28,647 | INFO | 📄 Navigating to: https://www.nawy.com/compound/1859-city-central...
2026-01-30 09:14:58,761 | ERROR | ❌ Navigation error (attempt 1): Timeout 30000ms exceeded.
2026-01-30 09:14:58,764 | INFO | ⏳ Retrying in 2.8s...
2026-01-30 09:15:01,559 | INFO | 📄 Navigating to: https://www.nawy.com/compound/1859-city-central...
2026-01-30 09:15:31,678 | ERROR | ❌ Navigation error (attempt 2): Timeout 30000ms exceeded.
2026-01-30 09:15:31,678 | INFO | ⏳ Retrying in 4.1s...
2026-01-30 09:15:35,798 | INFO | 📄 Navigating to: https://www.nawy.com/compound/1859-city-central...
2026-01-30 09:16:05,920 | ERROR | ❌ Navigation error (attempt 3): Timeout 30000ms exceeded.
2026-01-30 09:16:05,922 | WARNING |    ❌ Failed to scrape
2026-01-30 09:16:09,262 | INFO | [113/756] Scraping: https://www.nawy.com/compound/1860-prive-telal-east
2026-01-30 09:16:09,263 | INFO | 📄 Navigating to: https://www.nawy.com/compound/1860-prive-telal-east...
2026-01-30 09:16:39,389 | ERROR | ❌ Navigation error (attempt 1): Timeout 30000ms exceeded.
2026-01-30 09:16:39,389 | INFO | ⏳ Retrying in 2.6s...
2026-01-30 09:16:41,959 | INFO | 📄 Navigating to: https://www.nawy.com/compound/1860-prive-telal-east...
2026-01-30 09:17:12,073 | ERROR | ❌ Navigation error (attempt 2): Timeout 30000ms exceeded.
2026-01-30 09:17:12,074 | INFO | ⏳ Retrying in 3.7s...
2026-01-30 09:17:15,813 | INFO | 📄 Navigating to: https://www.nawy.com/compound/1860-prive-telal-east...
2026-01-30 09:17:33,324 | INFO |    ✅ Prive - Telal East
2026-01-30 09:17:33,481 | INFO | ➕ Inserted new compound: Prive - Telal East
2026-01-30 09:17:33,481 | INFO |    💾 Saved to MongoDB
2026-01-30 09:17:37,544 | INFO | [114/756] Scraping: https://www.nawy.com/compound/1861-rhodes-island
2026-01-30 09:17:37,546 | INFO | 📄 Navigating to: https://www.nawy.com/compound/1861-rhodes-island...
2026-01-30 09:17:50,608 | INFO |    ✅ Rhodes Island
2026-01-30 09:17:50,757 | INFO | ➕ Inserted new compound: Rhodes Island
2026-01-30 09:17:50,758 | INFO |    💾 Saved to MongoDB
2026-01-30 09:17:55,584 | INFO | [115/756] Scraping: https://www.nawy.com/compound/1862-lamanga
2026-01-30 09:17:55,593 | INFO | 📄 Navigating to: https://www.nawy.com/compound/1862-lamanga...
2026-01-30 09:18:25,726 | ERROR | ❌ Navigation error (attempt 1): Timeout 30000ms exceeded.
2026-01-30 09:18:25,729 | INFO | ⏳ Retrying in 2.5s...
2026-01-30 09:18:28,244 | INFO | 📄 Navigating to: https://www.nawy.com/compound/1862-lamanga...
2026-01-30 09:18:58,370 | ERROR | ❌ Navigation error (attempt 2): Timeout 30000ms exceeded.
2026-01-30 09:18:58,372 | INFO | ⏳ Retrying in 4.3s...
2026-01-30 09:19:02,732 | INFO | 📄 Navigating to: https://www.nawy.com/compound/1862-lamanga...
2026-01-30 09:19:32,857 | ERROR | ❌ Navigation error (attempt 3): Timeout 30000ms exceeded.
2026-01-30 09:19:32,858 | WARNING |    ❌ Failed to scrape
2026-01-30 09:19:37,595 | INFO | [116/756] Scraping: https://www.nawy.com/compound/1863-s2-croons
2026-01-30 09:19:37,598 | INFO | 📄 Navigating to: https://www.nawy.com/compound/1863-s2-croons...
2026-01-30 09:19:44,926 | INFO |    ✅ S2-Croons
2026-01-30 09:19:45,052 | INFO | ➕ Inserted new compound: S2-Croons
2026-01-30 09:19:45,053 | INFO |    💾 Saved to MongoDB
2026-01-30 09:19:51,037 | INFO | [117/756] Scraping: https://www.nawy.com/compound/1864-crete-island
2026-01-30 09:19:51,038 | INFO | 📄 Navigating to: https://www.nawy.com/compound/1864-crete-island...
2026-01-30 09:19:59,482 | INFO |    ✅ Crete Island
2026-01-30 09:19:59,650 | INFO | ➕ Inserted new compound: Crete Island
2026-01-30 09:19:59,650 | INFO |    💾 Saved to MongoDB
2026-01-30 09:20:04,576 | INFO | [118/756] Scraping: https://www.nawy.com/compound/1865-paros
2026-01-30 09:20:04,576 | INFO | 📄 Navigating to: https://www.nawy.com/compound/1865-paros...
2026-01-30 09:20:13,201 | INFO |    ✅ Paros
2026-01-30 09:20:13,357 | INFO | ➕ Inserted new compound: Paros
2026-01-30 09:20:13,358 | INFO |    💾 Saved to MongoDB
2026-01-30 09:20:16,827 | INFO | [119/756] Scraping: https://www.nawy.com/compound/1866-elm-tree-sarai
2026-01-30 09:20:16,829 | INFO | 📄 Navigating to: https://www.nawy.com/compound/1866-elm-tree-sarai...
2026-01-30 09:20:26,329 | INFO |    ✅ ELM Tree - Sarai
2026-01-30 09:20:26,475 | INFO | ➕ Inserted new compound: ELM Tree - Sarai
2026-01-30 09:20:26,475 | INFO |    💾 Saved to MongoDB
2026-01-30 09:20:30,971 | INFO | [120/756] Scraping: https://www.nawy.com/compound/1867-g-bay-el-sokhna
2026-01-30 09:20:30,975 | INFO | 📄 Navigating to: https://www.nawy.com/compound/1867-g-bay-el-sokhna...
2026-01-30 09:20:51,714 | INFO |    ✅ G-Bay El Sokhna
2026-01-30 09:20:51,839 | INFO | ➕ Inserted new compound: G-Bay El Sokhna
2026-01-30 09:20:51,840 | INFO |    💾 Saved to MongoDB
2026-01-30 09:20:56,884 | INFO | [121/756] Scraping: https://www.nawy.com/compound/1868-wadi-east-ras-el-hekma
2026-01-30 09:20:56,884 | INFO | 📄 Navigating to: https://www.nawy.com/compound/1868-wadi-east-ras-el-hekma...
2026-01-30 09:21:27,001 | ERROR | ❌ Navigation error (attempt 1): Timeout 30000ms exceeded.
2026-01-30 09:21:27,002 | INFO | ⏳ Retrying in 2.5s...
2026-01-30 09:21:29,513 | INFO | 📄 Navigating to: https://www.nawy.com/compound/1868-wadi-east-ras-el-hekma...
2026-01-30 09:21:59,639 | ERROR | ❌ Navigation error (attempt 2): Timeout 30000ms exceeded.
2026-01-30 09:21:59,640 | INFO | ⏳ Retrying in 4.2s...
2026-01-30 09:22:03,805 | INFO | 📄 Navigating to: https://www.nawy.com/compound/1868-wadi-east-ras-el-hekma...
2026-01-30 09:22:33,938 | ERROR | ❌ Navigation error (attempt 3): Timeout 30000ms exceeded.
2026-01-30 09:22:33,939 | WARNING |    ❌ Failed to scrape
2026-01-30 09:22:39,308 | INFO | [122/756] Scraping: https://www.nawy.com/compound/1870-agora-mall
2026-01-30 09:22:39,311 | INFO | 📄 Navigating to: https://www.nawy.com/compound/1870-agora-mall...
2026-01-30 09:23:09,444 | ERROR | ❌ Navigation error (attempt 1): Timeout 30000ms exceeded.
2026-01-30 09:23:09,444 | INFO | ⏳ Retrying in 3.2s...
2026-01-30 09:23:12,684 | INFO | 📄 Navigating to: https://www.nawy.com/compound/1870-agora-mall...
2026-01-30 09:23:42,811 | ERROR | ❌ Navigation error (attempt 2): Timeout 30000ms exceeded.
2026-01-30 09:23:42,812 | INFO | ⏳ Retrying in 3.4s...
2026-01-30 09:23:46,177 | INFO | 📄 Navigating to: https://www.nawy.com/compound/1870-agora-mall...
2026-01-30 09:24:16,296 | ERROR | ❌ Navigation error (attempt 3): Timeout 30000ms exceeded.
2026-01-30 09:24:16,296 | WARNING |    ❌ Failed to scrape
2026-01-30 09:24:19,833 | INFO | [123/756] Scraping: https://www.nawy.com/compound/1871-vibe-90-avenue
2026-01-30 09:24:19,834 | INFO | 📄 Navigating to: https://www.nawy.com/compound/1871-vibe-90-avenue...
2026-01-30 09:24:49,954 | ERROR | ❌ Navigation error (attempt 1): Timeout 30000ms exceeded.
2026-01-30 09:24:49,954 | INFO | ⏳ Retrying in 3.8s...
2026-01-30 09:24:53,788 | INFO | 📄 Navigating to: https://www.nawy.com/compound/1871-vibe-90-avenue...
2026-01-30 09:25:00,147 | INFO |    ✅ Vibe-90 Avenue
2026-01-30 09:25:00,297 | INFO | ➕ Inserted new compound: Vibe-90 Avenue
2026-01-30 09:25:00,298 | INFO |    💾 Saved to MongoDB
2026-01-30 09:25:03,687 | INFO | [124/756] Scraping: https://www.nawy.com/compound/1872-serenity-90-avenue
2026-01-30 09:25:03,688 | INFO | 📄 Navigating to: https://www.nawy.com/compound/1872-serenity-90-avenue...
2026-01-30 09:25:14,583 | INFO |    ✅ Serenity-90 Avenue
2026-01-30 09:25:14,723 | INFO | ➕ Inserted new compound: Serenity-90 Avenue
2026-01-30 09:25:14,725 | INFO |    💾 Saved to MongoDB
2026-01-30 09:25:18,184 | INFO | [125/756] Scraping: https://www.nawy.com/compound/1873-pavilion-90-avenue
2026-01-30 09:25:18,187 | INFO | 📄 Navigating to: https://www.nawy.com/compound/1873-pavilion-90-avenue...
2026-01-30 09:25:27,047 | INFO |    ✅ Pavilion-90 Avenue
2026-01-30 09:25:27,176 | INFO | ➕ Inserted new compound: Pavilion-90 Avenue
2026-01-30 09:25:27,177 | INFO |    💾 Saved to MongoDB
2026-01-30 09:25:31,230 | INFO | [126/756] Scraping: https://www.nawy.com/compound/1874-beige-residence-hills-of-one
2026-01-30 09:25:31,231 | INFO | 📄 Navigating to: https://www.nawy.com/compound/1874-beige-residence-hills-of-one...
2026-01-30 09:25:40,320 | INFO |    ✅ Beige Residence - Hills of One
2026-01-30 09:25:40,472 | INFO | ➕ Inserted new compound: Beige Residence - Hills of One
2026-01-30 09:25:40,473 | INFO |    💾 Saved to MongoDB
2026-01-30 09:25:43,772 | INFO | [127/756] Scraping: https://www.nawy.com/compound/1875-taj-tower-2
2026-01-30 09:25:43,774 | INFO | 📄 Navigating to: https://www.nawy.com/compound/1875-taj-tower-2...
2026-01-30 09:25:52,697 | INFO |    ✅ Taj Tower 2
2026-01-30 09:25:52,853 | INFO | ➕ Inserted new compound: Taj Tower 2
2026-01-30 09:25:52,854 | INFO |    💾 Saved to MongoDB
2026-01-30 09:25:57,953 | INFO | [128/756] Scraping: https://www.nawy.com/compound/1876-loft-pyramids-heights
2026-01-30 09:25:57,954 | INFO | 📄 Navigating to: https://www.nawy.com/compound/1876-loft-pyramids-heights...
2026-01-30 09:26:28,074 | ERROR | ❌ Navigation error (attempt 1): Timeout 30000ms exceeded.
2026-01-30 09:26:28,074 | INFO | ⏳ Retrying in 3.7s...
2026-01-30 09:26:31,826 | INFO | 📄 Navigating to: https://www.nawy.com/compound/1876-loft-pyramids-heights...
2026-01-30 09:27:01,949 | ERROR | ❌ Navigation error (attempt 2): Timeout 30000ms exceeded.
2026-01-30 09:27:01,951 | INFO | ⏳ Retrying in 4.3s...
2026-01-30 09:27:06,231 | INFO | 📄 Navigating to: https://www.nawy.com/compound/1876-loft-pyramids-heights...
2026-01-30 09:27:36,351 | ERROR | ❌ Navigation error (attempt 3): Timeout 30000ms exceeded.
2026-01-30 09:27:36,353 | WARNING |    ❌ Failed to scrape
2026-01-30 09:27:39,776 | INFO | [129/756] Scraping: https://www.nawy.com/compound/1877-bridges-mall
2026-01-30 09:27:39,778 | INFO | 📄 Navigating to: https://www.nawy.com/compound/1877-bridges-mall...
2026-01-30 09:27:49,136 | INFO |    ✅ Bridges
2026-01-30 09:27:49,297 | INFO | ➕ Inserted new compound: Bridges
2026-01-30 09:27:49,298 | INFO |    💾 Saved to MongoDB
2026-01-30 09:27:52,429 | INFO | [130/756] Scraping: https://www.nawy.com/compound/1879-life-wise-business
2026-01-30 09:27:52,430 | INFO | 📄 Navigating to: https://www.nawy.com/compound/1879-life-wise-business...
2026-01-30 09:28:14,303 | INFO |    ✅ Life Wise Business
2026-01-30 09:28:14,458 | INFO | ➕ Inserted new compound: Life Wise Business
2026-01-30 09:28:14,458 | INFO |    💾 Saved to MongoDB
2026-01-30 09:28:19,130 | INFO | [131/756] Scraping: https://www.nawy.com/compound/1880-yemm-beach-plaza-ras-el-hekma
2026-01-30 09:28:19,131 | INFO | 📄 Navigating to: https://www.nawy.com/compound/1880-yemm-beach-plaza-ras-el-hekma...
2026-01-30 09:28:49,250 | ERROR | ❌ Navigation error (attempt 1): Timeout 30000ms exceeded.
2026-01-30 09:28:49,250 | INFO | ⏳ Retrying in 3.8s...
2026-01-30 09:28:53,013 | INFO | 📄 Navigating to: https://www.nawy.com/compound/1880-yemm-beach-plaza-ras-el-hekma...
2026-01-30 09:29:00,806 | INFO |    ✅ Yemm Beach Plaza - Ras El Hekma
2026-01-30 09:29:00,962 | INFO | ➕ Inserted new compound: Yemm Beach Plaza - Ras El Hekma
2026-01-30 09:29:00,962 | INFO |    💾 Saved to MongoDB
2026-01-30 09:29:05,242 | INFO | [132/756] Scraping: https://www.nawy.com/compound/1881-capitalway-phase-1
2026-01-30 09:29:05,246 | INFO | 📄 Navigating to: https://www.nawy.com/compound/1881-capitalway-phase-1...
2026-01-30 09:29:27,559 | INFO |    ✅ The Capitalway Phase 1
2026-01-30 09:29:27,700 | INFO | ➕ Inserted new compound: The Capitalway Phase 1
2026-01-30 09:29:27,702 | INFO |    💾 Saved to MongoDB
2026-01-30 09:29:32,690 | INFO | [133/756] Scraping: https://www.nawy.com/compound/1882-the-capitalway-phase2
2026-01-30 09:29:32,691 | INFO | 📄 Navigating to: https://www.nawy.com/compound/1882-the-capitalway-phase2...
2026-01-30 09:30:02,814 | ERROR | ❌ Navigation error (attempt 1): Timeout 30000ms exceeded.
2026-01-30 09:30:02,815 | INFO | ⏳ Retrying in 3.5s...
2026-01-30 09:30:06,290 | INFO | 📄 Navigating to: https://www.nawy.com/compound/1882-the-capitalway-phase2...
2026-01-30 09:30:36,428 | ERROR | ❌ Navigation error (attempt 2): Timeout 30000ms exceeded.
2026-01-30 09:30:36,429 | INFO | ⏳ Retrying in 4.1s...
2026-01-30 09:30:40,499 | INFO | 📄 Navigating to: https://www.nawy.com/compound/1882-the-capitalway-phase2...
2026-01-30 09:31:10,665 | ERROR | ❌ Navigation error (attempt 3): Timeout 30000ms exceeded.
2026-01-30 09:31:10,666 | WARNING |    ❌ Failed to scrape
2026-01-30 09:31:15,687 | INFO | [134/756] Scraping: https://www.nawy.com/compound/1883-brackets
2026-01-30 09:31:15,688 | INFO | 📄 Navigating to: https://www.nawy.com/compound/1883-brackets...
2026-01-30 09:31:22,944 | INFO |    ✅ Brackets
2026-01-30 09:31:23,093 | INFO | ➕ Inserted new compound: Brackets
2026-01-30 09:31:23,095 | INFO |    💾 Saved to MongoDB
2026-01-30 09:31:26,495 | INFO | [135/756] Scraping: https://www.nawy.com/compound/1884-patterns
2026-01-30 09:31:26,495 | INFO | 📄 Navigating to: https://www.nawy.com/compound/1884-patterns...
2026-01-30 09:31:33,889 | INFO |    ✅ Patterns
2026-01-30 09:31:34,035 | INFO | ➕ Inserted new compound: Patterns
2026-01-30 09:31:34,035 | INFO |    💾 Saved to MongoDB
2026-01-30 09:31:38,511 | INFO | [136/756] Scraping: https://www.nawy.com/compound/1885-kaia
2026-01-30 09:31:38,512 | INFO | 📄 Navigating to: https://www.nawy.com/compound/1885-kaia...
2026-01-30 09:31:51,093 | INFO |    ✅ KAIA
2026-01-30 09:31:51,275 | INFO | ➕ Inserted new compound: KAIA
2026-01-30 09:31:51,275 | INFO |    💾 Saved to MongoDB
2026-01-30 09:31:57,161 | INFO | [137/756] Scraping: https://www.nawy.com/compound/1888-the-north-park-icity-new-cairo
2026-01-30 09:31:57,161 | INFO | 📄 Navigating to: https://www.nawy.com/compound/1888-the-north-park-icity-new-cairo...
2026-01-30 09:32:27,303 | ERROR | ❌ Navigation error (attempt 1): Timeout 30000ms exceeded.
2026-01-30 09:32:27,303 | INFO | ⏳ Retrying in 2.5s...
2026-01-30 09:32:29,846 | INFO | 📄 Navigating to: https://www.nawy.com/compound/1888-the-north-park-icity-new-cairo...
2026-01-30 09:32:59,971 | ERROR | ❌ Navigation error (attempt 2): Timeout 30000ms exceeded.
2026-01-30 09:32:59,972 | INFO | ⏳ Retrying in 4.5s...
2026-01-30 09:33:04,492 | INFO | 📄 Navigating to: https://www.nawy.com/compound/1888-the-north-park-icity-new-cairo...
2026-01-30 09:33:20,951 | INFO |    ✅ The North Park-ICity New Cairo
2026-01-30 09:33:21,100 | INFO | ➕ Inserted new compound: The North Park-ICity New Cairo
2026-01-30 09:33:21,101 | INFO |    💾 Saved to MongoDB
2026-01-30 09:33:25,618 | INFO | [138/756] Scraping: https://www.nawy.com/compound/1889-mv-park-icity-new-october
2026-01-30 09:33:25,622 | INFO | 📄 Navigating to: https://www.nawy.com/compound/1889-mv-park-icity-new-october...
2026-01-30 09:33:39,125 | INFO |    ✅ MV Park - ICity October
2026-01-30 09:33:39,279 | INFO | ➕ Inserted new compound: MV Park - ICity October
2026-01-30 09:33:39,280 | INFO |    💾 Saved to MongoDB
2026-01-30 09:33:43,194 | INFO | [139/756] Scraping: https://www.nawy.com/compound/1891-alam-al-roum
2026-01-30 09:33:43,195 | INFO | 📄 Navigating to: https://www.nawy.com/compound/1891-alam-al-roum...
2026-01-30 09:34:13,314 | ERROR | ❌ Navigation error (attempt 1): Timeout 30000ms exceeded.
2026-01-30 09:34:13,314 | INFO | ⏳ Retrying in 3.5s...
2026-01-30 09:34:16,849 | INFO | 📄 Navigating to: https://www.nawy.com/compound/1891-alam-al-roum...
2026-01-30 09:34:46,970 | ERROR | ❌ Navigation error (attempt 2): Timeout 30000ms exceeded.
2026-01-30 09:34:46,970 | INFO | ⏳ Retrying in 4.6s...
2026-01-30 09:34:51,593 | INFO | 📄 Navigating to: https://www.nawy.com/compound/1891-alam-al-roum...
2026-01-30 09:35:21,713 | ERROR | ❌ Navigation error (attempt 3): Timeout 30000ms exceeded.
2026-01-30 09:35:21,715 | WARNING |    ❌ Failed to scrape
2026-01-30 09:35:27,507 | INFO | [140/756] Scraping: https://www.nawy.com/compound/1894-beginnings
2026-01-30 09:35:27,508 | INFO | 📄 Navigating to: https://www.nawy.com/compound/1894-beginnings...
2026-01-30 09:35:45,554 | INFO |    ✅ Beginnings
2026-01-30 09:35:45,725 | INFO | ➕ Inserted new compound: Beginnings
2026-01-30 09:35:45,739 | INFO |    💾 Saved to MongoDB
2026-01-30 09:35:49,088 | INFO | [141/756] Scraping: https://www.nawy.com/compound/1895-maison-s
2026-01-30 09:35:49,089 | INFO | 📄 Navigating to: https://www.nawy.com/compound/1895-maison-s...
2026-01-30 09:36:10,224 | INFO |    ✅ Maison S
2026-01-30 09:36:10,366 | INFO | ➕ Inserted new compound: Maison S
2026-01-30 09:36:10,366 | INFO |    💾 Saved to MongoDB
2026-01-30 09:36:15,385 | INFO | [142/756] Scraping: https://www.nawy.com/compound/1898-mountain-view-diplomats
2026-01-30 09:36:15,385 | INFO | 📄 Navigating to: https://www.nawy.com/compound/1898-mountain-view-diplomats...
2026-01-30 09:36:23,307 | INFO |    ✅ Mountain View Diplomats
2026-01-30 09:36:23,464 | INFO | ➕ Inserted new compound: Mountain View Diplomats
2026-01-30 09:36:23,464 | INFO |    💾 Saved to MongoDB
2026-01-30 09:36:27,281 | INFO | [143/756] Scraping: https://www.nawy.com/compound/1899-s1-taval
2026-01-30 09:36:27,281 | INFO | 📄 Navigating to: https://www.nawy.com/compound/1899-s1-taval...
2026-01-30 09:36:36,263 | INFO |    ✅ S1-Taval
2026-01-30 09:36:36,391 | INFO | ➕ Inserted new compound: S1-Taval
2026-01-30 09:36:36,392 | INFO |    💾 Saved to MongoDB
2026-01-30 09:36:41,420 | INFO | [144/756] Scraping: https://www.nawy.com/compound/1901-kor
2026-01-30 09:36:41,420 | INFO | 📄 Navigating to: https://www.nawy.com/compound/1901-kor...
2026-01-30 09:36:58,296 | INFO |    ✅ KOR
2026-01-30 09:36:58,481 | INFO | ➕ Inserted new compound: KOR
2026-01-30 09:36:58,500 | INFO |    💾 Saved to MongoDB
2026-01-30 09:37:02,350 | INFO | [145/756] Scraping: https://www.nawy.com/compound/1904-spire-club-hills
2026-01-30 09:37:02,358 | INFO | 📄 Navigating to: https://www.nawy.com/compound/1904-spire-club-hills...
2026-01-30 09:37:32,512 | ERROR | ❌ Navigation error (attempt 1): Timeout 30000ms exceeded.
2026-01-30 09:37:32,513 | INFO | ⏳ Retrying in 2.2s...
2026-01-30 09:37:34,676 | INFO | 📄 Navigating to: https://www.nawy.com/compound/1904-spire-club-hills...
2026-01-30 09:38:04,796 | ERROR | ❌ Navigation error (attempt 2): Timeout 30000ms exceeded.
2026-01-30 09:38:04,797 | INFO | ⏳ Retrying in 4.7s...
2026-01-30 09:38:09,524 | INFO | 📄 Navigating to: https://www.nawy.com/compound/1904-spire-club-hills...
2026-01-30 09:38:17,839 | INFO |    ✅ Spire - Club Hills
2026-01-30 09:38:17,997 | INFO | ➕ Inserted new compound: Spire - Club Hills
2026-01-30 09:38:17,999 | INFO |    💾 Saved to MongoDB
2026-01-30 09:38:23,116 | INFO | [146/756] Scraping: https://www.nawy.com/compound/1907-sholan-somabay
2026-01-30 09:38:23,119 | INFO | 📄 Navigating to: https://www.nawy.com/compound/1907-sholan-somabay...
2026-01-30 09:38:31,169 | INFO |    ✅ Sholan Somabay
2026-01-30 09:38:31,312 | INFO | ➕ Inserted new compound: Sholan Somabay
2026-01-30 09:38:31,314 | INFO |    💾 Saved to MongoDB
2026-01-30 09:38:35,858 | INFO | [147/756] Scraping: https://www.nawy.com/compound/1909-vert
2026-01-30 09:38:35,865 | INFO | 📄 Navigating to: https://www.nawy.com/compound/1909-vert...
2026-01-30 09:38:52,215 | INFO |    ✅ Vert
2026-01-30 09:38:52,366 | INFO | ➕ Inserted new compound: Vert
2026-01-30 09:38:52,366 | INFO |    💾 Saved to MongoDB
2026-01-30 09:38:57,764 | INFO | [148/756] Scraping: https://www.nawy.com/compound/1910-the-stamp---talda
2026-01-30 09:38:57,765 | INFO | 📄 Navigating to: https://www.nawy.com/compound/1910-the-stamp---talda...
2026-01-30 09:39:27,916 | ERROR | ❌ Navigation error (attempt 1): Timeout 30000ms exceeded.
2026-01-30 09:39:27,921 | INFO | ⏳ Retrying in 3.8s...
2026-01-30 09:39:31,679 | INFO | 📄 Navigating to: https://www.nawy.com/compound/1910-the-stamp---talda...
2026-01-30 09:40:01,796 | ERROR | ❌ Navigation error (attempt 2): Timeout 30000ms exceeded.
2026-01-30 09:40:01,797 | INFO | ⏳ Retrying in 3.8s...
2026-01-30 09:40:05,624 | INFO | 📄 Navigating to: https://www.nawy.com/compound/1910-the-stamp---talda...
2026-01-30 09:40:13,713 | INFO |    ✅ The Stamp - TALDA
2026-01-30 09:40:13,840 | INFO | ➕ Inserted new compound: The Stamp - TALDA
2026-01-30 09:40:13,841 | INFO |    💾 Saved to MongoDB
2026-01-30 09:40:17,727 | INFO | [149/756] Scraping: https://www.nawy.com/compound/1912-next-point
2026-01-30 09:40:17,728 | INFO | 📄 Navigating to: https://www.nawy.com/compound/1912-next-point...
2026-01-30 09:40:24,217 | INFO |    ✅ Next Point
2026-01-30 09:40:24,367 | INFO | ➕ Inserted new compound: Next Point
2026-01-30 09:40:24,368 | INFO |    💾 Saved to MongoDB
2026-01-30 09:40:29,946 | INFO | [150/756] Scraping: https://www.nawy.com/compound/1915-roudy-phase-2
2026-01-30 09:40:29,946 | INFO | 📄 Navigating to: https://www.nawy.com/compound/1915-roudy-phase-2...
2026-01-30 09:40:36,371 | INFO |    ✅ Roudy-phase 2
2026-01-30 09:40:36,502 | INFO | ➕ Inserted new compound: Roudy-phase 2
2026-01-30 09:40:36,504 | INFO |    💾 Saved to MongoDB
2026-01-30 09:40:41,255 | INFO | [151/756] Scraping: https://www.nawy.com/compound/1918-boulevard-hills-hills-of-one
2026-01-30 09:40:41,256 | INFO | 📄 Navigating to: https://www.nawy.com/compound/1918-boulevard-hills-hills-of-one...
2026-01-30 09:41:01,172 | INFO |    ✅ Boulevard Hills-Hills Of One
2026-01-30 09:41:01,337 | INFO | ➕ Inserted new compound: Boulevard Hills-Hills Of One
2026-01-30 09:41:01,337 | INFO |    💾 Saved to MongoDB
2026-01-30 09:41:04,933 | INFO | [152/756] Scraping: https://www.nawy.com/compound/1919-north-villas-hills-of-one
2026-01-30 09:41:04,933 | INFO | 📄 Navigating to: https://www.nawy.com/compound/1919-north-villas-hills-of-one...
2026-01-30 09:41:21,036 | INFO |    ✅ North Villas-Hills Of One
2026-01-30 09:41:21,186 | INFO | ➕ Inserted new compound: North Villas-Hills Of One
2026-01-30 09:41:21,187 | INFO |    💾 Saved to MongoDB
2026-01-30 09:41:24,685 | INFO | [153/756] Scraping: https://www.nawy.com/compound/1920-v40-district
2026-01-30 09:41:24,685 | INFO | 📄 Navigating to: https://www.nawy.com/compound/1920-v40-district...
2026-01-30 09:41:47,796 | INFO |    ✅ V40 District
2026-01-30 09:41:47,942 | INFO | ➕ Inserted new compound: V40 District
2026-01-30 09:41:47,942 | INFO |    💾 Saved to MongoDB
2026-01-30 09:41:53,711 | INFO | [154/756] Scraping: https://www.nawy.com/compound/1921-jura-phase-2
2026-01-30 09:41:53,712 | INFO | 📄 Navigating to: https://www.nawy.com/compound/1921-jura-phase-2...
2026-01-30 09:42:23,841 | ERROR | ❌ Navigation error (attempt 1): Timeout 30000ms exceeded.
2026-01-30 09:42:23,842 | INFO | ⏳ Retrying in 3.7s...
2026-01-30 09:42:27,542 | INFO | 📄 Navigating to: https://www.nawy.com/compound/1921-jura-phase-2...
2026-01-30 09:42:57,667 | ERROR | ❌ Navigation error (attempt 2): Timeout 30000ms exceeded.
2026-01-30 09:42:57,670 | INFO | ⏳ Retrying in 3.1s...
2026-01-30 09:43:00,813 | INFO | 📄 Navigating to: https://www.nawy.com/compound/1921-jura-phase-2...
2026-01-30 09:43:30,960 | ERROR | ❌ Navigation error (attempt 3): Timeout 30000ms exceeded.
2026-01-30 09:43:30,961 | WARNING |    ❌ Failed to scrape
2026-01-30 09:43:34,684 | INFO | [155/756] Scraping: https://www.nawy.com/compound/1922-jura-phase1
2026-01-30 09:43:34,687 | INFO | 📄 Navigating to: https://www.nawy.com/compound/1922-jura-phase1...
2026-01-30 09:43:44,051 | INFO |    ✅ Jura Phase1
2026-01-30 09:43:44,197 | INFO | ➕ Inserted new compound: Jura Phase1
2026-01-30 09:43:44,198 | INFO |    💾 Saved to MongoDB
2026-01-30 09:43:48,782 | INFO | [156/756] Scraping: https://www.nawy.com/compound/1924-nine08
2026-01-30 09:43:48,783 | INFO | 📄 Navigating to: https://www.nawy.com/compound/1924-nine08...
2026-01-30 09:43:56,178 | INFO |    ✅ Nine08
2026-01-30 09:43:56,326 | INFO | ➕ Inserted new compound: Nine08
2026-01-30 09:43:56,327 | INFO |    💾 Saved to MongoDB
2026-01-30 09:44:00,739 | INFO | [157/756] Scraping: https://www.nawy.com/compound/1926-mall-t-square
2026-01-30 09:44:00,740 | INFO | 📄 Navigating to: https://www.nawy.com/compound/1926-mall-t-square...
2026-01-30 09:44:17,491 | INFO |    ✅ Mall T Square
2026-01-30 09:44:17,615 | INFO | ➕ Inserted new compound: Mall T Square
2026-01-30 09:44:17,616 | INFO |    💾 Saved to MongoDB
2026-01-30 09:44:21,170 | INFO | [158/756] Scraping: https://www.nawy.com/compound/1927-t-pearl
2026-01-30 09:44:21,170 | INFO | 📄 Navigating to: https://www.nawy.com/compound/1927-t-pearl...
2026-01-30 09:44:42,462 | INFO |    ✅ T Pearl
2026-01-30 09:44:42,587 | INFO | ➕ Inserted new compound: T Pearl
2026-01-30 09:44:42,588 | INFO |    💾 Saved to MongoDB
2026-01-30 09:44:46,151 | INFO | [159/756] Scraping: https://www.nawy.com/compound/1932-waterway-east
2026-01-30 09:44:46,152 | INFO | 📄 Navigating to: https://www.nawy.com/compound/1932-waterway-east...
2026-01-30 09:45:16,288 | ERROR | ❌ Navigation error (attempt 1): Timeout 30000ms exceeded.
2026-01-30 09:45:16,288 | INFO | ⏳ Retrying in 3.1s...
2026-01-30 09:45:19,432 | INFO | 📄 Navigating to: https://www.nawy.com/compound/1932-waterway-east...
2026-01-30 09:45:49,584 | ERROR | ❌ Navigation error (attempt 2): Timeout 30000ms exceeded.
2026-01-30 09:45:49,584 | INFO | ⏳ Retrying in 3.8s...
2026-01-30 09:45:53,373 | INFO | 📄 Navigating to: https://www.nawy.com/compound/1932-waterway-east...
2026-01-30 09:46:23,508 | ERROR | ❌ Navigation error (attempt 3): Timeout 30000ms exceeded.
2026-01-30 09:46:23,509 | WARNING |    ❌ Failed to scrape
2026-01-30 09:46:28,136 | INFO | [160/756] Scraping: https://www.nawy.com/compound/1933-rafts-business-district
2026-01-30 09:46:28,139 | INFO | 📄 Navigating to: https://www.nawy.com/compound/1933-rafts-business-district...
2026-01-30 09:46:58,278 | ERROR | ❌ Navigation error (attempt 1): Timeout 30000ms exceeded.
2026-01-30 09:46:58,279 | INFO | ⏳ Retrying in 2.1s...
2026-01-30 09:47:00,384 | INFO | 📄 Navigating to: https://www.nawy.com/compound/1933-rafts-business-district...
2026-01-30 09:47:30,511 | ERROR | ❌ Navigation error (attempt 2): Timeout 30000ms exceeded.
2026-01-30 09:47:30,511 | INFO | ⏳ Retrying in 4.5s...
2026-01-30 09:47:35,039 | INFO | 📄 Navigating to: https://www.nawy.com/compound/1933-rafts-business-district...
2026-01-30 09:48:05,164 | ERROR | ❌ Navigation error (attempt 3): Timeout 30000ms exceeded.
2026-01-30 09:48:05,164 | WARNING |    ❌ Failed to scrape
2026-01-30 09:48:10,801 | INFO | [161/756] Scraping: https://www.nawy.com/compound/1934-golf-town
2026-01-30 09:48:10,801 | INFO | 📄 Navigating to: https://www.nawy.com/compound/1934-golf-town...
2026-01-30 09:48:23,938 | INFO |    ✅ Golf Town
2026-01-30 09:48:24,088 | INFO | ➕ Inserted new compound: Golf Town
2026-01-30 09:48:24,088 | INFO |    💾 Saved to MongoDB
2026-01-30 09:48:28,810 | INFO | [162/756] Scraping: https://www.nawy.com/compound/1935-address-east
2026-01-30 09:48:28,811 | INFO | 📄 Navigating to: https://www.nawy.com/compound/1935-address-east...
2026-01-30 09:49:00,195 | INFO |    ✅ Address East
2026-01-30 09:49:00,340 | INFO | 🔄 Updated compound: Address East
2026-01-30 09:49:00,342 | INFO |    💾 Saved to MongoDB
2026-01-30 09:49:06,246 | INFO | [163/756] Scraping: https://www.nawy.com/compound/1936-t-residences
2026-01-30 09:49:06,246 | INFO | 📄 Navigating to: https://www.nawy.com/compound/1936-t-residences...
2026-01-30 09:49:36,372 | ERROR | ❌ Navigation error (attempt 1): Timeout 30000ms exceeded.
2026-01-30 09:49:36,373 | INFO | ⏳ Retrying in 2.4s...
2026-01-30 09:49:38,784 | INFO | 📄 Navigating to: https://www.nawy.com/compound/1936-t-residences...
2026-01-30 09:50:08,908 | ERROR | ❌ Navigation error (attempt 2): Timeout 30000ms exceeded.
2026-01-30 09:50:08,908 | INFO | ⏳ Retrying in 3.9s...
2026-01-30 09:50:12,855 | INFO | 📄 Navigating to: https://www.nawy.com/compound/1936-t-residences...
2026-01-30 09:50:42,990 | ERROR | ❌ Navigation error (attempt 3): Timeout 30000ms exceeded.
2026-01-30 09:50:42,990 | WARNING |    ❌ Failed to scrape
2026-01-30 09:50:47,307 | INFO | [164/756] Scraping: https://www.nawy.com/compound/1944-hom
2026-01-30 09:50:47,307 | INFO | 📄 Navigating to: https://www.nawy.com/compound/1944-hom...
2026-01-30 09:51:00,659 | INFO |    ✅ HOM
2026-01-30 09:51:00,815 | INFO | ➕ Inserted new compound: HOM
2026-01-30 09:51:00,815 | INFO |    💾 Saved to MongoDB
2026-01-30 09:51:04,655 | INFO | [165/756] Scraping: https://www.nawy.com/compound/1947-capital-park
2026-01-30 09:51:04,656 | INFO | 📄 Navigating to: https://www.nawy.com/compound/1947-capital-park...
2026-01-30 09:51:21,859 | INFO |    ✅ Capital Park
2026-01-30 09:51:22,009 | INFO | ➕ Inserted new compound: Capital Park
2026-01-30 09:51:22,009 | INFO |    💾 Saved to MongoDB
2026-01-30 09:51:26,076 | INFO | [166/756] Scraping: https://www.nawy.com/compound/1948-capital-crown
2026-01-30 09:51:26,077 | INFO | 📄 Navigating to: https://www.nawy.com/compound/1948-capital-crown...
2026-01-30 09:51:56,209 | ERROR | ❌ Navigation error (attempt 1): Timeout 30000ms exceeded.
2026-01-30 09:51:56,212 | INFO | ⏳ Retrying in 3.6s...
2026-01-30 09:51:59,801 | INFO | 📄 Navigating to: https://www.nawy.com/compound/1948-capital-crown...
2026-01-30 09:52:29,928 | ERROR | ❌ Navigation error (attempt 2): Timeout 30000ms exceeded.
2026-01-30 09:52:29,931 | INFO | ⏳ Retrying in 3.3s...
2026-01-30 09:52:33,260 | INFO | 📄 Navigating to: https://www.nawy.com/compound/1948-capital-crown...
2026-01-30 09:53:03,402 | ERROR | ❌ Navigation error (attempt 3): Timeout 30000ms exceeded.
2026-01-30 09:53:03,402 | WARNING |    ❌ Failed to scrape
2026-01-30 09:53:07,700 | INFO | [167/756] Scraping: https://www.nawy.com/compound/1949-mindset
2026-01-30 09:53:07,701 | INFO | 📄 Navigating to: https://www.nawy.com/compound/1949-mindset...
2026-01-30 09:53:16,933 | INFO |    ✅ Mindset
2026-01-30 09:53:17,085 | INFO | ➕ Inserted new compound: Mindset
2026-01-30 09:53:17,086 | INFO |    💾 Saved to MongoDB
2026-01-30 09:53:20,615 | INFO | [168/756] Scraping: https://www.nawy.com/compound/1953-al-qamzi-mostakbal-city
2026-01-30 09:53:20,627 | INFO | 📄 Navigating to: https://www.nawy.com/compound/1953-al-qamzi-mostakbal-city...
2026-01-30 09:53:41,059 | INFO |    ✅ cityzen
2026-01-30 09:53:41,207 | INFO | ➕ Inserted new compound: cityzen
2026-01-30 09:53:41,207 | INFO |    💾 Saved to MongoDB
2026-01-30 09:53:45,131 | INFO | [169/756] Scraping: https://www.nawy.com/compound/1954-el-patio-jade
2026-01-30 09:53:45,133 | INFO | 📄 Navigating to: https://www.nawy.com/compound/1954-el-patio-jade...
2026-01-30 09:54:06,634 | INFO |    ✅ El Patio Jade
2026-01-30 09:54:06,786 | INFO | ➕ Inserted new compound: El Patio Jade
2026-01-30 09:54:06,787 | INFO |    💾 Saved to MongoDB
2026-01-30 09:54:12,317 | INFO | [170/756] Scraping: https://www.nawy.com/compound/1955-grande-lane
2026-01-30 09:54:12,318 | INFO | 📄 Navigating to: https://www.nawy.com/compound/1955-grande-lane...
2026-01-30 09:54:27,968 | INFO |    ✅ GRAND LANE
2026-01-30 09:54:28,133 | INFO | ➕ Inserted new compound: GRAND LANE
2026-01-30 09:54:28,133 | INFO |    💾 Saved to MongoDB
2026-01-30 09:54:32,797 | INFO | [171/756] Scraping: https://www.nawy.com/compound/1956-o-views
2026-01-30 09:54:32,797 | INFO | 📄 Navigating to: https://www.nawy.com/compound/1956-o-views...
2026-01-30 09:54:54,924 | INFO |    ✅ O Views
2026-01-30 09:54:55,067 | INFO | ➕ Inserted new compound: O Views
2026-01-30 09:54:55,068 | INFO |    💾 Saved to MongoDB
2026-01-30 09:55:00,862 | INFO | [172/756] Scraping: https://www.nawy.com/compound/1957-rock-green
2026-01-30 09:55:00,862 | INFO | 📄 Navigating to: https://www.nawy.com/compound/1957-rock-green...
2026-01-30 09:55:30,984 | ERROR | ❌ Navigation error (attempt 1): Timeout 30000ms exceeded.
2026-01-30 09:55:30,985 | INFO | ⏳ Retrying in 2.1s...
2026-01-30 09:55:33,099 | INFO | 📄 Navigating to: https://www.nawy.com/compound/1957-rock-green...
2026-01-30 09:55:47,006 | INFO |    ✅ Rock Green
2026-01-30 09:55:47,135 | INFO | ➕ Inserted new compound: Rock Green
2026-01-30 09:55:47,136 | INFO |    💾 Saved to MongoDB
2026-01-30 09:55:51,061 | INFO | [173/756] Scraping: https://www.nawy.com/compound/1959-v-levels-phase-3
2026-01-30 09:55:51,063 | INFO | 📄 Navigating to: https://www.nawy.com/compound/1959-v-levels-phase-3...
2026-01-30 09:56:07,989 | INFO |    ✅ V Levels Phase 3
2026-01-30 09:56:08,228 | INFO | ➕ Inserted new compound: V Levels Phase 3
2026-01-30 09:56:08,228 | INFO |    💾 Saved to MongoDB
2026-01-30 09:56:11,533 | INFO | [174/756] Scraping: https://www.nawy.com/compound/1960-v-levels-phase-4
2026-01-30 09:56:11,535 | INFO | 📄 Navigating to: https://www.nawy.com/compound/1960-v-levels-phase-4...
2026-01-30 09:56:23,974 | INFO |    ✅ V Levels Phase 4
2026-01-30 09:56:24,107 | INFO | ➕ Inserted new compound: V Levels Phase 4
2026-01-30 09:56:24,108 | INFO |    💾 Saved to MongoDB
2026-01-30 09:56:27,306 | INFO | [175/756] Scraping: https://www.nawy.com/compound/1961-c9
2026-01-30 09:56:27,308 | INFO | 📄 Navigating to: https://www.nawy.com/compound/1961-c9...
2026-01-30 09:56:39,291 | INFO |    ✅ C9
2026-01-30 09:56:39,437 | INFO | ➕ Inserted new compound: C9
2026-01-30 09:56:39,437 | INFO |    💾 Saved to MongoDB
2026-01-30 09:56:44,678 | INFO | [176/756] Scraping: https://www.nawy.com/compound/1962-lush-valley
2026-01-30 09:56:44,679 | INFO | 📄 Navigating to: https://www.nawy.com/compound/1962-lush-valley...
2026-01-30 09:57:02,494 | INFO |    ✅ Lush Valley
2026-01-30 09:57:02,641 | INFO | ➕ Inserted new compound: Lush Valley
2026-01-30 09:57:02,642 | INFO |    💾 Saved to MongoDB
2026-01-30 09:57:08,313 | INFO | [177/756] Scraping: https://www.nawy.com/compound/1964-mesca-edition
2026-01-30 09:57:08,325 | INFO | 📄 Navigating to: https://www.nawy.com/compound/1964-mesca-edition...
2026-01-30 09:57:28,534 | INFO |    ✅ Mesca Edition
2026-01-30 09:57:28,664 | INFO | ➕ Inserted new compound: Mesca Edition
2026-01-30 09:57:28,668 | INFO |    💾 Saved to MongoDB
2026-01-30 09:57:33,830 | INFO | [178/756] Scraping: https://www.nawy.com/compound/1965-siyal
2026-01-30 09:57:33,831 | INFO | 📄 Navigating to: https://www.nawy.com/compound/1965-siyal...
2026-01-30 09:57:51,388 | INFO |    ✅ Siyal
2026-01-30 09:57:51,534 | INFO | ➕ Inserted new compound: Siyal
2026-01-30 09:57:51,535 | INFO |    💾 Saved to MongoDB
2026-01-30 09:57:56,324 | INFO | [179/756] Scraping: https://www.nawy.com/compound/1967-the-cove---silversands
2026-01-30 09:57:56,324 | INFO | 📄 Navigating to: https://www.nawy.com/compound/1967-the-cove---silversands...
2026-01-30 09:58:26,451 | ERROR | ❌ Navigation error (attempt 1): Timeout 30000ms exceeded.
2026-01-30 09:58:26,452 | INFO | ⏳ Retrying in 3.0s...
2026-01-30 09:58:29,481 | INFO | 📄 Navigating to: https://www.nawy.com/compound/1967-the-cove---silversands...
2026-01-30 09:58:59,598 | ERROR | ❌ Navigation error (attempt 2): Timeout 30000ms exceeded.
2026-01-30 09:58:59,599 | INFO | ⏳ Retrying in 4.1s...
2026-01-30 09:59:03,685 | INFO | 📄 Navigating to: https://www.nawy.com/compound/1967-the-cove---silversands...
2026-01-30 09:59:20,494 | INFO |    ✅ The Cove - Silversands
2026-01-30 09:59:20,641 | INFO | ➕ Inserted new compound: The Cove - Silversands
2026-01-30 09:59:20,642 | INFO |    💾 Saved to MongoDB
2026-01-30 09:59:23,906 | INFO | [180/756] Scraping: https://www.nawy.com/compound/1968-can-limon---kai-sokhna
2026-01-30 09:59:23,906 | INFO | 📄 Navigating to: https://www.nawy.com/compound/1968-can-limon---kai-sokhna...
2026-01-30 09:59:46,338 | INFO |    ✅ Can Limon - Kai Sokhna
2026-01-30 09:59:46,482 | INFO | ➕ Inserted new compound: Can Limon - Kai Sokhna
2026-01-30 09:59:46,484 | INFO |    💾 Saved to MongoDB
2026-01-30 09:59:52,467 | INFO | [181/756] Scraping: https://www.nawy.com/compound/1969-v%C3%A9a
2026-01-30 09:59:52,467 | INFO | 📄 Navigating to: https://www.nawy.com/compound/1969-v%C3%A9a...
2026-01-30 10:00:22,590 | ERROR | ❌ Navigation error (attempt 1): Timeout 30000ms exceeded.
2026-01-30 10:00:22,590 | INFO | ⏳ Retrying in 3.9s...
2026-01-30 10:00:26,523 | INFO | 📄 Navigating to: https://www.nawy.com/compound/1969-v%C3%A9a...
2026-01-30 10:00:56,645 | ERROR | ❌ Navigation error (attempt 2): Timeout 30000ms exceeded.
2026-01-30 10:00:56,646 | INFO | ⏳ Retrying in 4.7s...
2026-01-30 10:01:01,341 | INFO | 📄 Navigating to: https://www.nawy.com/compound/1969-v%C3%A9a...
2026-01-30 10:01:31,470 | ERROR | ❌ Navigation error (attempt 3): Timeout 30000ms exceeded.
2026-01-30 10:01:31,471 | WARNING |    ❌ Failed to scrape
2026-01-30 10:01:36,898 | INFO | [182/756] Scraping: https://www.nawy.com/compound/1971-solimanya-gardens
2026-01-30 10:01:36,900 | INFO | 📄 Navigating to: https://www.nawy.com/compound/1971-solimanya-gardens...
2026-01-30 10:02:07,033 | ERROR | ❌ Navigation error (attempt 1): Timeout 30000ms exceeded.
2026-01-30 10:02:07,034 | INFO | ⏳ Retrying in 3.2s...
2026-01-30 10:02:10,245 | INFO | 📄 Navigating to: https://www.nawy.com/compound/1971-solimanya-gardens...
2026-01-30 10:02:40,365 | ERROR | ❌ Navigation error (attempt 2): Timeout 30000ms exceeded.
2026-01-30 10:02:40,366 | INFO | ⏳ Retrying in 4.6s...
2026-01-30 10:02:44,995 | INFO | 📄 Navigating to: https://www.nawy.com/compound/1971-solimanya-gardens...
2026-01-30 10:03:15,119 | ERROR | ❌ Navigation error (attempt 3): Timeout 30000ms exceeded.
2026-01-30 10:03:15,120 | WARNING |    ❌ Failed to scrape
2026-01-30 10:03:19,109 | INFO | [183/756] Scraping: https://www.nawy.com/compound/1972-vx-golden-square
2026-01-30 10:03:19,111 | INFO | 📄 Navigating to: https://www.nawy.com/compound/1972-vx-golden-square...
2026-01-30 10:03:49,243 | ERROR | ❌ Navigation error (attempt 1): Timeout 30000ms exceeded.
2026-01-30 10:03:49,244 | INFO | ⏳ Retrying in 3.2s...
2026-01-30 10:03:52,426 | INFO | 📄 Navigating to: https://www.nawy.com/compound/1972-vx-golden-square...
2026-01-30 10:04:22,548 | ERROR | ❌ Navigation error (attempt 2): Timeout 30000ms exceeded.
2026-01-30 10:04:22,549 | INFO | ⏳ Retrying in 4.3s...
2026-01-30 10:04:26,879 | INFO | 📄 Navigating to: https://www.nawy.com/compound/1972-vx-golden-square...
2026-01-30 10:04:57,009 | ERROR | ❌ Navigation error (attempt 3): Timeout 30000ms exceeded.
2026-01-30 10:04:57,009 | WARNING |    ❌ Failed to scrape
2026-01-30 10:05:01,186 | INFO | [184/756] Scraping: https://www.nawy.com/compound/1973-nest-residence---serviced-apartments
2026-01-30 10:05:01,188 | INFO | 📄 Navigating to: https://www.nawy.com/compound/1973-nest-residence---serviced-apartments...
2026-01-30 10:05:31,312 | ERROR | ❌ Navigation error (attempt 1): Timeout 30000ms exceeded.
2026-01-30 10:05:31,313 | INFO | ⏳ Retrying in 2.3s...
2026-01-30 10:05:33,625 | INFO | 📄 Navigating to: https://www.nawy.com/compound/1973-nest-residence---serviced-apartments...
2026-01-30 10:06:03,742 | ERROR | ❌ Navigation error (attempt 2): Timeout 30000ms exceeded.
2026-01-30 10:06:03,744 | INFO | ⏳ Retrying in 4.4s...
2026-01-30 10:06:08,106 | INFO | 📄 Navigating to: https://www.nawy.com/compound/1973-nest-residence---serviced-apartments...
2026-01-30 10:06:38,243 | ERROR | ❌ Navigation error (attempt 3): Timeout 30000ms exceeded.
2026-01-30 10:06:38,245 | WARNING |    ❌ Failed to scrape
2026-01-30 10:06:43,151 | INFO | [185/756] Scraping: https://www.nawy.com/compound/1974-hub-44
2026-01-30 10:06:43,151 | INFO | 📄 Navigating to: https://www.nawy.com/compound/1974-hub-44...
2026-01-30 10:07:13,281 | ERROR | ❌ Navigation error (attempt 1): Timeout 30000ms exceeded.
2026-01-30 10:07:13,281 | INFO | ⏳ Retrying in 2.2s...
2026-01-30 10:07:15,528 | INFO | 📄 Navigating to: https://www.nawy.com/compound/1974-hub-44...
2026-01-30 10:07:27,688 | INFO |    ✅ Hub 44
2026-01-30 10:07:27,827 | INFO | ➕ Inserted new compound: Hub 44
2026-01-30 10:07:27,828 | INFO |    💾 Saved to MongoDB
2026-01-30 10:07:30,870 | INFO | [186/756] Scraping: https://www.nawy.com/compound/1975-starla-ashgar-heights
2026-01-30 10:07:30,871 | INFO | 📄 Navigating to: https://www.nawy.com/compound/1975-starla-ashgar-heights...
2026-01-30 10:07:37,754 | INFO |    ✅ Starla-Ashgar Heights
2026-01-30 10:07:37,883 | INFO | ➕ Inserted new compound: Starla-Ashgar Heights
2026-01-30 10:07:37,883 | INFO |    💾 Saved to MongoDB
2026-01-30 10:07:43,434 | INFO | [187/756] Scraping: https://www.nawy.com/compound/1976-neo-gardens
2026-01-30 10:07:43,435 | INFO | 📄 Navigating to: https://www.nawy.com/compound/1976-neo-gardens...
2026-01-30 10:07:50,568 | INFO |    ✅ Neo Gardens
2026-01-30 10:07:50,693 | INFO | ➕ Inserted new compound: Neo Gardens
2026-01-30 10:07:50,693 | INFO |    💾 Saved to MongoDB
2026-01-30 10:07:53,901 | INFO | [188/756] Scraping: https://www.nawy.com/compound/1977-village-de-la-capitale
2026-01-30 10:07:53,902 | INFO | 📄 Navigating to: https://www.nawy.com/compound/1977-village-de-la-capitale...
2026-01-30 10:08:07,044 | INFO |    ✅ VILLAGE DE LA CAPITALE
2026-01-30 10:08:07,171 | INFO | ➕ Inserted new compound: VILLAGE DE LA CAPITALE
2026-01-30 10:08:07,172 | INFO |    💾 Saved to MongoDB
2026-01-30 10:08:12,167 | INFO | [189/756] Scraping: https://www.nawy.com/compound/899-art-island
2026-01-30 10:08:12,168 | INFO | 📄 Navigating to: https://www.nawy.com/compound/899-art-island...
2026-01-30 10:08:42,288 | ERROR | ❌ Navigation error (attempt 1): Timeout 30000ms exceeded.
2026-01-30 10:08:42,289 | INFO | ⏳ Retrying in 2.6s...
2026-01-30 10:08:44,849 | INFO | 📄 Navigating to: https://www.nawy.com/compound/899-art-island...
2026-01-30 10:09:14,967 | ERROR | ❌ Navigation error (attempt 2): Timeout 30000ms exceeded.
2026-01-30 10:09:14,968 | INFO | ⏳ Retrying in 3.4s...
2026-01-30 10:09:18,359 | INFO | 📄 Navigating to: https://www.nawy.com/compound/899-art-island...
2026-01-30 10:09:48,493 | ERROR | ❌ Navigation error (attempt 3): Timeout 30000ms exceeded.
2026-01-30 10:09:48,493 | WARNING |    ❌ Failed to scrape
2026-01-30 10:09:53,633 | INFO | [190/756] Scraping: https://www.nawy.com/compound/900-the-nines
2026-01-30 10:09:53,634 | INFO | 📄 Navigating to: https://www.nawy.com/compound/900-the-nines...
2026-01-30 10:10:23,764 | ERROR | ❌ Navigation error (attempt 1): Timeout 30000ms exceeded.
2026-01-30 10:10:23,764 | INFO | ⏳ Retrying in 2.2s...
2026-01-30 10:10:25,977 | INFO | 📄 Navigating to: https://www.nawy.com/compound/900-the-nines...
2026-01-30 10:10:41,322 | INFO |    ✅ The Nines
2026-01-30 10:10:41,511 | INFO | ➕ Inserted new compound: The Nines
2026-01-30 10:10:41,515 | INFO |    💾 Saved to MongoDB
2026-01-30 10:10:45,095 | INFO | [191/756] Scraping: https://www.nawy.com/compound/901-pearl
2026-01-30 10:10:45,096 | INFO | 📄 Navigating to: https://www.nawy.com/compound/901-pearl...
2026-01-30 10:11:08,506 | INFO |    ✅ Pearl
2026-01-30 10:11:08,675 | INFO | ➕ Inserted new compound: Pearl
2026-01-30 10:11:08,675 | INFO |    💾 Saved to MongoDB
2026-01-30 10:11:11,884 | INFO | [192/756] Scraping: https://www.nawy.com/compound/902-mousa-coast
2026-01-30 10:11:11,884 | INFO | 📄 Navigating to: https://www.nawy.com/compound/902-mousa-coast...
2026-01-30 10:11:42,011 | ERROR | ❌ Navigation error (attempt 1): Timeout 30000ms exceeded.
2026-01-30 10:11:42,012 | INFO | ⏳ Retrying in 2.4s...
2026-01-30 10:11:44,436 | INFO | 📄 Navigating to: https://www.nawy.com/compound/902-mousa-coast...
2026-01-30 10:12:14,577 | ERROR | ❌ Navigation error (attempt 2): Timeout 30000ms exceeded.
2026-01-30 10:12:14,584 | INFO | ⏳ Retrying in 4.4s...
2026-01-30 10:12:19,034 | INFO | 📄 Navigating to: https://www.nawy.com/compound/902-mousa-coast...
2026-01-30 10:12:49,187 | ERROR | ❌ Navigation error (attempt 3): Timeout 30000ms exceeded.
2026-01-30 10:12:49,187 | WARNING |    ❌ Failed to scrape
2026-01-30 10:12:55,142 | INFO | [193/756] Scraping: https://www.nawy.com/compound/903-livelli
2026-01-30 10:12:55,143 | INFO | 📄 Navigating to: https://www.nawy.com/compound/903-livelli...
2026-01-30 10:13:12,297 | INFO |    ✅ Livelli
2026-01-30 10:13:12,450 | INFO | ➕ Inserted new compound: Livelli
2026-01-30 10:13:12,451 | INFO |    💾 Saved to MongoDB
2026-01-30 10:13:18,174 | INFO | [194/756] Scraping: https://www.nawy.com/compound/904-noir
2026-01-30 10:13:18,176 | INFO | 📄 Navigating to: https://www.nawy.com/compound/904-noir...
2026-01-30 10:13:38,166 | INFO |    ✅ Noir
2026-01-30 10:13:38,318 | INFO | ➕ Inserted new compound: Noir
2026-01-30 10:13:38,318 | INFO |    💾 Saved to MongoDB
2026-01-30 10:13:41,456 | INFO | [195/756] Scraping: https://www.nawy.com/compound/905-eastside
2026-01-30 10:13:41,457 | INFO | 📄 Navigating to: https://www.nawy.com/compound/905-eastside...
2026-01-30 10:14:11,144 | INFO |    ✅ Eastside
2026-01-30 10:14:11,305 | INFO | ➕ Inserted new compound: Eastside
2026-01-30 10:14:11,306 | INFO |    💾 Saved to MongoDB
2026-01-30 10:14:15,939 | INFO | [196/756] Scraping: https://www.nawy.com/compound/906-cleopatra-square
2026-01-30 10:14:15,939 | INFO | 📄 Navigating to: https://www.nawy.com/compound/906-cleopatra-square...
2026-01-30 10:14:24,542 | INFO |    ✅ Cleopatra Square
2026-01-30 10:14:24,672 | INFO | ➕ Inserted new compound: Cleopatra Square
2026-01-30 10:14:24,672 | INFO |    💾 Saved to MongoDB
2026-01-30 10:14:30,271 | INFO | [197/756] Scraping: https://www.nawy.com/compound/907-axle
2026-01-30 10:14:30,271 | INFO | 📄 Navigating to: https://www.nawy.com/compound/907-axle...
2026-01-30 10:14:42,076 | INFO |    ✅ Axle
2026-01-30 10:14:42,254 | INFO | ➕ Inserted new compound: Axle
2026-01-30 10:14:42,254 | INFO |    💾 Saved to MongoDB
2026-01-30 10:14:46,739 | INFO | [198/756] Scraping: https://www.nawy.com/compound/908-the-rift-business-park
2026-01-30 10:14:46,739 | INFO | 📄 Navigating to: https://www.nawy.com/compound/908-the-rift-business-park...
2026-01-30 10:15:16,859 | ERROR | ❌ Navigation error (attempt 1): Timeout 30000ms exceeded.
2026-01-30 10:15:16,860 | INFO | ⏳ Retrying in 2.4s...
2026-01-30 10:15:19,303 | INFO | 📄 Navigating to: https://www.nawy.com/compound/908-the-rift-business-park...
2026-01-30 10:15:49,425 | ERROR | ❌ Navigation error (attempt 2): Timeout 30000ms exceeded.
2026-01-30 10:15:49,427 | INFO | ⏳ Retrying in 3.5s...
2026-01-30 10:15:52,908 | INFO | 📄 Navigating to: https://www.nawy.com/compound/908-the-rift-business-park...
2026-01-30 10:16:23,023 | ERROR | ❌ Navigation error (attempt 3): Timeout 30000ms exceeded.
2026-01-30 10:16:23,024 | WARNING |    ❌ Failed to scrape
2026-01-30 10:16:26,546 | INFO | [199/756] Scraping: https://www.nawy.com/compound/909-v-levels
2026-01-30 10:16:26,547 | INFO | 📄 Navigating to: https://www.nawy.com/compound/909-v-levels...
2026-01-30 10:16:56,680 | ERROR | ❌ Navigation error (attempt 1): Timeout 30000ms exceeded.
2026-01-30 10:16:56,682 | INFO | ⏳ Retrying in 2.1s...
2026-01-30 10:16:58,789 | INFO | 📄 Navigating to: https://www.nawy.com/compound/909-v-levels...
2026-01-30 10:17:28,913 | ERROR | ❌ Navigation error (attempt 2): Timeout 30000ms exceeded.
2026-01-30 10:17:28,915 | INFO | ⏳ Retrying in 3.1s...
2026-01-30 10:17:32,036 | INFO | 📄 Navigating to: https://www.nawy.com/compound/909-v-levels...
2026-01-30 10:18:02,154 | ERROR | ❌ Navigation error (attempt 3): Timeout 30000ms exceeded.
2026-01-30 10:18:02,156 | WARNING |    ❌ Failed to scrape
2026-01-30 10:18:07,247 | INFO | [200/756] Scraping: https://www.nawy.com/compound/910-park-view
2026-01-30 10:18:07,247 | INFO | 📄 Navigating to: https://www.nawy.com/compound/910-park-view...
2026-01-30 10:18:17,219 | INFO |    ✅ Park View
2026-01-30 10:18:17,375 | INFO | ➕ Inserted new compound: Park View
2026-01-30 10:18:17,376 | INFO |    💾 Saved to MongoDB
2026-01-30 10:18:22,546 | INFO | [201/756] Scraping: https://www.nawy.com/compound/911-taycoon
2026-01-30 10:18:22,546 | INFO | 📄 Navigating to: https://www.nawy.com/compound/911-taycoon...
2026-01-30 10:18:30,209 | INFO |    ✅ Taycoon
2026-01-30 10:18:30,333 | INFO | ➕ Inserted new compound: Taycoon
2026-01-30 10:18:30,334 | INFO |    💾 Saved to MongoDB
2026-01-30 10:18:35,713 | INFO | [202/756] Scraping: https://www.nawy.com/compound/912-orkidia
2026-01-30 10:18:35,714 | INFO | 📄 Navigating to: https://www.nawy.com/compound/912-orkidia...
2026-01-30 10:18:42,355 | INFO |    ✅ Orkidia
2026-01-30 10:18:42,503 | INFO | ➕ Inserted new compound: Orkidia
2026-01-30 10:18:42,504 | INFO |    💾 Saved to MongoDB
2026-01-30 10:18:46,565 | INFO | [203/756] Scraping: https://www.nawy.com/compound/913-orla-residence
2026-01-30 10:18:46,566 | INFO | 📄 Navigating to: https://www.nawy.com/compound/913-orla-residence...
2026-01-30 10:19:18,759 | INFO |    ✅ Orla Residence
2026-01-30 10:19:18,908 | INFO | ➕ Inserted new compound: Orla Residence
2026-01-30 10:19:18,909 | INFO |    💾 Saved to MongoDB
2026-01-30 10:19:22,605 | INFO | [204/756] Scraping: https://www.nawy.com/compound/914-41-business-district
2026-01-30 10:19:22,607 | INFO | 📄 Navigating to: https://www.nawy.com/compound/914-41-business-district...
2026-01-30 10:19:52,734 | ERROR | ❌ Navigation error (attempt 1): Timeout 30000ms exceeded.
2026-01-30 10:19:52,734 | INFO | ⏳ Retrying in 3.4s...
2026-01-30 10:19:56,134 | INFO | 📄 Navigating to: https://www.nawy.com/compound/914-41-business-district...
2026-01-30 10:20:23,106 | INFO |    ✅ 41 Business District
2026-01-30 10:20:23,264 | INFO | ➕ Inserted new compound: 41 Business District
2026-01-30 10:20:23,265 | INFO |    💾 Saved to MongoDB
2026-01-30 10:20:27,813 | INFO | [205/756] Scraping: https://www.nawy.com/compound/915-the-trine
2026-01-30 10:20:27,814 | INFO | 📄 Navigating to: https://www.nawy.com/compound/915-the-trine...
2026-01-30 10:20:57,933 | ERROR | ❌ Navigation error (attempt 1): Timeout 30000ms exceeded.
2026-01-30 10:20:57,934 | INFO | ⏳ Retrying in 2.2s...
2026-01-30 10:21:00,120 | INFO | 📄 Navigating to: https://www.nawy.com/compound/915-the-trine...
2026-01-30 10:21:30,248 | ERROR | ❌ Navigation error (attempt 2): Timeout 30000ms exceeded.
2026-01-30 10:21:30,249 | INFO | ⏳ Retrying in 3.3s...
2026-01-30 10:21:33,534 | INFO | 📄 Navigating to: https://www.nawy.com/compound/915-the-trine...
2026-01-30 10:22:03,669 | ERROR | ❌ Navigation error (attempt 3): Timeout 30000ms exceeded.
2026-01-30 10:22:03,670 | WARNING |    ❌ Failed to scrape
2026-01-30 10:22:08,337 | INFO | [206/756] Scraping: https://www.nawy.com/compound/916-highland-park
2026-01-30 10:22:08,337 | INFO | 📄 Navigating to: https://www.nawy.com/compound/916-highland-park...
2026-01-30 10:22:38,461 | ERROR | ❌ Navigation error (attempt 1): Timeout 30000ms exceeded.
2026-01-30 10:22:38,462 | INFO | ⏳ Retrying in 3.0s...
2026-01-30 10:22:41,499 | INFO | 📄 Navigating to: https://www.nawy.com/compound/916-highland-park...
2026-01-30 10:23:11,623 | ERROR | ❌ Navigation error (attempt 2): Timeout 30000ms exceeded.
2026-01-30 10:23:11,623 | INFO | ⏳ Retrying in 4.8s...
2026-01-30 10:23:16,442 | INFO | 📄 Navigating to: https://www.nawy.com/compound/916-highland-park...
2026-01-30 10:23:46,569 | ERROR | ❌ Navigation error (attempt 3): Timeout 30000ms exceeded.
2026-01-30 10:23:46,569 | WARNING |    ❌ Failed to scrape
2026-01-30 10:23:51,566 | INFO | [207/756] Scraping: https://www.nawy.com/compound/918-maadi-grand-city
2026-01-30 10:23:51,567 | INFO | 📄 Navigating to: https://www.nawy.com/compound/918-maadi-grand-city...
2026-01-30 10:24:21,687 | ERROR | ❌ Navigation error (attempt 1): Timeout 30000ms exceeded.
2026-01-30 10:24:21,687 | INFO | ⏳ Retrying in 2.6s...
2026-01-30 10:24:24,336 | INFO | 📄 Navigating to: https://www.nawy.com/compound/918-maadi-grand-city...
2026-01-30 10:24:54,454 | ERROR | ❌ Navigation error (attempt 2): Timeout 30000ms exceeded.
2026-01-30 10:24:54,455 | INFO | ⏳ Retrying in 4.9s...
2026-01-30 10:24:59,345 | INFO | 📄 Navigating to: https://www.nawy.com/compound/918-maadi-grand-city...
2026-01-30 10:25:07,486 | INFO |    ✅ Maadi grand city
2026-01-30 10:25:07,646 | INFO | ➕ Inserted new compound: Maadi grand city
2026-01-30 10:25:07,646 | INFO |    💾 Saved to MongoDB
2026-01-30 10:25:12,731 | INFO | [208/756] Scraping: https://www.nawy.com/compound/920-space-mall
2026-01-30 10:25:12,731 | INFO | 📄 Navigating to: https://www.nawy.com/compound/920-space-mall...
2026-01-30 10:25:25,012 | INFO |    ✅ Space Mall
2026-01-30 10:25:25,177 | INFO | ➕ Inserted new compound: Space Mall
2026-01-30 10:25:25,178 | INFO |    💾 Saved to MongoDB
2026-01-30 10:25:29,356 | INFO | [209/756] Scraping: https://www.nawy.com/compound/921-maxim-canal-residence
2026-01-30 10:25:29,356 | INFO | 📄 Navigating to: https://www.nawy.com/compound/921-maxim-canal-residence...
2026-01-30 10:25:37,556 | INFO |    ✅ Maxim Canal Residence
2026-01-30 10:25:37,705 | INFO | ➕ Inserted new compound: Maxim Canal Residence
2026-01-30 10:25:37,707 | INFO |    💾 Saved to MongoDB
2026-01-30 10:25:42,196 | INFO | [210/756] Scraping: https://www.nawy.com/compound/922-garden-hills
2026-01-30 10:25:42,196 | INFO | 📄 Navigating to: https://www.nawy.com/compound/922-garden-hills...
2026-01-30 10:25:49,809 | INFO |    ✅ Garden Hills
2026-01-30 10:25:49,960 | INFO | ➕ Inserted new compound: Garden Hills
2026-01-30 10:25:49,961 | INFO |    💾 Saved to MongoDB
2026-01-30 10:25:54,854 | INFO | [211/756] Scraping: https://www.nawy.com/compound/923-le-ciel
2026-01-30 10:25:54,856 | INFO | 📄 Navigating to: https://www.nawy.com/compound/923-le-ciel...
2026-01-30 10:26:16,968 | INFO |    ✅ Le Ciel
2026-01-30 10:26:17,119 | INFO | ➕ Inserted new compound: Le Ciel
2026-01-30 10:26:17,120 | INFO |    💾 Saved to MongoDB
2026-01-30 10:26:21,280 | INFO | [212/756] Scraping: https://www.nawy.com/compound/924-oak-residences-stone-park
2026-01-30 10:26:21,280 | INFO | 📄 Navigating to: https://www.nawy.com/compound/924-oak-residences-stone-park...
2026-01-30 10:26:33,309 | INFO |    ✅ Oak Residences-Stone Park
2026-01-30 10:26:33,458 | INFO | ➕ Inserted new compound: Oak Residences-Stone Park
2026-01-30 10:26:33,459 | INFO |    💾 Saved to MongoDB
2026-01-30 10:26:38,636 | INFO | [213/756] Scraping: https://www.nawy.com/compound/926-neopolis
2026-01-30 10:26:38,636 | INFO | 📄 Navigating to: https://www.nawy.com/compound/926-neopolis...
2026-01-30 10:26:48,395 | INFO |    ✅ Neopolis
2026-01-30 10:26:48,791 | INFO | ➕ Inserted new compound: Neopolis
2026-01-30 10:26:48,794 | INFO |    💾 Saved to MongoDB
2026-01-30 10:26:51,817 | INFO | [214/756] Scraping: https://www.nawy.com/compound/928-it-business-hub
2026-01-30 10:26:51,818 | INFO | 📄 Navigating to: https://www.nawy.com/compound/928-it-business-hub...
2026-01-30 10:27:04,252 | INFO |    ✅ It Business Hub
2026-01-30 10:27:04,403 | INFO | ➕ Inserted new compound: It Business Hub
2026-01-30 10:27:04,404 | INFO |    💾 Saved to MongoDB
2026-01-30 10:27:08,558 | INFO | [215/756] Scraping: https://www.nawy.com/compound/930-naia-bay
2026-01-30 10:27:08,558 | INFO | 📄 Navigating to: https://www.nawy.com/compound/930-naia-bay...
2026-01-30 10:27:29,853 | INFO |    ✅ Naia Bay
2026-01-30 10:27:30,008 | INFO | ➕ Inserted new compound: Naia Bay
2026-01-30 10:27:30,009 | INFO |    💾 Saved to MongoDB
2026-01-30 10:27:33,917 | INFO | [216/756] Scraping: https://www.nawy.com/compound/933-bo-sidi-abdelrahman
2026-01-30 10:27:33,918 | INFO | 📄 Navigating to: https://www.nawy.com/compound/933-bo-sidi-abdelrahman...
2026-01-30 10:27:41,438 | INFO |    ✅ Bo Sidi Abdelrahman
2026-01-30 10:27:41,592 | INFO | ➕ Inserted new compound: Bo Sidi Abdelrahman
2026-01-30 10:27:41,592 | INFO |    💾 Saved to MongoDB
2026-01-30 10:27:46,801 | INFO | [217/756] Scraping: https://www.nawy.com/compound/934-el-patio-1
2026-01-30 10:27:46,803 | INFO | 📄 Navigating to: https://www.nawy.com/compound/934-el-patio-1...
2026-01-30 10:28:02,185 | INFO |    ✅ El Patio 1
2026-01-30 10:28:02,331 | INFO | ➕ Inserted new compound: El Patio 1
2026-01-30 10:28:02,332 | INFO |    💾 Saved to MongoDB
2026-01-30 10:28:06,419 | INFO | [218/756] Scraping: https://www.nawy.com/compound/935-koun
2026-01-30 10:28:06,420 | INFO | 📄 Navigating to: https://www.nawy.com/compound/935-koun...
2026-01-30 10:28:36,543 | ERROR | ❌ Navigation error (attempt 1): Timeout 30000ms exceeded.
2026-01-30 10:28:36,544 | INFO | ⏳ Retrying in 3.8s...
2026-01-30 10:28:40,345 | INFO | 📄 Navigating to: https://www.nawy.com/compound/935-koun...
2026-01-30 10:29:10,469 | ERROR | ❌ Navigation error (attempt 2): Timeout 30000ms exceeded.
2026-01-30 10:29:10,470 | INFO | ⏳ Retrying in 4.0s...
2026-01-30 10:29:14,520 | INFO | 📄 Navigating to: https://www.nawy.com/compound/935-koun...
2026-01-30 10:29:27,570 | INFO |    ✅ Koun
2026-01-30 10:29:27,722 | INFO | ➕ Inserted new compound: Koun
2026-01-30 10:29:27,723 | INFO |    💾 Saved to MongoDB
2026-01-30 10:29:33,058 | INFO | [219/756] Scraping: https://www.nawy.com/compound/936-yellow-residence
2026-01-30 10:29:33,060 | INFO | 📄 Navigating to: https://www.nawy.com/compound/936-yellow-residence...
2026-01-30 10:29:45,397 | INFO |    ✅ Yellow Residence
2026-01-30 10:29:45,552 | INFO | ➕ Inserted new compound: Yellow Residence
2026-01-30 10:29:45,553 | INFO |    💾 Saved to MongoDB
2026-01-30 10:29:49,531 | INFO | [220/756] Scraping: https://www.nawy.com/compound/938-solimar
2026-01-30 10:29:49,532 | INFO | 📄 Navigating to: https://www.nawy.com/compound/938-solimar...
2026-01-30 10:30:05,534 | INFO |    ✅ Solimar
2026-01-30 10:30:05,695 | INFO | ➕ Inserted new compound: Solimar
2026-01-30 10:30:05,696 | INFO |    💾 Saved to MongoDB
2026-01-30 10:30:09,027 | INFO | [221/756] Scraping: https://www.nawy.com/compound/940-track-10
2026-01-30 10:30:09,028 | INFO | 📄 Navigating to: https://www.nawy.com/compound/940-track-10...
2026-01-30 10:30:16,589 | INFO |    ✅ Track 10
2026-01-30 10:30:16,741 | INFO | ➕ Inserted new compound: Track 10
2026-01-30 10:30:16,742 | INFO |    💾 Saved to MongoDB
2026-01-30 10:30:21,792 | INFO | [222/756] Scraping: https://www.nawy.com/compound/941-ras-soma
2026-01-30 10:30:21,793 | INFO | 📄 Navigating to: https://www.nawy.com/compound/941-ras-soma...
2026-01-30 10:30:34,654 | INFO |    ✅ Ras Soma
2026-01-30 10:30:34,807 | INFO | ➕ Inserted new compound: Ras Soma
2026-01-30 10:30:34,807 | INFO |    💾 Saved to MongoDB
2026-01-30 10:30:40,050 | INFO | [223/756] Scraping: https://www.nawy.com/compound/942-capital-east
2026-01-30 10:30:40,050 | INFO | 📄 Navigating to: https://www.nawy.com/compound/942-capital-east...
2026-01-30 10:31:10,171 | ERROR | ❌ Navigation error (attempt 1): Timeout 30000ms exceeded.
2026-01-30 10:31:10,171 | INFO | ⏳ Retrying in 2.2s...
2026-01-30 10:31:12,405 | INFO | 📄 Navigating to: https://www.nawy.com/compound/942-capital-east...
2026-01-30 10:31:42,530 | ERROR | ❌ Navigation error (attempt 2): Timeout 30000ms exceeded.
2026-01-30 10:31:42,531 | INFO | ⏳ Retrying in 4.9s...
2026-01-30 10:31:47,431 | INFO | 📄 Navigating to: https://www.nawy.com/compound/942-capital-east...
2026-01-30 10:32:17,561 | ERROR | ❌ Navigation error (attempt 3): Timeout 30000ms exceeded.
2026-01-30 10:32:17,561 | WARNING |    ❌ Failed to scrape
2026-01-30 10:32:22,891 | INFO | [224/756] Scraping: https://www.nawy.com/compound/943-italian-square
2026-01-30 10:32:22,893 | INFO | 📄 Navigating to: https://www.nawy.com/compound/943-italian-square...
2026-01-30 10:32:53,021 | ERROR | ❌ Navigation error (attempt 1): Timeout 30000ms exceeded.
2026-01-30 10:32:53,022 | INFO | ⏳ Retrying in 3.9s...
2026-01-30 10:32:56,961 | INFO | 📄 Navigating to: https://www.nawy.com/compound/943-italian-square...
2026-01-30 10:33:10,034 | INFO |    ✅ Italian Square
2026-01-30 10:33:10,192 | INFO | ➕ Inserted new compound: Italian Square
2026-01-30 10:33:10,192 | INFO |    💾 Saved to MongoDB
2026-01-30 10:33:15,333 | INFO | [225/756] Scraping: https://www.nawy.com/compound/944-town-view
2026-01-30 10:33:15,333 | INFO | 📄 Navigating to: https://www.nawy.com/compound/944-town-view...
2026-01-30 10:33:32,123 | INFO |    ✅ Town View
2026-01-30 10:33:32,267 | INFO | ➕ Inserted new compound: Town View
2026-01-30 10:33:32,268 | INFO |    💾 Saved to MongoDB
2026-01-30 10:33:36,068 | INFO | [226/756] Scraping: https://www.nawy.com/compound/945-white-bay
2026-01-30 10:33:36,068 | INFO | 📄 Navigating to: https://www.nawy.com/compound/945-white-bay...
2026-01-30 10:34:06,190 | ERROR | ❌ Navigation error (attempt 1): Timeout 30000ms exceeded.
2026-01-30 10:34:06,191 | INFO | ⏳ Retrying in 2.6s...
2026-01-30 10:34:08,764 | INFO | 📄 Navigating to: https://www.nawy.com/compound/945-white-bay...
2026-01-30 10:34:24,952 | INFO |    ✅ White Bay
2026-01-30 10:34:25,103 | INFO | ➕ Inserted new compound: White Bay
2026-01-30 10:34:25,106 | INFO |    💾 Saved to MongoDB
2026-01-30 10:34:29,466 | INFO | [227/756] Scraping: https://www.nawy.com/compound/946-el-safwa
2026-01-30 10:34:29,468 | INFO | 📄 Navigating to: https://www.nawy.com/compound/946-el-safwa...
2026-01-30 10:34:36,616 | INFO |    ✅ El Safwa
2026-01-30 10:34:36,763 | INFO | ➕ Inserted new compound: El Safwa
2026-01-30 10:34:36,764 | INFO |    💾 Saved to MongoDB
2026-01-30 10:34:40,902 | INFO | [228/756] Scraping: https://www.nawy.com/compound/947-hadayek-el-mohandesin
2026-01-30 10:34:40,905 | INFO | 📄 Navigating to: https://www.nawy.com/compound/947-hadayek-el-mohandesin...
2026-01-30 10:34:51,446 | INFO |    ✅ Hadayek el Mohandesin
2026-01-30 10:34:51,639 | INFO | ➕ Inserted new compound: Hadayek el Mohandesin
2026-01-30 10:34:51,640 | INFO |    💾 Saved to MongoDB
2026-01-30 10:34:56,724 | INFO | [229/756] Scraping: https://www.nawy.com/compound/948-stella-marina
2026-01-30 10:34:56,724 | INFO | 📄 Navigating to: https://www.nawy.com/compound/948-stella-marina...
2026-01-30 10:35:26,847 | ERROR | ❌ Navigation error (attempt 1): Timeout 30000ms exceeded.
2026-01-30 10:35:26,848 | INFO | ⏳ Retrying in 3.9s...
2026-01-30 10:35:30,777 | INFO | 📄 Navigating to: https://www.nawy.com/compound/948-stella-marina...
2026-01-30 10:35:41,586 | INFO |    ✅ Stella Marina
2026-01-30 10:35:41,734 | INFO | ➕ Inserted new compound: Stella Marina
2026-01-30 10:35:41,769 | INFO |    💾 Saved to MongoDB
2026-01-30 10:35:47,584 | INFO | [230/756] Scraping: https://www.nawy.com/compound/949-verde
2026-01-30 10:35:47,585 | INFO | 📄 Navigating to: https://www.nawy.com/compound/949-verde...
2026-01-30 10:35:58,732 | INFO |    ✅ Verde
2026-01-30 10:35:58,885 | INFO | ➕ Inserted new compound: Verde
2026-01-30 10:35:58,885 | INFO |    💾 Saved to MongoDB
2026-01-30 10:36:04,641 | INFO | [231/756] Scraping: https://www.nawy.com/compound/950-agora-sidi-abdelrahman
2026-01-30 10:36:04,641 | INFO | 📄 Navigating to: https://www.nawy.com/compound/950-agora-sidi-abdelrahman...
2026-01-30 10:36:21,815 | INFO |    ✅ Agora Sidi Abdelrahman
2026-01-30 10:36:22,843 | INFO | ➕ Inserted new compound: Agora Sidi Abdelrahman
2026-01-30 10:36:22,843 | INFO |    💾 Saved to MongoDB
2026-01-30 10:36:26,629 | INFO | [232/756] Scraping: https://www.nawy.com/compound/951-gardenia-heights
2026-01-30 10:36:26,629 | INFO | 📄 Navigating to: https://www.nawy.com/compound/951-gardenia-heights...
2026-01-30 10:36:56,755 | ERROR | ❌ Navigation error (attempt 1): Timeout 30000ms exceeded.
2026-01-30 10:36:56,755 | INFO | ⏳ Retrying in 2.6s...
2026-01-30 10:36:59,386 | INFO | 📄 Navigating to: https://www.nawy.com/compound/951-gardenia-heights...
2026-01-30 10:37:29,511 | ERROR | ❌ Navigation error (attempt 2): Timeout 30000ms exceeded.
2026-01-30 10:37:29,514 | INFO | ⏳ Retrying in 4.1s...
2026-01-30 10:37:33,592 | INFO | 📄 Navigating to: https://www.nawy.com/compound/951-gardenia-heights...
2026-01-30 10:37:41,539 | INFO |    ✅ Gardenia Heights
2026-01-30 10:37:41,814 | INFO | ➕ Inserted new compound: Gardenia Heights
2026-01-30 10:37:41,816 | INFO |    💾 Saved to MongoDB
2026-01-30 10:37:47,425 | INFO | [233/756] Scraping: https://www.nawy.com/compound/952-golden-eagle
2026-01-30 10:37:47,426 | INFO | 📄 Navigating to: https://www.nawy.com/compound/952-golden-eagle...
2026-01-30 10:38:08,561 | INFO |    ✅ Golden Eagle
2026-01-30 10:38:08,689 | INFO | ➕ Inserted new compound: Golden Eagle
2026-01-30 10:38:08,711 | INFO |    💾 Saved to MongoDB
2026-01-30 10:38:12,981 | INFO | [234/756] Scraping: https://www.nawy.com/compound/953-fairways
2026-01-30 10:38:12,992 | INFO | 📄 Navigating to: https://www.nawy.com/compound/953-fairways...
2026-01-30 10:38:43,128 | ERROR | ❌ Navigation error (attempt 1): Timeout 30000ms exceeded.
2026-01-30 10:38:43,128 | INFO | ⏳ Retrying in 2.8s...
2026-01-30 10:38:45,944 | INFO | 📄 Navigating to: https://www.nawy.com/compound/953-fairways...
2026-01-30 10:38:58,277 | INFO |    ✅ Fairways
2026-01-30 10:38:58,443 | INFO | ➕ Inserted new compound: Fairways
2026-01-30 10:38:58,444 | INFO |    💾 Saved to MongoDB
2026-01-30 10:39:03,676 | INFO | [235/756] Scraping: https://www.nawy.com/compound/955-loloat-al-sherouk
2026-01-30 10:39:03,677 | INFO | 📄 Navigating to: https://www.nawy.com/compound/955-loloat-al-sherouk...
2026-01-30 10:39:20,434 | INFO |    ✅ Loloat Al Sherouk
2026-01-30 10:39:20,559 | INFO | ➕ Inserted new compound: Loloat Al Sherouk
2026-01-30 10:39:20,561 | INFO |    💾 Saved to MongoDB
2026-01-30 10:39:26,291 | INFO | [236/756] Scraping: https://www.nawy.com/compound/956-stella-heights
2026-01-30 10:39:26,294 | INFO | 📄 Navigating to: https://www.nawy.com/compound/956-stella-heights...
2026-01-30 10:39:39,657 | INFO |    ✅ Stella Heights
2026-01-30 10:39:39,815 | INFO | ➕ Inserted new compound: Stella Heights
2026-01-30 10:39:39,816 | INFO |    💾 Saved to MongoDB
2026-01-30 10:39:44,067 | INFO | [237/756] Scraping: https://www.nawy.com/compound/957-cinco
2026-01-30 10:39:44,069 | INFO | 📄 Navigating to: https://www.nawy.com/compound/957-cinco...
2026-01-30 10:40:09,499 | INFO |    ✅ Cinco
2026-01-30 10:40:09,655 | INFO | ➕ Inserted new compound: Cinco
2026-01-30 10:40:09,657 | INFO |    💾 Saved to MongoDB
2026-01-30 10:40:14,288 | INFO | [238/756] Scraping: https://www.nawy.com/compound/958-one-katameya
2026-01-30 10:40:14,355 | INFO | 📄 Navigating to: https://www.nawy.com/compound/958-one-katameya...
2026-01-30 10:40:44,491 | ERROR | ❌ Navigation error (attempt 1): Timeout 30000ms exceeded.
2026-01-30 10:40:44,492 | INFO | ⏳ Retrying in 2.5s...
2026-01-30 10:40:47,011 | INFO | 📄 Navigating to: https://www.nawy.com/compound/958-one-katameya...
2026-01-30 10:41:17,127 | ERROR | ❌ Navigation error (attempt 2): Timeout 30000ms exceeded.
2026-01-30 10:41:17,128 | INFO | ⏳ Retrying in 4.9s...
2026-01-30 10:41:22,014 | INFO | 📄 Navigating to: https://www.nawy.com/compound/958-one-katameya...
2026-01-30 10:41:52,138 | ERROR | ❌ Navigation error (attempt 3): Timeout 30000ms exceeded.
2026-01-30 10:41:52,138 | WARNING |    ❌ Failed to scrape
2026-01-30 10:41:56,740 | INFO | [239/756] Scraping: https://www.nawy.com/compound/960-orouba-royal
2026-01-30 10:41:56,741 | INFO | 📄 Navigating to: https://www.nawy.com/compound/960-orouba-royal...
2026-01-30 10:42:26,875 | ERROR | ❌ Navigation error (attempt 1): Timeout 30000ms exceeded.
2026-01-30 10:42:26,875 | INFO | ⏳ Retrying in 2.6s...
2026-01-30 10:42:29,459 | INFO | 📄 Navigating to: https://www.nawy.com/compound/960-orouba-royal...
2026-01-30 10:42:59,585 | ERROR | ❌ Navigation error (attempt 2): Timeout 30000ms exceeded.
2026-01-30 10:42:59,585 | INFO | ⏳ Retrying in 3.4s...
2026-01-30 10:43:03,011 | INFO | 📄 Navigating to: https://www.nawy.com/compound/960-orouba-royal...
2026-01-30 10:43:33,134 | ERROR | ❌ Navigation error (attempt 3): Timeout 30000ms exceeded.
2026-01-30 10:43:33,134 | WARNING |    ❌ Failed to scrape
2026-01-30 10:43:38,222 | INFO | [240/756] Scraping: https://www.nawy.com/compound/961-marriot-residence-amer-group
2026-01-30 10:43:38,230 | INFO | 📄 Navigating to: https://www.nawy.com/compound/961-marriot-residence-amer-group...
2026-01-30 10:44:08,355 | ERROR | ❌ Navigation error (attempt 1): Timeout 30000ms exceeded.
2026-01-30 10:44:08,356 | INFO | ⏳ Retrying in 3.8s...
2026-01-30 10:44:12,177 | INFO | 📄 Navigating to: https://www.nawy.com/compound/961-marriot-residence-amer-group...
2026-01-30 10:44:44,486 | INFO |    ✅ Marriot Residence - Amer group
2026-01-30 10:44:44,618 | INFO | ➕ Inserted new compound: Marriot Residence - Amer group
2026-01-30 10:44:44,619 | INFO |    💾 Saved to MongoDB
2026-01-30 10:44:49,716 | INFO | [241/756] Scraping: https://www.nawy.com/compound/962-rosail
2026-01-30 10:44:49,717 | INFO | 📄 Navigating to: https://www.nawy.com/compound/962-rosail...
2026-01-30 10:45:19,838 | ERROR | ❌ Navigation error (attempt 1): Timeout 30000ms exceeded.
2026-01-30 10:45:19,839 | INFO | ⏳ Retrying in 3.7s...
2026-01-30 10:45:23,523 | INFO | 📄 Navigating to: https://www.nawy.com/compound/962-rosail...
2026-01-30 10:45:53,674 | ERROR | ❌ Navigation error (attempt 2): Timeout 30000ms exceeded.
2026-01-30 10:45:53,692 | INFO | ⏳ Retrying in 4.8s...
2026-01-30 10:45:58,517 | INFO | 📄 Navigating to: https://www.nawy.com/compound/962-rosail...
2026-01-30 10:46:12,002 | INFO |    ✅ Rosail
2026-01-30 10:46:12,156 | INFO | ➕ Inserted new compound: Rosail
2026-01-30 10:46:12,185 | INFO |    💾 Saved to MongoDB
2026-01-30 10:46:16,551 | INFO | [242/756] Scraping: https://www.nawy.com/compound/963-sarayat-al-korba
2026-01-30 10:46:16,551 | INFO | 📄 Navigating to: https://www.nawy.com/compound/963-sarayat-al-korba...
2026-01-30 10:46:49,872 | INFO |    ✅ Sarayat Al Korba
2026-01-30 10:46:50,035 | INFO | ➕ Inserted new compound: Sarayat Al Korba
2026-01-30 10:46:50,155 | INFO |    💾 Saved to MongoDB
2026-01-30 10:46:54,141 | INFO | [243/756] Scraping: https://www.nawy.com/compound/964-blue-blue
2026-01-30 10:46:54,142 | INFO | 📄 Navigating to: https://www.nawy.com/compound/964-blue-blue...
2026-01-30 10:47:24,378 | ERROR | ❌ Navigation error (attempt 1): Timeout 30000ms exceeded.
2026-01-30 10:47:24,488 | INFO | ⏳ Retrying in 3.5s...
2026-01-30 10:47:28,071 | INFO | 📄 Navigating to: https://www.nawy.com/compound/964-blue-blue...
2026-01-30 10:47:53,781 | INFO |    ✅ Blue Blue
2026-01-30 10:47:53,929 | INFO | ➕ Inserted new compound: Blue Blue
2026-01-30 10:47:53,931 | INFO |    💾 Saved to MongoDB
2026-01-30 10:47:57,646 | INFO | [244/756] Scraping: https://www.nawy.com/compound/965-zoe-extension
2026-01-30 10:47:57,684 | INFO | 📄 Navigating to: https://www.nawy.com/compound/965-zoe-extension...
2026-01-30 10:48:11,748 | INFO |    ✅ ZOE Extension
2026-01-30 10:48:11,926 | INFO | ➕ Inserted new compound: ZOE Extension
2026-01-30 10:48:11,936 | INFO |    💾 Saved to MongoDB
2026-01-30 10:48:15,880 | INFO | [245/756] Scraping: https://www.nawy.com/compound/966-royal-city
2026-01-30 10:48:15,963 | INFO | 📄 Navigating to: https://www.nawy.com/compound/966-royal-city...
2026-01-30 10:48:58,491 | INFO |    ✅ Royal City
2026-01-30 10:48:58,816 | INFO | ➕ Inserted new compound: Royal City
2026-01-30 10:48:58,893 | INFO |    💾 Saved to MongoDB
2026-01-30 10:49:04,686 | INFO | [246/756] Scraping: https://www.nawy.com/compound/967-mena-3
2026-01-30 10:49:04,772 | INFO | 📄 Navigating to: https://www.nawy.com/compound/967-mena-3...
2026-01-30 10:49:21,400 | INFO |    ✅ Mena 3
2026-01-30 10:49:21,552 | INFO | ➕ Inserted new compound: Mena 3
2026-01-30 10:49:21,611 | INFO |    💾 Saved to MongoDB
2026-01-30 10:49:26,036 | INFO | [247/756] Scraping: https://www.nawy.com/compound/968-6ixty-three
2026-01-30 10:49:26,129 | INFO | 📄 Navigating to: https://www.nawy.com/compound/968-6ixty-three...
2026-01-30 10:49:42,861 | INFO |    ✅ 6ixty Three
2026-01-30 10:49:43,025 | INFO | ➕ Inserted new compound: 6ixty Three
2026-01-30 10:49:43,030 | INFO |    💾 Saved to MongoDB
2026-01-30 10:49:46,517 | INFO | [248/756] Scraping: https://www.nawy.com/compound/969-6ixty-walk-one-new-capital
2026-01-30 10:49:46,605 | INFO | 📄 Navigating to: https://www.nawy.com/compound/969-6ixty-walk-one-new-capital...
2026-01-30 10:49:59,236 | INFO |    ✅ 6ixty Walk One New Capital
2026-01-30 10:49:59,397 | INFO | ➕ Inserted new compound: 6ixty Walk One New Capital
2026-01-30 10:49:59,397 | INFO |    💾 Saved to MongoDB
2026-01-30 10:50:03,703 | INFO | [249/756] Scraping: https://www.nawy.com/compound/970-heaven-hills-porto-el-sokhna
2026-01-30 10:50:03,709 | INFO | 📄 Navigating to: https://www.nawy.com/compound/970-heaven-hills-porto-el-sokhna...
2026-01-30 10:50:20,797 | INFO |    ✅ Heaven Hills Porto El Sokhna
2026-01-30 10:50:20,947 | INFO | ➕ Inserted new compound: Heaven Hills Porto El Sokhna
2026-01-30 10:50:20,948 | INFO |    💾 Saved to MongoDB
2026-01-30 10:50:26,512 | INFO | [250/756] Scraping: https://www.nawy.com/compound/971-river-green-2
2026-01-30 10:50:26,513 | INFO | 📄 Navigating to: https://www.nawy.com/compound/971-river-green-2...
2026-01-30 10:50:56,661 | ERROR | ❌ Navigation error (attempt 1): Timeout 30000ms exceeded.
2026-01-30 10:50:56,662 | INFO | ⏳ Retrying in 3.9s...
2026-01-30 10:51:00,553 | INFO | 📄 Navigating to: https://www.nawy.com/compound/971-river-green-2...
2026-01-30 10:51:30,699 | ERROR | ❌ Navigation error (attempt 2): Timeout 30000ms exceeded.
2026-01-30 10:51:30,702 | INFO | ⏳ Retrying in 3.1s...
2026-01-30 10:51:33,825 | INFO | 📄 Navigating to: https://www.nawy.com/compound/971-river-green-2...
2026-01-30 10:52:03,954 | ERROR | ❌ Navigation error (attempt 3): Timeout 30000ms exceeded.
2026-01-30 10:52:03,957 | WARNING |    ❌ Failed to scrape
2026-01-30 10:52:08,153 | INFO | [251/756] Scraping: https://www.nawy.com/compound/973-monark-residence
2026-01-30 10:52:08,156 | INFO | 📄 Navigating to: https://www.nawy.com/compound/973-monark-residence...
2026-01-30 10:52:38,307 | ERROR | ❌ Navigation error (attempt 1): Timeout 30000ms exceeded.
2026-01-30 10:52:38,309 | INFO | ⏳ Retrying in 3.1s...
2026-01-30 10:52:41,464 | INFO | 📄 Navigating to: https://www.nawy.com/compound/973-monark-residence...
2026-01-30 10:53:11,594 | ERROR | ❌ Navigation error (attempt 2): Timeout 30000ms exceeded.
2026-01-30 10:53:11,595 | INFO | ⏳ Retrying in 3.9s...
2026-01-30 10:53:15,503 | INFO | 📄 Navigating to: https://www.nawy.com/compound/973-monark-residence...
2026-01-30 10:53:23,387 | INFO |    ✅ Monark Residence
2026-01-30 10:53:23,553 | INFO | ➕ Inserted new compound: Monark Residence
2026-01-30 10:53:23,554 | INFO |    💾 Saved to MongoDB
2026-01-30 10:53:27,918 | INFO | [252/756] Scraping: https://www.nawy.com/compound/975-waterway-white
2026-01-30 10:53:27,920 | INFO | 📄 Navigating to: https://www.nawy.com/compound/975-waterway-white...
2026-01-30 10:53:50,337 | INFO |    ✅ Waterway White
2026-01-30 10:53:50,485 | INFO | ➕ Inserted new compound: Waterway White
2026-01-30 10:53:50,486 | INFO |    💾 Saved to MongoDB
2026-01-30 10:53:55,578 | INFO | [253/756] Scraping: https://www.nawy.com/compound/977-moon-valley-2
2026-01-30 10:53:55,579 | INFO | 📄 Navigating to: https://www.nawy.com/compound/977-moon-valley-2...
2026-01-30 10:54:03,327 | INFO |    ✅ Moon Valley 2
2026-01-30 10:54:03,473 | INFO | ➕ Inserted new compound: Moon Valley 2
2026-01-30 10:54:03,474 | INFO |    💾 Saved to MongoDB
2026-01-30 10:54:07,229 | INFO | [254/756] Scraping: https://www.nawy.com/compound/978-il-bayou
2026-01-30 10:54:07,229 | INFO | 📄 Navigating to: https://www.nawy.com/compound/978-il-bayou...
2026-01-30 10:54:19,484 | INFO |    ✅ Il Bayou
2026-01-30 10:54:19,642 | INFO | ➕ Inserted new compound: Il Bayou
2026-01-30 10:54:19,642 | INFO |    💾 Saved to MongoDB
2026-01-30 10:54:24,019 | INFO | [255/756] Scraping: https://www.nawy.com/compound/979-urban-business-lane
2026-01-30 10:54:24,020 | INFO | 📄 Navigating to: https://www.nawy.com/compound/979-urban-business-lane...
2026-01-30 10:54:38,385 | INFO |    ✅ Urban Business Lane
2026-01-30 10:54:38,544 | INFO | ➕ Inserted new compound: Urban Business Lane
2026-01-30 10:54:38,544 | INFO |    💾 Saved to MongoDB
2026-01-30 10:54:43,123 | INFO | [256/756] Scraping: https://www.nawy.com/compound/980-d-line
2026-01-30 10:54:43,124 | INFO | 📄 Navigating to: https://www.nawy.com/compound/980-d-line...
2026-01-30 10:54:50,264 | INFO |    ✅ D Line
2026-01-30 10:54:50,412 | INFO | ➕ Inserted new compound: D Line
2026-01-30 10:54:50,412 | INFO |    💾 Saved to MongoDB
2026-01-30 10:54:56,229 | INFO | [257/756] Scraping: https://www.nawy.com/compound/982-la-terra
2026-01-30 10:54:56,229 | INFO | 📄 Navigating to: https://www.nawy.com/compound/982-la-terra...
2026-01-30 10:55:04,217 | INFO |    ✅ La Terra
2026-01-30 10:55:04,363 | INFO | ➕ Inserted new compound: La Terra
2026-01-30 10:55:04,364 | INFO |    💾 Saved to MongoDB
2026-01-30 10:55:07,597 | INFO | [258/756] Scraping: https://www.nawy.com/compound/983-trivium-business-complex
2026-01-30 10:55:07,597 | INFO | 📄 Navigating to: https://www.nawy.com/compound/983-trivium-business-complex...
2026-01-30 10:55:31,023 | INFO |    ✅ Trivium Business Complex
2026-01-30 10:55:31,171 | INFO | ➕ Inserted new compound: Trivium Business Complex
2026-01-30 10:55:31,173 | INFO |    💾 Saved to MongoDB
2026-01-30 10:55:36,883 | INFO | [259/756] Scraping: https://www.nawy.com/compound/984-mirage-mall
2026-01-30 10:55:36,884 | INFO | 📄 Navigating to: https://www.nawy.com/compound/984-mirage-mall...
2026-01-30 10:56:07,004 | ERROR | ❌ Navigation error (attempt 1): Timeout 30000ms exceeded.
2026-01-30 10:56:07,004 | INFO | ⏳ Retrying in 2.1s...
2026-01-30 10:56:09,067 | INFO | 📄 Navigating to: https://www.nawy.com/compound/984-mirage-mall...
2026-01-30 10:56:39,200 | ERROR | ❌ Navigation error (attempt 2): Timeout 30000ms exceeded.
2026-01-30 10:56:39,200 | INFO | ⏳ Retrying in 4.4s...
2026-01-30 10:56:43,611 | INFO | 📄 Navigating to: https://www.nawy.com/compound/984-mirage-mall...
2026-01-30 10:57:13,735 | ERROR | ❌ Navigation error (attempt 3): Timeout 30000ms exceeded.
2026-01-30 10:57:13,735 | WARNING |    ❌ Failed to scrape
2026-01-30 10:57:16,879 | INFO | [260/756] Scraping: https://www.nawy.com/compound/985-trivium-square
2026-01-30 10:57:16,879 | INFO | 📄 Navigating to: https://www.nawy.com/compound/985-trivium-square...
2026-01-30 10:57:46,996 | ERROR | ❌ Navigation error (attempt 1): Timeout 30000ms exceeded.
2026-01-30 10:57:46,997 | INFO | ⏳ Retrying in 3.5s...
2026-01-30 10:57:50,506 | INFO | 📄 Navigating to: https://www.nawy.com/compound/985-trivium-square...
2026-01-30 10:57:58,210 | INFO |    ✅ Trivium Square
2026-01-30 10:57:58,369 | INFO | ➕ Inserted new compound: Trivium Square
2026-01-30 10:57:58,371 | INFO |    💾 Saved to MongoDB
2026-01-30 10:58:04,335 | INFO | [261/756] Scraping: https://www.nawy.com/compound/986-marina-8
2026-01-30 10:58:04,335 | INFO | 📄 Navigating to: https://www.nawy.com/compound/986-marina-8...
2026-01-30 10:58:12,124 | INFO |    ✅ Marina 8
2026-01-30 10:58:12,276 | INFO | ➕ Inserted new compound: Marina 8
2026-01-30 10:58:12,277 | INFO |    💾 Saved to MongoDB
2026-01-30 10:58:15,288 | INFO | [262/756] Scraping: https://www.nawy.com/compound/987-salt-mall
2026-01-30 10:58:15,288 | INFO | 📄 Navigating to: https://www.nawy.com/compound/987-salt-mall...
2026-01-30 10:58:33,010 | INFO |    ✅ Salt Mall
2026-01-30 10:58:33,158 | INFO | ➕ Inserted new compound: Salt Mall
2026-01-30 10:58:33,158 | INFO |    💾 Saved to MongoDB
2026-01-30 10:58:38,082 | INFO | [263/756] Scraping: https://www.nawy.com/compound/988-alura
2026-01-30 10:58:38,082 | INFO | 📄 Navigating to: https://www.nawy.com/compound/988-alura...
2026-01-30 10:59:08,207 | ERROR | ❌ Navigation error (attempt 1): Timeout 30000ms exceeded.
2026-01-30 10:59:08,208 | INFO | ⏳ Retrying in 2.4s...
2026-01-30 10:59:10,620 | INFO | 📄 Navigating to: https://www.nawy.com/compound/988-alura...
2026-01-30 10:59:40,745 | ERROR | ❌ Navigation error (attempt 2): Timeout 30000ms exceeded.
2026-01-30 10:59:40,746 | INFO | ⏳ Retrying in 4.2s...
2026-01-30 10:59:44,986 | INFO | 📄 Navigating to: https://www.nawy.com/compound/988-alura...
2026-01-30 11:00:15,107 | ERROR | ❌ Navigation error (attempt 3): Timeout 30000ms exceeded.
2026-01-30 11:00:15,108 | WARNING |    ❌ Failed to scrape
2026-01-30 11:00:18,282 | INFO | [264/756] Scraping: https://www.nawy.com/compound/989-lvls-mountain-view
2026-01-30 11:00:18,282 | INFO | 📄 Navigating to: https://www.nawy.com/compound/989-lvls-mountain-view...
2026-01-30 11:00:48,403 | ERROR | ❌ Navigation error (attempt 1): Timeout 30000ms exceeded.
2026-01-30 11:00:48,403 | INFO | ⏳ Retrying in 2.9s...
2026-01-30 11:00:51,294 | INFO | 📄 Navigating to: https://www.nawy.com/compound/989-lvls-mountain-view...
2026-01-30 11:01:21,411 | ERROR | ❌ Navigation error (attempt 2): Timeout 30000ms exceeded.
2026-01-30 11:01:21,411 | INFO | ⏳ Retrying in 3.3s...
2026-01-30 11:01:24,730 | INFO | 📄 Navigating to: https://www.nawy.com/compound/989-lvls-mountain-view...
2026-01-30 11:01:32,280 | INFO |    ✅ LVLS Mountain View
2026-01-30 11:01:32,439 | INFO | ➕ Inserted new compound: LVLS Mountain View
2026-01-30 11:01:32,440 | INFO |    💾 Saved to MongoDB
2026-01-30 11:01:37,792 | INFO | [265/756] Scraping: https://www.nawy.com/compound/990-amorada
2026-01-30 11:01:37,792 | INFO | 📄 Navigating to: https://www.nawy.com/compound/990-amorada...
2026-01-30 11:01:59,430 | INFO |    ✅ Amorada
2026-01-30 11:01:59,577 | INFO | ➕ Inserted new compound: Amorada
2026-01-30 11:01:59,578 | INFO |    💾 Saved to MongoDB
2026-01-30 11:02:04,510 | INFO | [266/756] Scraping: https://www.nawy.com/compound/991-lasirena-ras-sudr
2026-01-30 11:02:04,514 | INFO | 📄 Navigating to: https://www.nawy.com/compound/991-lasirena-ras-sudr...
2026-01-30 11:02:34,648 | ERROR | ❌ Navigation error (attempt 1): Timeout 30000ms exceeded.
2026-01-30 11:02:34,649 | INFO | ⏳ Retrying in 3.2s...
2026-01-30 11:02:37,837 | INFO | 📄 Navigating to: https://www.nawy.com/compound/991-lasirena-ras-sudr...
2026-01-30 11:03:07,968 | ERROR | ❌ Navigation error (attempt 2): Timeout 30000ms exceeded.
2026-01-30 11:03:07,969 | INFO | ⏳ Retrying in 3.3s...
2026-01-30 11:03:11,226 | INFO | 📄 Navigating to: https://www.nawy.com/compound/991-lasirena-ras-sudr...
2026-01-30 11:03:41,344 | ERROR | ❌ Navigation error (attempt 3): Timeout 30000ms exceeded.
2026-01-30 11:03:41,344 | WARNING |    ❌ Failed to scrape
2026-01-30 11:03:46,333 | INFO | [267/756] Scraping: https://www.nawy.com/compound/992-diar-i
2026-01-30 11:03:46,335 | INFO | 📄 Navigating to: https://www.nawy.com/compound/992-diar-i...
2026-01-30 11:04:16,462 | ERROR | ❌ Navigation error (attempt 1): Timeout 30000ms exceeded.
2026-01-30 11:04:16,463 | INFO | ⏳ Retrying in 3.9s...
2026-01-30 11:04:20,381 | INFO | 📄 Navigating to: https://www.nawy.com/compound/992-diar-i...
2026-01-30 11:04:50,503 | ERROR | ❌ Navigation error (attempt 2): Timeout 30000ms exceeded.
2026-01-30 11:04:50,505 | INFO | ⏳ Retrying in 3.5s...
2026-01-30 11:04:54,017 | INFO | 📄 Navigating to: https://www.nawy.com/compound/992-diar-i...
2026-01-30 11:05:24,143 | ERROR | ❌ Navigation error (attempt 3): Timeout 30000ms exceeded.
2026-01-30 11:05:24,144 | WARNING |    ❌ Failed to scrape
2026-01-30 11:05:27,889 | INFO | [268/756] Scraping: https://www.nawy.com/compound/993-mena-4
2026-01-30 11:05:27,889 | INFO | 📄 Navigating to: https://www.nawy.com/compound/993-mena-4...
2026-01-30 11:05:58,005 | ERROR | ❌ Navigation error (attempt 1): Timeout 30000ms exceeded.
2026-01-30 11:05:58,006 | INFO | ⏳ Retrying in 2.9s...
2026-01-30 11:06:00,947 | INFO | 📄 Navigating to: https://www.nawy.com/compound/993-mena-4...
2026-01-30 11:06:31,129 | ERROR | ❌ Navigation error (attempt 2): Timeout 30000ms exceeded.
2026-01-30 11:06:31,129 | INFO | ⏳ Retrying in 4.3s...
2026-01-30 11:06:35,404 | INFO | 📄 Navigating to: https://www.nawy.com/compound/993-mena-4...
2026-01-30 11:07:05,526 | ERROR | ❌ Navigation error (attempt 3): Timeout 30000ms exceeded.
2026-01-30 11:07:05,526 | WARNING |    ❌ Failed to scrape
2026-01-30 11:07:11,430 | INFO | [269/756] Scraping: https://www.nawy.com/compound/994-diplo-2
2026-01-30 11:07:11,430 | INFO | 📄 Navigating to: https://www.nawy.com/compound/994-diplo-2...
2026-01-30 11:07:18,812 | INFO |    ✅ Diplo 2
2026-01-30 11:07:18,962 | INFO | ➕ Inserted new compound: Diplo 2
2026-01-30 11:07:18,963 | INFO |    💾 Saved to MongoDB
2026-01-30 11:07:23,779 | INFO | [270/756] Scraping: https://www.nawy.com/compound/995-jeera
2026-01-30 11:07:23,780 | INFO | 📄 Navigating to: https://www.nawy.com/compound/995-jeera...
2026-01-30 11:07:46,651 | INFO |    ✅ Jeera
2026-01-30 11:07:46,801 | INFO | ➕ Inserted new compound: Jeera
2026-01-30 11:07:46,802 | INFO |    💾 Saved to MongoDB
2026-01-30 11:07:51,369 | INFO | [271/756] Scraping: https://www.nawy.com/compound/997-nile-boulevard
2026-01-30 11:07:51,371 | INFO | 📄 Navigating to: https://www.nawy.com/compound/997-nile-boulevard...
2026-01-30 11:08:21,504 | ERROR | ❌ Navigation error (attempt 1): Timeout 30000ms exceeded.
2026-01-30 11:08:21,506 | INFO | ⏳ Retrying in 3.3s...
2026-01-30 11:08:24,850 | INFO | 📄 Navigating to: https://www.nawy.com/compound/997-nile-boulevard...
2026-01-30 11:08:54,974 | ERROR | ❌ Navigation error (attempt 2): Timeout 30000ms exceeded.
2026-01-30 11:08:54,976 | INFO | ⏳ Retrying in 3.8s...
2026-01-30 11:08:58,802 | INFO | 📄 Navigating to: https://www.nawy.com/compound/997-nile-boulevard...
2026-01-30 11:08:59,612 | WARNING | ⚠️ Status 502
2026-01-30 11:08:59,613 | WARNING |    ❌ Failed to scrape
2026-01-30 11:09:05,125 | INFO | [272/756] Scraping: https://www.nawy.com/compound/998-capital-heights-2
2026-01-30 11:09:05,125 | INFO | 📄 Navigating to: https://www.nawy.com/compound/998-capital-heights-2...
2026-01-30 11:09:17,905 | INFO |    ✅ Capital Heights 2
2026-01-30 11:09:18,059 | INFO | ➕ Inserted new compound: Capital Heights 2
2026-01-30 11:09:18,062 | INFO |    💾 Saved to MongoDB
2026-01-30 11:09:23,544 | INFO | [273/756] Scraping: https://www.nawy.com/compound/999-iguall
2026-01-30 11:09:23,545 | INFO | 📄 Navigating to: https://www.nawy.com/compound/999-iguall...
2026-01-30 11:09:41,374 | INFO |    ✅ Iguall
2026-01-30 11:09:41,553 | INFO | ➕ Inserted new compound: Iguall
2026-01-30 11:09:41,554 | INFO |    💾 Saved to MongoDB
2026-01-30 11:09:44,814 | INFO | [274/756] Scraping: https://www.nawy.com/compound/1000-obsidier
2026-01-30 11:09:44,814 | INFO | 📄 Navigating to: https://www.nawy.com/compound/1000-obsidier...
2026-01-30 11:10:14,938 | ERROR | ❌ Navigation error (attempt 1): Timeout 30000ms exceeded.
2026-01-30 11:10:14,938 | INFO | ⏳ Retrying in 2.2s...
2026-01-30 11:10:17,169 | INFO | 📄 Navigating to: https://www.nawy.com/compound/1000-obsidier...
2026-01-30 11:10:47,291 | ERROR | ❌ Navigation error (attempt 2): Timeout 30000ms exceeded.
2026-01-30 11:10:47,294 | INFO | ⏳ Retrying in 3.5s...
2026-01-30 11:10:50,791 | INFO | 📄 Navigating to: https://www.nawy.com/compound/1000-obsidier...
2026-01-30 11:11:07,731 | INFO |    ✅ Obsidier
2026-01-30 11:11:08,002 | INFO | ➕ Inserted new compound: Obsidier
2026-01-30 11:11:08,003 | INFO |    💾 Saved to MongoDB
2026-01-30 11:11:13,861 | INFO | [275/756] Scraping: https://www.nawy.com/compound/1001-il-latini-city-edge
2026-01-30 11:11:13,862 | INFO | 📄 Navigating to: https://www.nawy.com/compound/1001-il-latini-city-edge...
2026-01-30 11:11:25,423 | INFO |    ✅ Il Latini City Edge
2026-01-30 11:11:25,575 | INFO | ➕ Inserted new compound: Il Latini City Edge
2026-01-30 11:11:25,575 | INFO |    💾 Saved to MongoDB
2026-01-30 11:11:29,696 | INFO | [276/756] Scraping: https://www.nawy.com/compound/1002-beach-chalets-seashore
2026-01-30 11:11:29,698 | INFO | 📄 Navigating to: https://www.nawy.com/compound/1002-beach-chalets-seashore...
2026-01-30 11:11:36,922 | INFO |    ✅ Beach chalets - Seashore
2026-01-30 11:11:37,071 | INFO | ➕ Inserted new compound: Beach chalets - Seashore
2026-01-30 11:11:37,072 | INFO |    💾 Saved to MongoDB
2026-01-30 11:11:40,280 | INFO | [277/756] Scraping: https://www.nawy.com/compound/1005-dijar
2026-01-30 11:11:40,281 | INFO | 📄 Navigating to: https://www.nawy.com/compound/1005-dijar...
2026-01-30 11:11:50,695 | INFO |    ✅ Dijar
2026-01-30 11:11:50,848 | INFO | ➕ Inserted new compound: Dijar
2026-01-30 11:11:50,849 | INFO |    💾 Saved to MongoDB
2026-01-30 11:11:55,794 | INFO | [278/756] Scraping: https://www.nawy.com/compound/1006-al-alamein-residences
2026-01-30 11:11:55,795 | INFO | 📄 Navigating to: https://www.nawy.com/compound/1006-al-alamein-residences...
2026-01-30 11:12:08,832 | INFO |    ✅ Al Alamein Residences
2026-01-30 11:12:08,962 | INFO | ➕ Inserted new compound: Al Alamein Residences
2026-01-30 11:12:08,963 | INFO |    💾 Saved to MongoDB
2026-01-30 11:12:12,500 | INFO | [279/756] Scraping: https://www.nawy.com/compound/1008-lake-view-residence-2
2026-01-30 11:12:12,529 | INFO | 📄 Navigating to: https://www.nawy.com/compound/1008-lake-view-residence-2...
2026-01-30 11:12:34,670 | INFO |    ✅ Lake view Residence 2
2026-01-30 11:12:34,815 | INFO | ➕ Inserted new compound: Lake view Residence 2
2026-01-30 11:12:34,816 | INFO |    💾 Saved to MongoDB
2026-01-30 11:12:39,027 | INFO | [280/756] Scraping: https://www.nawy.com/compound/1009-ira
2026-01-30 11:12:39,028 | INFO | 📄 Navigating to: https://www.nawy.com/compound/1009-ira...
2026-01-30 11:12:51,473 | INFO |    ✅ IRA
2026-01-30 11:12:51,662 | INFO | ➕ Inserted new compound: IRA
2026-01-30 11:12:51,662 | INFO |    💾 Saved to MongoDB
2026-01-30 11:12:56,348 | INFO | [281/756] Scraping: https://www.nawy.com/compound/1010-vigor
2026-01-30 11:12:56,349 | INFO | 📄 Navigating to: https://www.nawy.com/compound/1010-vigor...
2026-01-30 11:13:13,672 | INFO |    ✅ Vigor
2026-01-30 11:13:13,853 | INFO | ➕ Inserted new compound: Vigor
2026-01-30 11:13:13,854 | INFO |    💾 Saved to MongoDB
2026-01-30 11:13:18,756 | INFO | [282/756] Scraping: https://www.nawy.com/compound/1011-regent's-square
2026-01-30 11:13:18,757 | INFO | 📄 Navigating to: https://www.nawy.com/compound/1011-regent's-square...
2026-01-30 11:13:48,876 | ERROR | ❌ Navigation error (attempt 1): Timeout 30000ms exceeded.
2026-01-30 11:13:48,879 | INFO | ⏳ Retrying in 2.4s...
2026-01-30 11:13:51,321 | INFO | 📄 Navigating to: https://www.nawy.com/compound/1011-regent's-square...
2026-01-30 11:14:21,443 | ERROR | ❌ Navigation error (attempt 2): Timeout 30000ms exceeded.
2026-01-30 11:14:21,443 | INFO | ⏳ Retrying in 4.7s...
2026-01-30 11:14:26,164 | INFO | 📄 Navigating to: https://www.nawy.com/compound/1011-regent's-square...
2026-01-30 11:14:56,286 | ERROR | ❌ Navigation error (attempt 3): Timeout 30000ms exceeded.
2026-01-30 11:14:56,287 | WARNING |    ❌ Failed to scrape
2026-01-30 11:14:59,912 | INFO | [283/756] Scraping: https://www.nawy.com/compound/1012-mamsha-views
2026-01-30 11:14:59,915 | INFO | 📄 Navigating to: https://www.nawy.com/compound/1012-mamsha-views...
2026-01-30 11:15:30,041 | ERROR | ❌ Navigation error (attempt 1): Timeout 30000ms exceeded.
2026-01-30 11:15:30,041 | INFO | ⏳ Retrying in 2.8s...
2026-01-30 11:15:32,828 | INFO | 📄 Navigating to: https://www.nawy.com/compound/1012-mamsha-views...
2026-01-30 11:16:02,960 | ERROR | ❌ Navigation error (attempt 2): Timeout 30000ms exceeded.
2026-01-30 11:16:02,960 | INFO | ⏳ Retrying in 4.9s...
2026-01-30 11:16:07,906 | INFO | 📄 Navigating to: https://www.nawy.com/compound/1012-mamsha-views...
2026-01-30 11:16:15,320 | INFO |    ✅ Mamsha Views
2026-01-30 11:16:15,624 | INFO | ➕ Inserted new compound: Mamsha Views
2026-01-30 11:16:15,625 | INFO |    💾 Saved to MongoDB
2026-01-30 11:16:21,132 | INFO | [284/756] Scraping: https://www.nawy.com/compound/1013-mamsha-almaqsad
2026-01-30 11:16:21,132 | INFO | 📄 Navigating to: https://www.nawy.com/compound/1013-mamsha-almaqsad...
2026-01-30 11:16:29,735 | INFO |    ✅ Mamsha Almaqsad
2026-01-30 11:16:29,883 | INFO | ➕ Inserted new compound: Mamsha Almaqsad
2026-01-30 11:16:29,883 | INFO |    💾 Saved to MongoDB
2026-01-30 11:16:33,708 | INFO | [285/756] Scraping: https://www.nawy.com/compound/1014-mamsha-district
2026-01-30 11:16:33,711 | INFO | 📄 Navigating to: https://www.nawy.com/compound/1014-mamsha-district...
2026-01-30 11:16:50,602 | INFO |    ✅ Mamsha District
2026-01-30 11:16:50,749 | INFO | ➕ Inserted new compound: Mamsha District
2026-01-30 11:16:50,750 | INFO |    💾 Saved to MongoDB
2026-01-30 11:16:55,313 | INFO | [286/756] Scraping: https://www.nawy.com/compound/1015-mamsha-gardens
2026-01-30 11:16:55,314 | INFO | 📄 Navigating to: https://www.nawy.com/compound/1015-mamsha-gardens...
2026-01-30 11:17:25,434 | ERROR | ❌ Navigation error (attempt 1): Timeout 30000ms exceeded.
2026-01-30 11:17:25,434 | INFO | ⏳ Retrying in 3.1s...
2026-01-30 11:17:28,502 | INFO | 📄 Navigating to: https://www.nawy.com/compound/1015-mamsha-gardens...
2026-01-30 11:17:58,637 | ERROR | ❌ Navigation error (attempt 2): Timeout 30000ms exceeded.
2026-01-30 11:17:58,638 | INFO | ⏳ Retrying in 4.9s...
2026-01-30 11:18:03,519 | INFO | 📄 Navigating to: https://www.nawy.com/compound/1015-mamsha-gardens...
2026-01-30 11:18:10,389 | INFO |    ✅ Mamsha Gardens
2026-01-30 11:18:10,541 | INFO | ➕ Inserted new compound: Mamsha Gardens
2026-01-30 11:18:10,541 | INFO |    💾 Saved to MongoDB
2026-01-30 11:18:14,784 | INFO | [287/756] Scraping: https://www.nawy.com/compound/1016-miramar-residence
2026-01-30 11:18:14,785 | INFO | 📄 Navigating to: https://www.nawy.com/compound/1016-miramar-residence...
2026-01-30 11:18:38,349 | INFO |    ✅ Miramar Residence
2026-01-30 11:18:38,497 | INFO | ➕ Inserted new compound: Miramar Residence
2026-01-30 11:18:38,497 | INFO |    💾 Saved to MongoDB
2026-01-30 11:18:41,913 | INFO | [288/756] Scraping: https://www.nawy.com/compound/1017-boutique-village
2026-01-30 11:18:41,914 | INFO | 📄 Navigating to: https://www.nawy.com/compound/1017-boutique-village...
2026-01-30 11:18:56,040 | INFO |    ✅ Boutique Village
2026-01-30 11:18:56,205 | INFO | ➕ Inserted new compound: Boutique Village
2026-01-30 11:18:56,206 | INFO |    💾 Saved to MongoDB
2026-01-30 11:18:59,310 | INFO | [289/756] Scraping: https://www.nawy.com/compound/1018-eden
2026-01-30 11:18:59,311 | INFO | 📄 Navigating to: https://www.nawy.com/compound/1018-eden...
2026-01-30 11:19:07,699 | INFO |    ✅ EDEN
2026-01-30 11:19:07,848 | INFO | ➕ Inserted new compound: EDEN
2026-01-30 11:19:07,848 | INFO |    💾 Saved to MongoDB
2026-01-30 11:19:12,491 | INFO | [290/756] Scraping: https://www.nawy.com/compound/1019-diplo-3
2026-01-30 11:19:12,492 | INFO | 📄 Navigating to: https://www.nawy.com/compound/1019-diplo-3...
2026-01-30 11:19:19,200 | INFO |    ✅ Diplo 3
2026-01-30 11:19:19,343 | INFO | ➕ Inserted new compound: Diplo 3
2026-01-30 11:19:19,345 | INFO |    💾 Saved to MongoDB
2026-01-30 11:19:24,133 | INFO | [291/756] Scraping: https://www.nawy.com/compound/1025-elite-park
2026-01-30 11:19:24,133 | INFO | 📄 Navigating to: https://www.nawy.com/compound/1025-elite-park...
2026-01-30 11:19:40,693 | INFO |    ✅ Elite Park
2026-01-30 11:19:40,983 | INFO | ➕ Inserted new compound: Elite Park
2026-01-30 11:19:40,984 | INFO |    💾 Saved to MongoDB
2026-01-30 11:19:45,962 | INFO | [292/756] Scraping: https://www.nawy.com/compound/1026-el-fustat
2026-01-30 11:19:45,962 | INFO | 📄 Navigating to: https://www.nawy.com/compound/1026-el-fustat...
2026-01-30 11:19:58,381 | INFO |    ✅ El Fustat
2026-01-30 11:19:58,582 | INFO | ➕ Inserted new compound: El Fustat
2026-01-30 11:19:58,582 | INFO |    💾 Saved to MongoDB
2026-01-30 11:20:03,439 | INFO | [293/756] Scraping: https://www.nawy.com/compound/1028-telal-shores
2026-01-30 11:20:03,440 | INFO | 📄 Navigating to: https://www.nawy.com/compound/1028-telal-shores...
2026-01-30 11:20:15,368 | INFO |    ✅ Telal - Shores
2026-01-30 11:20:15,557 | INFO | ➕ Inserted new compound: Telal - Shores
2026-01-30 11:20:15,558 | INFO |    💾 Saved to MongoDB
2026-01-30 11:20:20,197 | INFO | [294/756] Scraping: https://www.nawy.com/compound/1029-galleria-mall
2026-01-30 11:20:20,202 | INFO | 📄 Navigating to: https://www.nawy.com/compound/1029-galleria-mall...
2026-01-30 11:20:34,511 | INFO |    ✅ Galleria Mall
2026-01-30 11:20:34,767 | INFO | ➕ Inserted new compound: Galleria Mall
2026-01-30 11:20:34,767 | INFO |    💾 Saved to MongoDB
2026-01-30 11:20:39,197 | INFO | [295/756] Scraping: https://www.nawy.com/compound/1030-white-residence
2026-01-30 11:20:39,198 | INFO | 📄 Navigating to: https://www.nawy.com/compound/1030-white-residence...
2026-01-30 11:21:09,328 | ERROR | ❌ Navigation error (attempt 1): Timeout 30000ms exceeded.
2026-01-30 11:21:09,329 | INFO | ⏳ Retrying in 3.2s...
2026-01-30 11:21:12,537 | INFO | 📄 Navigating to: https://www.nawy.com/compound/1030-white-residence...
2026-01-30 11:21:42,660 | ERROR | ❌ Navigation error (attempt 2): Timeout 30000ms exceeded.
2026-01-30 11:21:42,661 | INFO | ⏳ Retrying in 4.6s...
2026-01-30 11:21:47,235 | INFO | 📄 Navigating to: https://www.nawy.com/compound/1030-white-residence...
2026-01-30 11:22:17,365 | ERROR | ❌ Navigation error (attempt 3): Timeout 30000ms exceeded.
2026-01-30 11:22:17,366 | WARNING |    ❌ Failed to scrape
2026-01-30 11:22:21,500 | INFO | [296/756] Scraping: https://www.nawy.com/compound/1033-dejoya-primero-villas
2026-01-30 11:22:21,501 | INFO | 📄 Navigating to: https://www.nawy.com/compound/1033-dejoya-primero-villas...
2026-01-30 11:22:51,622 | ERROR | ❌ Navigation error (attempt 1): Timeout 30000ms exceeded.
2026-01-30 11:22:51,623 | INFO | ⏳ Retrying in 3.5s...
2026-01-30 11:22:55,154 | INFO | 📄 Navigating to: https://www.nawy.com/compound/1033-dejoya-primero-villas...
2026-01-30 11:23:25,274 | ERROR | ❌ Navigation error (attempt 2): Timeout 30000ms exceeded.
2026-01-30 11:23:25,274 | INFO | ⏳ Retrying in 4.7s...
2026-01-30 11:23:29,993 | INFO | 📄 Navigating to: https://www.nawy.com/compound/1033-dejoya-primero-villas...
2026-01-30 11:24:00,113 | ERROR | ❌ Navigation error (attempt 3): Timeout 30000ms exceeded.
2026-01-30 11:24:00,113 | WARNING |    ❌ Failed to scrape
2026-01-30 11:24:03,517 | INFO | [297/756] Scraping: https://www.nawy.com/compound/1034-dejoya-plaza-residence
2026-01-30 11:24:03,517 | INFO | 📄 Navigating to: https://www.nawy.com/compound/1034-dejoya-plaza-residence...
2026-01-30 11:24:13,098 | INFO |    ✅ Dejoya Plaza Residence
2026-01-30 11:24:13,245 | INFO | ➕ Inserted new compound: Dejoya Plaza Residence
2026-01-30 11:24:13,246 | INFO |    💾 Saved to MongoDB
2026-01-30 11:24:17,755 | INFO | [298/756] Scraping: https://www.nawy.com/compound/1035-catalan-mall
2026-01-30 11:24:17,757 | INFO | 📄 Navigating to: https://www.nawy.com/compound/1035-catalan-mall...
2026-01-30 11:24:29,478 | INFO |    ✅ Catalan Mall
2026-01-30 11:24:29,629 | INFO | ➕ Inserted new compound: Catalan Mall
2026-01-30 11:24:29,630 | INFO |    💾 Saved to MongoDB
2026-01-30 11:24:35,246 | INFO | [299/756] Scraping: https://www.nawy.com/compound/1036-continental-residence
2026-01-30 11:24:35,247 | INFO | 📄 Navigating to: https://www.nawy.com/compound/1036-continental-residence...
2026-01-30 11:25:05,374 | ERROR | ❌ Navigation error (attempt 1): Timeout 30000ms exceeded.
2026-01-30 11:25:05,375 | INFO | ⏳ Retrying in 2.3s...
2026-01-30 11:25:07,669 | INFO | 📄 Navigating to: https://www.nawy.com/compound/1036-continental-residence...
2026-01-30 11:25:37,792 | ERROR | ❌ Navigation error (attempt 2): Timeout 30000ms exceeded.
2026-01-30 11:25:37,793 | INFO | ⏳ Retrying in 5.0s...
2026-01-30 11:25:42,781 | INFO | 📄 Navigating to: https://www.nawy.com/compound/1036-continental-residence...
2026-01-30 11:26:12,902 | ERROR | ❌ Navigation error (attempt 3): Timeout 30000ms exceeded.
2026-01-30 11:26:12,904 | WARNING |    ❌ Failed to scrape
2026-01-30 11:26:17,439 | INFO | [300/756] Scraping: https://www.nawy.com/compound/1037-acasa-mia
2026-01-30 11:26:17,440 | INFO | 📄 Navigating to: https://www.nawy.com/compound/1037-acasa-mia...
2026-01-30 11:26:47,569 | ERROR | ❌ Navigation error (attempt 1): Timeout 30000ms exceeded.
2026-01-30 11:26:47,570 | INFO | ⏳ Retrying in 3.8s...
2026-01-30 11:26:51,388 | INFO | 📄 Navigating to: https://www.nawy.com/compound/1037-acasa-mia...
2026-01-30 11:27:21,521 | ERROR | ❌ Navigation error (attempt 2): Timeout 30000ms exceeded.
2026-01-30 11:27:21,521 | INFO | ⏳ Retrying in 3.1s...
2026-01-30 11:27:24,665 | INFO | 📄 Navigating to: https://www.nawy.com/compound/1037-acasa-mia...
2026-01-30 11:27:54,782 | ERROR | ❌ Navigation error (attempt 3): Timeout 30000ms exceeded.
2026-01-30 11:27:54,783 | WARNING |    ❌ Failed to scrape
2026-01-30 11:28:00,522 | INFO | [301/756] Scraping: https://www.nawy.com/compound/1038-casa-d'or-zed
2026-01-30 11:28:00,523 | INFO | 📄 Navigating to: https://www.nawy.com/compound/1038-casa-d'or-zed...
2026-01-30 11:28:30,658 | ERROR | ❌ Navigation error (attempt 1): Timeout 30000ms exceeded.
2026-01-30 11:28:30,661 | INFO | ⏳ Retrying in 2.2s...
2026-01-30 11:28:32,832 | INFO | 📄 Navigating to: https://www.nawy.com/compound/1038-casa-d'or-zed...
2026-01-30 11:29:02,960 | ERROR | ❌ Navigation error (attempt 2): Timeout 30000ms exceeded.
2026-01-30 11:29:02,961 | INFO | ⏳ Retrying in 3.5s...
2026-01-30 11:29:06,414 | INFO | 📄 Navigating to: https://www.nawy.com/compound/1038-casa-d'or-zed...
2026-01-30 11:29:36,533 | ERROR | ❌ Navigation error (attempt 3): Timeout 30000ms exceeded.
2026-01-30 11:29:36,534 | WARNING |    ❌ Failed to scrape
2026-01-30 11:29:39,599 | ERROR | Error
Traceback (most recent call last):
  File "E:\StudioProjects\SemsAi\nawy-scraper\scrape_smart.py", line 154, in scrape_missing_from_mongodb
    await scraper.random_delay()
  File "E:\StudioProjects\SemsAi\nawy-scraper\scrapers\base_scraper.py", line 121, in random_delay
    await asyncio.sleep(delay)
  File "C:\Program Files\Python312\Lib\asyncio\tasks.py", line 665, in sleep
    return await future
           ^^^^^^^^^^^^
asyncio.exceptions.CancelledError

During handling of the above exception, another exception occurred:

Traceback (most recent call last):
  File "E:\StudioProjects\SemsAi\nawy-scraper\scrape_smart.py", line 197, in main
    compounds = asyncio.run(scrape_missing_from_mongodb())
                ^^^^^^^^^^^^^^^^^^^^^^^^^^^^^^^^^^^^^^^^^^
  File "C:\Program Files\Python312\Lib\asyncio\runners.py", line 194, in run
    return runner.run(main)
           ^^^^^^^^^^^^^^^^
  File "C:\Program Files\Python312\Lib\asyncio\runners.py", line 118, in run
    return self._loop.run_until_complete(task)
           ^^^^^^^^^^^^^^^^^^^^^^^^^^^^^^^^^^^
  File "C:\Program Files\Python312\Lib\asyncio\base_events.py", line 687, in run_until_complete
    return future.result()
           ^^^^^^^^^^^^^^^
  File "E:\StudioProjects\SemsAi\nawy-scraper\scrape_smart.py", line 175, in scrape_missing_from_mongodb
    await scraper.close()
  File "E:\StudioProjects\SemsAi\nawy-scraper\scrapers\base_scraper.py", line 107, in close
    await self.context.close()
  File "C:\Users\Youssef\AppData\Roaming\Python\Python312\site-packages\playwright\async_api\_generated.py", line 13758, in close
    return mapping.from_maybe_impl(await self._impl_obj.close(reason=reason))
                                   ^^^^^^^^^^^^^^^^^^^^^^^^^^^^^^^^^^^^^^^^^
  File "C:\Users\Youssef\AppData\Roaming\Python\Python312\site-packages\playwright\_impl\_browser_context.py", line 485, in close
    await self._channel.send("close", filter_none({"reason": reason}))
  File "C:\Users\Youssef\AppData\Roaming\Python\Python312\site-packages\playwright\_impl\_connection.py", line 62, in send
    return await self._connection.wrap_api_call(
           ^^^^^^^^^^^^^^^^^^^^^^^^^^^^^^^^^^^^^
  File "C:\Users\Youssef\AppData\Roaming\Python\Python312\site-packages\playwright\_impl\_connection.py", line 492, in wrap_api_call
    return await cb()
           ^^^^^^^^^^
  File "C:\Users\Youssef\AppData\Roaming\Python\Python312\site-packages\playwright\_impl\_connection.py", line 100, in inner_send
    result = next(iter(done)).result()
             ^^^^^^^^^^^^^^^^^^^^^^^^^
playwright._impl._errors.TargetClosedError: Target page, context or browser has been closed
2026-01-30 11:29:39,936 | INFO | 🔌 Disconnected from MongoDB
2026-01-30 11:29:51,000 | INFO | ✅ Connected to MongoDB: semsai
2026-01-30 11:31:13,890 | INFO | 🚀 Initializing browser...
2026-01-30 11:31:16,147 | INFO | ✅ Browser initialized (UA: Mozilla/5.0 (Windows NT 10.0; Win64; x64) AppleWeb...)
2026-01-30 11:31:16,147 | INFO | [1/510] Scraping: https://www.nawy.com/compound/405-marseilia-beach-3/property/53850-villa-for-sale-in-marseilia-beach-3
2026-01-30 11:31:16,148 | INFO | 📄 Navigating to: https://www.nawy.com/compound/405-marseilia-beach-3/property/53850-villa-for-sal...
2026-01-30 11:31:28,108 | INFO |    ✅ Unknown
2026-01-30 11:31:28,343 | INFO | 🔄 Updated compound: None
2026-01-30 11:31:28,346 | INFO |    💾 Saved to MongoDB
2026-01-30 11:31:34,091 | INFO | [2/510] Scraping: https://www.nawy.com/compound/972-the-wonder-marq/property/64956-villa-for-sale-in-the-wonder-marq
2026-01-30 11:31:34,103 | INFO | 📄 Navigating to: https://www.nawy.com/compound/972-the-wonder-marq/property/64956-villa-for-sale-...
2026-01-30 11:31:59,091 | INFO |    ✅ Unknown
2026-01-30 11:31:59,213 | INFO | 🔄 Updated compound: None
2026-01-30 11:31:59,214 | INFO |    💾 Saved to MongoDB
2026-01-30 11:32:03,164 | INFO | [3/510] Scraping: https://www.nawy.com/compound/227-address-east
2026-01-30 11:32:03,164 | INFO | 📄 Navigating to: https://www.nawy.com/compound/227-address-east...
2026-01-30 11:32:33,288 | ERROR | ❌ Navigation error (attempt 1): Timeout 30000ms exceeded.
2026-01-30 11:32:33,288 | INFO | ⏳ Retrying in 3.6s...
2026-01-30 11:32:36,874 | INFO | 📄 Navigating to: https://www.nawy.com/compound/227-address-east...
2026-01-30 11:32:49,098 | INFO |    ✅ Address East
2026-01-30 11:32:49,249 | INFO | 🔄 Updated compound: Address East
2026-01-30 11:32:49,258 | INFO |    💾 Saved to MongoDB
2026-01-30 11:32:53,881 | INFO | [4/510] Scraping: https://www.nawy.com/compound/1631-zomra-east
2026-01-30 11:32:53,881 | INFO | 📄 Navigating to: https://www.nawy.com/compound/1631-zomra-east...
2026-01-30 11:33:05,478 | INFO |    ✅ Zomra East
2026-01-30 11:33:05,632 | INFO | ➕ Inserted new compound: Zomra East
2026-01-30 11:33:05,632 | INFO |    💾 Saved to MongoDB
2026-01-30 11:33:09,605 | INFO | [5/510] Scraping: https://www.nawy.com/compound/1665-ivy
2026-01-30 11:33:09,605 | INFO | 📄 Navigating to: https://www.nawy.com/compound/1665-ivy...
2026-01-30 11:33:22,057 | INFO |    ✅ IVY
2026-01-30 11:33:22,202 | INFO | 🔄 Updated compound: IVY
2026-01-30 11:33:22,202 | INFO |    💾 Saved to MongoDB
2026-01-30 11:33:26,167 | INFO | [6/510] Scraping: https://www.nawy.com/compound/1735-j-east-phase-1
2026-01-30 11:33:26,167 | INFO | 📄 Navigating to: https://www.nawy.com/compound/1735-j-east-phase-1...
2026-01-30 11:33:47,918 | INFO |    ✅ J East-Phase 1
2026-01-30 11:33:48,057 | INFO | ➕ Inserted new compound: J East-Phase 1
2026-01-30 11:33:48,058 | INFO |    💾 Saved to MongoDB
2026-01-30 11:33:53,794 | INFO | [7/510] Scraping: https://www.nawy.com/compound/1736-j-east-phase-2
2026-01-30 11:33:53,795 | INFO | 📄 Navigating to: https://www.nawy.com/compound/1736-j-east-phase-2...
2026-01-30 11:34:05,479 | INFO |    ✅ J East-Phase 2
2026-01-30 11:34:05,639 | INFO | ➕ Inserted new compound: J East-Phase 2
2026-01-30 11:34:05,640 | INFO |    💾 Saved to MongoDB
2026-01-30 11:34:10,204 | INFO | [8/510] Scraping: https://www.nawy.com/compound/1765-kernel
2026-01-30 11:34:10,205 | INFO | 📄 Navigating to: https://www.nawy.com/compound/1765-kernel...
2026-01-30 11:34:18,994 | INFO |    ✅ Kernel
2026-01-30 11:34:19,139 | INFO | ➕ Inserted new compound: Kernel
2026-01-30 11:34:19,140 | INFO |    💾 Saved to MongoDB
2026-01-30 11:34:23,933 | INFO | [9/510] Scraping: https://www.nawy.com/compound/1794-begonia-walk
2026-01-30 11:34:23,935 | INFO | 📄 Navigating to: https://www.nawy.com/compound/1794-begonia-walk...
2026-01-30 11:34:32,089 | INFO |    ✅ Begonia Walk
2026-01-30 11:34:32,247 | INFO | ➕ Inserted new compound: Begonia Walk
2026-01-30 11:34:32,249 | INFO |    💾 Saved to MongoDB
2026-01-30 11:34:36,454 | INFO | [10/510] Scraping: https://www.nawy.com/compound/1808-seventy-plaza-mall
2026-01-30 11:34:36,455 | INFO | 📄 Navigating to: https://www.nawy.com/compound/1808-seventy-plaza-mall...
2026-01-30 11:34:48,906 | INFO |    ✅ Seventy Plaza Mall
2026-01-30 11:34:49,028 | INFO | ➕ Inserted new compound: Seventy Plaza Mall
2026-01-30 11:34:49,030 | INFO |    💾 Saved to MongoDB
2026-01-30 11:34:54,171 | INFO | [11/510] Scraping: https://www.nawy.com/compound/1814-shababeek
2026-01-30 11:34:54,172 | INFO | 📄 Navigating to: https://www.nawy.com/compound/1814-shababeek...
2026-01-30 11:35:20,650 | INFO |    ✅ Shababeek
2026-01-30 11:35:20,773 | INFO | ➕ Inserted new compound: Shababeek
2026-01-30 11:35:20,774 | INFO |    💾 Saved to MongoDB
2026-01-30 11:35:25,957 | INFO | [12/510] Scraping: https://www.nawy.com/compound/1828-hyatt-regency-residences
2026-01-30 11:35:25,958 | INFO | 📄 Navigating to: https://www.nawy.com/compound/1828-hyatt-regency-residences...
2026-01-30 11:35:56,072 | ERROR | ❌ Navigation error (attempt 1): Timeout 30000ms exceeded.
2026-01-30 11:35:56,073 | INFO | ⏳ Retrying in 2.6s...
2026-01-30 11:35:58,706 | INFO | 📄 Navigating to: https://www.nawy.com/compound/1828-hyatt-regency-residences...
2026-01-30 11:36:28,835 | ERROR | ❌ Navigation error (attempt 2): Timeout 30000ms exceeded.
2026-01-30 11:36:28,836 | INFO | ⏳ Retrying in 4.9s...
2026-01-30 11:36:33,729 | INFO | 📄 Navigating to: https://www.nawy.com/compound/1828-hyatt-regency-residences...
2026-01-30 11:37:03,862 | ERROR | ❌ Navigation error (attempt 3): Timeout 30000ms exceeded.
2026-01-30 11:37:03,864 | WARNING |    ❌ Failed to scrape
2026-01-30 11:37:09,396 | INFO | [13/510] Scraping: https://www.nawy.com/compound/1832-eagle-tower
2026-01-30 11:37:09,398 | INFO | 📄 Navigating to: https://www.nawy.com/compound/1832-eagle-tower...
2026-01-30 11:37:40,013 | INFO |    ✅ Eagle Tower
2026-01-30 11:37:40,141 | INFO | ➕ Inserted new compound: Eagle Tower
2026-01-30 11:37:40,141 | INFO |    💾 Saved to MongoDB
2026-01-30 11:37:43,944 | INFO | [14/510] Scraping: https://www.nawy.com/compound/1837-eastshire-commercial
2026-01-30 11:37:43,978 | INFO | 📄 Navigating to: https://www.nawy.com/compound/1837-eastshire-commercial...
2026-01-30 11:38:05,233 | INFO |    ✅ The Qube
2026-01-30 11:38:05,381 | INFO | ➕ Inserted new compound: The Qube
2026-01-30 11:38:05,381 | INFO |    💾 Saved to MongoDB
2026-01-30 11:38:10,506 | INFO | [15/510] Scraping: https://www.nawy.com/compound/1838-the-residence
2026-01-30 11:38:10,508 | INFO | 📄 Navigating to: https://www.nawy.com/compound/1838-the-residence...
2026-01-30 11:38:40,642 | ERROR | ❌ Navigation error (attempt 1): Timeout 30000ms exceeded.
2026-01-30 11:38:40,643 | INFO | ⏳ Retrying in 3.3s...
2026-01-30 11:38:43,959 | INFO | 📄 Navigating to: https://www.nawy.com/compound/1838-the-residence...
2026-01-30 11:39:14,085 | ERROR | ❌ Navigation error (attempt 2): Timeout 30000ms exceeded.
2026-01-30 11:39:14,085 | INFO | ⏳ Retrying in 4.3s...
2026-01-30 11:39:18,422 | INFO | 📄 Navigating to: https://www.nawy.com/compound/1838-the-residence...
2026-01-30 11:39:48,546 | ERROR | ❌ Navigation error (attempt 3): Timeout 30000ms exceeded.
2026-01-30 11:39:48,547 | WARNING |    ❌ Failed to scrape
2026-01-30 11:39:54,114 | INFO | [16/510] Scraping: https://www.nawy.com/compound/1849-marassi-red
2026-01-30 11:39:54,117 | INFO | 📄 Navigating to: https://www.nawy.com/compound/1849-marassi-red...
2026-01-30 11:40:24,274 | ERROR | ❌ Navigation error (attempt 1): Timeout 30000ms exceeded.
2026-01-30 11:40:24,277 | INFO | ⏳ Retrying in 2.5s...
2026-01-30 11:40:26,810 | INFO | 📄 Navigating to: https://www.nawy.com/compound/1849-marassi-red...
2026-01-30 11:40:53,255 | INFO |    ✅ Marassi Red Sea
2026-01-30 11:40:53,407 | INFO | ➕ Inserted new compound: Marassi Red Sea
2026-01-30 11:40:53,409 | INFO |    💾 Saved to MongoDB
2026-01-30 11:40:58,947 | INFO | [17/510] Scraping: https://www.nawy.com/compound/1850-pyramids-city-5
2026-01-30 11:40:58,948 | INFO | 📄 Navigating to: https://www.nawy.com/compound/1850-pyramids-city-5...
2026-01-30 11:41:17,936 | INFO |    ✅ Pyramids City 5
2026-01-30 11:41:18,082 | INFO | ➕ Inserted new compound: Pyramids City 5
2026-01-30 11:41:18,083 | INFO |    💾 Saved to MongoDB
2026-01-30 11:41:21,797 | INFO | [18/510] Scraping: https://www.nawy.com/compound/1858-skyla
2026-01-30 11:41:21,800 | INFO | 📄 Navigating to: https://www.nawy.com/compound/1858-skyla...
2026-01-30 11:41:33,747 | INFO |    ✅ Skyla
2026-01-30 11:41:33,893 | INFO | ➕ Inserted new compound: Skyla
2026-01-30 11:41:33,893 | INFO |    💾 Saved to MongoDB
2026-01-30 11:41:38,179 | INFO | [19/510] Scraping: https://www.nawy.com/compound/1859-city-central
2026-01-30 11:41:38,184 | INFO | 📄 Navigating to: https://www.nawy.com/compound/1859-city-central...
2026-01-30 11:41:51,023 | INFO |    ✅ City Central
2026-01-30 11:41:51,171 | INFO | ➕ Inserted new compound: City Central
2026-01-30 11:41:51,172 | INFO |    💾 Saved to MongoDB
2026-01-30 11:41:56,029 | INFO | [20/510] Scraping: https://www.nawy.com/compound/1862-lamanga
2026-01-30 11:41:56,030 | INFO | 📄 Navigating to: https://www.nawy.com/compound/1862-lamanga...
2026-01-30 11:42:23,462 | INFO |    ✅ LaManga
2026-01-30 11:42:23,613 | INFO | ➕ Inserted new compound: LaManga
2026-01-30 11:42:23,613 | INFO |    💾 Saved to MongoDB
2026-01-30 11:42:27,379 | INFO | [21/510] Scraping: https://www.nawy.com/compound/1868-wadi-east-ras-el-hekma
2026-01-30 11:42:27,379 | INFO | 📄 Navigating to: https://www.nawy.com/compound/1868-wadi-east-ras-el-hekma...
2026-01-30 11:42:57,497 | ERROR | ❌ Navigation error (attempt 1): Timeout 30000ms exceeded.
2026-01-30 11:42:57,498 | INFO | ⏳ Retrying in 2.8s...
2026-01-30 11:43:00,278 | INFO | 📄 Navigating to: https://www.nawy.com/compound/1868-wadi-east-ras-el-hekma...
2026-01-30 11:43:30,408 | ERROR | ❌ Navigation error (attempt 2): Timeout 30000ms exceeded.
2026-01-30 11:43:30,408 | INFO | ⏳ Retrying in 4.6s...
2026-01-30 11:43:35,017 | INFO | 📄 Navigating to: https://www.nawy.com/compound/1868-wadi-east-ras-el-hekma...
2026-01-30 11:44:05,145 | ERROR | ❌ Navigation error (attempt 3): Timeout 30000ms exceeded.
2026-01-30 11:44:05,145 | WARNING |    ❌ Failed to scrape
2026-01-30 11:44:10,934 | INFO | [22/510] Scraping: https://www.nawy.com/compound/1870-agora-mall
2026-01-30 11:44:10,935 | INFO | 📄 Navigating to: https://www.nawy.com/compound/1870-agora-mall...
2026-01-30 11:44:41,060 | ERROR | ❌ Navigation error (attempt 1): Timeout 30000ms exceeded.
2026-01-30 11:44:41,060 | INFO | ⏳ Retrying in 2.0s...
2026-01-30 11:44:43,108 | INFO | 📄 Navigating to: https://www.nawy.com/compound/1870-agora-mall...
2026-01-30 11:45:13,247 | ERROR | ❌ Navigation error (attempt 2): Timeout 30000ms exceeded.
2026-01-30 11:45:13,248 | INFO | ⏳ Retrying in 3.8s...
2026-01-30 11:45:17,047 | INFO | 📄 Navigating to: https://www.nawy.com/compound/1870-agora-mall...
2026-01-30 11:45:47,162 | ERROR | ❌ Navigation error (attempt 3): Timeout 30000ms exceeded.
2026-01-30 11:45:47,163 | WARNING |    ❌ Failed to scrape
2026-01-30 11:45:52,517 | INFO | [23/510] Scraping: https://www.nawy.com/compound/1876-loft-pyramids-heights
2026-01-30 11:45:52,518 | INFO | 📄 Navigating to: https://www.nawy.com/compound/1876-loft-pyramids-heights...
2026-01-30 11:46:04,791 | INFO |    ✅ Loft-Pyramids Heights
2026-01-30 11:46:04,944 | INFO | ➕ Inserted new compound: Loft-Pyramids Heights
2026-01-30 11:46:04,945 | INFO |    💾 Saved to MongoDB
2026-01-30 11:46:09,652 | INFO | [24/510] Scraping: https://www.nawy.com/compound/1882-the-capitalway-phase2
2026-01-30 11:46:09,653 | INFO | 📄 Navigating to: https://www.nawy.com/compound/1882-the-capitalway-phase2...
2026-01-30 11:46:17,261 | INFO |    ✅ The Capitalway Phase2
2026-01-30 11:46:17,397 | INFO | ➕ Inserted new compound: The Capitalway Phase2
2026-01-30 11:46:17,397 | INFO |    💾 Saved to MongoDB
2026-01-30 11:46:20,884 | INFO | [25/510] Scraping: https://www.nawy.com/compound/1891-alam-al-roum
2026-01-30 11:46:20,885 | INFO | 📄 Navigating to: https://www.nawy.com/compound/1891-alam-al-roum...
2026-01-30 11:46:27,767 | INFO |    ✅ Alam Al Roum
2026-01-30 11:46:27,922 | INFO | ➕ Inserted new compound: Alam Al Roum
2026-01-30 11:46:27,923 | INFO |    💾 Saved to MongoDB
2026-01-30 11:46:31,097 | INFO | [26/510] Scraping: https://www.nawy.com/compound/1921-jura-phase-2
2026-01-30 11:46:31,100 | INFO | 📄 Navigating to: https://www.nawy.com/compound/1921-jura-phase-2...
2026-01-30 11:46:41,156 | INFO |    ✅ Jura Phase 2
2026-01-30 11:46:41,297 | INFO | ➕ Inserted new compound: Jura Phase 2
2026-01-30 11:46:41,298 | INFO |    💾 Saved to MongoDB
2026-01-30 11:46:46,885 | INFO | [27/510] Scraping: https://www.nawy.com/compound/1932-waterway-east
2026-01-30 11:46:46,887 | INFO | 📄 Navigating to: https://www.nawy.com/compound/1932-waterway-east...
2026-01-30 11:47:12,591 | INFO |    ✅ Waterway East
2026-01-30 11:47:12,739 | INFO | ➕ Inserted new compound: Waterway East
2026-01-30 11:47:12,740 | INFO |    💾 Saved to MongoDB
2026-01-30 11:47:17,111 | INFO | [28/510] Scraping: https://www.nawy.com/compound/1933-rafts-business-district
2026-01-30 11:47:17,113 | INFO | 📄 Navigating to: https://www.nawy.com/compound/1933-rafts-business-district...
2026-01-30 11:47:30,387 | INFO |    ✅ Rafts Business District
2026-01-30 11:47:30,512 | INFO | ➕ Inserted new compound: Rafts Business District
2026-01-30 11:47:30,512 | INFO |    💾 Saved to MongoDB
2026-01-30 11:47:35,554 | INFO | [29/510] Scraping: https://www.nawy.com/compound/1936-t-residences
2026-01-30 11:47:35,555 | INFO | 📄 Navigating to: https://www.nawy.com/compound/1936-t-residences...
2026-01-30 11:48:05,680 | ERROR | ❌ Navigation error (attempt 1): Timeout 30000ms exceeded.
2026-01-30 11:48:05,680 | INFO | ⏳ Retrying in 4.0s...
2026-01-30 11:48:09,666 | INFO | 📄 Navigating to: https://www.nawy.com/compound/1936-t-residences...
2026-01-30 11:48:39,794 | ERROR | ❌ Navigation error (attempt 2): Timeout 30000ms exceeded.
2026-01-30 11:48:39,795 | INFO | ⏳ Retrying in 3.8s...
2026-01-30 11:48:43,564 | INFO | 📄 Navigating to: https://www.nawy.com/compound/1936-t-residences...
2026-01-30 11:49:13,688 | ERROR | ❌ Navigation error (attempt 3): Timeout 30000ms exceeded.
2026-01-30 11:49:13,689 | WARNING |    ❌ Failed to scrape
2026-01-30 11:49:19,713 | INFO | [30/510] Scraping: https://www.nawy.com/compound/1948-capital-crown
2026-01-30 11:49:19,716 | INFO | 📄 Navigating to: https://www.nawy.com/compound/1948-capital-crown...
2026-01-30 11:49:26,733 | INFO |    ✅ Capital Crown
2026-01-30 11:49:26,885 | INFO | ➕ Inserted new compound: Capital Crown
2026-01-30 11:49:26,886 | INFO |    💾 Saved to MongoDB
2026-01-30 11:49:30,086 | INFO | [31/510] Scraping: https://www.nawy.com/compound/1969-v%C3%A9a
2026-01-30 11:49:30,086 | INFO | 📄 Navigating to: https://www.nawy.com/compound/1969-v%C3%A9a...
2026-01-30 11:49:37,532 | INFO |    ✅ VÉA
2026-01-30 11:49:37,682 | INFO | ➕ Inserted new compound: VÉA
2026-01-30 11:49:37,682 | INFO |    💾 Saved to MongoDB
2026-01-30 11:49:42,123 | INFO | [32/510] Scraping: https://www.nawy.com/compound/1971-solimanya-gardens
2026-01-30 11:49:42,124 | INFO | 📄 Navigating to: https://www.nawy.com/compound/1971-solimanya-gardens...
2026-01-30 11:49:48,384 | INFO |    ✅ Solimanya Gardens
2026-01-30 11:49:48,508 | INFO | ➕ Inserted new compound: Solimanya Gardens
2026-01-30 11:49:48,508 | INFO |    💾 Saved to MongoDB
2026-01-30 11:49:52,477 | INFO | [33/510] Scraping: https://www.nawy.com/compound/1972-vx-golden-square
2026-01-30 11:49:52,478 | INFO | 📄 Navigating to: https://www.nawy.com/compound/1972-vx-golden-square...
2026-01-30 11:50:13,165 | INFO |    ✅ VX Golden Square
2026-01-30 11:50:13,312 | INFO | ➕ Inserted new compound: VX Golden Square
2026-01-30 11:50:13,326 | INFO |    💾 Saved to MongoDB
2026-01-30 11:50:18,456 | INFO | [34/510] Scraping: https://www.nawy.com/compound/1973-nest-residence---serviced-apartments
2026-01-30 11:50:18,456 | INFO | 📄 Navigating to: https://www.nawy.com/compound/1973-nest-residence---serviced-apartments...
2026-01-30 11:50:24,382 | INFO |    ✅ Nest Residence - Serviced Apartments
2026-01-30 11:50:24,508 | INFO | ➕ Inserted new compound: Nest Residence - Serviced Apartments
2026-01-30 11:50:24,509 | INFO |    💾 Saved to MongoDB
2026-01-30 11:50:30,068 | INFO | [35/510] Scraping: https://www.nawy.com/compound/899-art-island
2026-01-30 11:50:30,068 | INFO | 📄 Navigating to: https://www.nawy.com/compound/899-art-island...
2026-01-30 11:50:37,939 | INFO |    ✅ Art Island
2026-01-30 11:50:38,089 | INFO | ➕ Inserted new compound: Art Island
2026-01-30 11:50:38,090 | INFO |    💾 Saved to MongoDB
2026-01-30 11:50:43,185 | INFO | [36/510] Scraping: https://www.nawy.com/compound/902-mousa-coast
2026-01-30 11:50:43,186 | INFO | 📄 Navigating to: https://www.nawy.com/compound/902-mousa-coast...
2026-01-30 11:51:01,167 | INFO |    ✅ Mousa Coast
2026-01-30 11:51:01,319 | INFO | ➕ Inserted new compound: Mousa Coast
2026-01-30 11:51:01,320 | INFO |    💾 Saved to MongoDB
2026-01-30 11:51:05,667 | INFO | [37/510] Scraping: https://www.nawy.com/compound/908-the-rift-business-park
2026-01-30 11:51:05,668 | INFO | 📄 Navigating to: https://www.nawy.com/compound/908-the-rift-business-park...
2026-01-30 11:51:37,297 | INFO |    ✅ The Rift Business Park
2026-01-30 11:51:37,455 | INFO | ➕ Inserted new compound: The Rift Business Park
2026-01-30 11:51:37,457 | INFO |    💾 Saved to MongoDB
2026-01-30 11:51:41,761 | INFO | [38/510] Scraping: https://www.nawy.com/compound/909-v-levels
2026-01-30 11:51:41,763 | INFO | 📄 Navigating to: https://www.nawy.com/compound/909-v-levels...
2026-01-30 11:52:11,899 | ERROR | ❌ Navigation error (attempt 1): Timeout 30000ms exceeded.
2026-01-30 11:52:11,901 | INFO | ⏳ Retrying in 2.9s...
2026-01-30 11:52:14,764 | INFO | 📄 Navigating to: https://www.nawy.com/compound/909-v-levels...
2026-01-30 11:52:44,896 | ERROR | ❌ Navigation error (attempt 2): Timeout 30000ms exceeded.
2026-01-30 11:52:44,897 | INFO | ⏳ Retrying in 4.3s...
2026-01-30 11:52:49,243 | INFO | 📄 Navigating to: https://www.nawy.com/compound/909-v-levels...
2026-01-30 11:53:19,365 | ERROR | ❌ Navigation error (attempt 3): Timeout 30000ms exceeded.
2026-01-30 11:53:19,366 | WARNING |    ❌ Failed to scrape
2026-01-30 11:53:24,598 | INFO | [39/510] Scraping: https://www.nawy.com/compound/915-the-trine
2026-01-30 11:53:24,598 | INFO | 📄 Navigating to: https://www.nawy.com/compound/915-the-trine...
2026-01-30 11:53:32,188 | INFO |    ✅ The Trine
2026-01-30 11:53:32,338 | INFO | ➕ Inserted new compound: The Trine
2026-01-30 11:53:32,339 | INFO |    💾 Saved to MongoDB
2026-01-30 11:53:37,311 | INFO | [40/510] Scraping: https://www.nawy.com/compound/916-highland-park
2026-01-30 11:53:37,312 | INFO | 📄 Navigating to: https://www.nawy.com/compound/916-highland-park...
2026-01-30 11:53:45,681 | INFO |    ✅ Highland Park
2026-01-30 11:53:45,835 | INFO | ➕ Inserted new compound: Highland Park
2026-01-30 11:53:45,836 | INFO |    💾 Saved to MongoDB
2026-01-30 11:53:51,774 | INFO | [41/510] Scraping: https://www.nawy.com/compound/942-capital-east
2026-01-30 11:53:51,775 | INFO | 📄 Navigating to: https://www.nawy.com/compound/942-capital-east...
2026-01-30 11:53:58,265 | INFO |    ✅ Capital East
2026-01-30 11:53:58,412 | INFO | ➕ Inserted new compound: Capital East
2026-01-30 11:53:58,413 | INFO |    💾 Saved to MongoDB
2026-01-30 11:54:01,661 | INFO | [42/510] Scraping: https://www.nawy.com/compound/958-one-katameya
2026-01-30 11:54:01,663 | INFO | 📄 Navigating to: https://www.nawy.com/compound/958-one-katameya...
2026-01-30 11:54:23,935 | INFO |    ✅ One Katameya
2026-01-30 11:54:24,085 | INFO | ➕ Inserted new compound: One Katameya
2026-01-30 11:54:24,086 | INFO |    💾 Saved to MongoDB
2026-01-30 11:54:28,544 | INFO | [43/510] Scraping: https://www.nawy.com/compound/960-orouba-royal
2026-01-30 11:54:28,547 | INFO | 📄 Navigating to: https://www.nawy.com/compound/960-orouba-royal...
2026-01-30 11:54:58,699 | ERROR | ❌ Navigation error (attempt 1): Timeout 30000ms exceeded.
2026-01-30 11:54:58,701 | INFO | ⏳ Retrying in 2.6s...
2026-01-30 11:55:01,306 | INFO | 📄 Navigating to: https://www.nawy.com/compound/960-orouba-royal...
2026-01-30 11:55:31,430 | ERROR | ❌ Navigation error (attempt 2): Timeout 30000ms exceeded.
2026-01-30 11:55:31,430 | INFO | ⏳ Retrying in 3.4s...
2026-01-30 11:55:34,864 | INFO | 📄 Navigating to: https://www.nawy.com/compound/960-orouba-royal...
2026-01-30 11:56:05,004 | ERROR | ❌ Navigation error (attempt 3): Timeout 30000ms exceeded.
2026-01-30 11:56:05,006 | WARNING |    ❌ Failed to scrape
2026-01-30 11:56:08,195 | INFO | [44/510] Scraping: https://www.nawy.com/compound/971-river-green-2
2026-01-30 11:56:08,196 | INFO | 📄 Navigating to: https://www.nawy.com/compound/971-river-green-2...
2026-01-30 11:56:14,815 | INFO |    ✅ River Green 2
2026-01-30 11:56:14,963 | INFO | ➕ Inserted new compound: River Green 2
2026-01-30 11:56:14,964 | INFO |    💾 Saved to MongoDB
2026-01-30 11:56:20,008 | INFO | [45/510] Scraping: https://www.nawy.com/compound/984-mirage-mall
2026-01-30 11:56:20,009 | INFO | 📄 Navigating to: https://www.nawy.com/compound/984-mirage-mall...
2026-01-30 11:56:27,053 | INFO |    ✅ Mirage Mall
2026-01-30 11:56:27,215 | INFO | ➕ Inserted new compound: Mirage Mall
2026-01-30 11:56:27,215 | INFO |    💾 Saved to MongoDB
2026-01-30 11:56:31,963 | INFO | [46/510] Scraping: https://www.nawy.com/compound/988-alura
2026-01-30 11:56:31,965 | INFO | 📄 Navigating to: https://www.nawy.com/compound/988-alura...
2026-01-30 11:56:44,985 | INFO |    ✅ Alura
2026-01-30 11:56:45,140 | INFO | ➕ Inserted new compound: Alura
2026-01-30 11:56:45,142 | INFO |    💾 Saved to MongoDB
2026-01-30 11:56:49,577 | INFO | [47/510] Scraping: https://www.nawy.com/compound/991-lasirena-ras-sudr
2026-01-30 11:56:49,581 | INFO | 📄 Navigating to: https://www.nawy.com/compound/991-lasirena-ras-sudr...
2026-01-30 11:57:19,728 | ERROR | ❌ Navigation error (attempt 1): Timeout 30000ms exceeded.
2026-01-30 11:57:19,730 | INFO | ⏳ Retrying in 3.6s...
2026-01-30 11:57:23,311 | INFO | 📄 Navigating to: https://www.nawy.com/compound/991-lasirena-ras-sudr...
2026-01-30 11:57:53,447 | ERROR | ❌ Navigation error (attempt 2): Timeout 30000ms exceeded.
2026-01-30 11:57:53,449 | INFO | ⏳ Retrying in 4.2s...
2026-01-30 11:57:57,610 | INFO | 📄 Navigating to: https://www.nawy.com/compound/991-lasirena-ras-sudr...
2026-01-30 11:58:27,754 | ERROR | ❌ Navigation error (attempt 3): Timeout 30000ms exceeded.
2026-01-30 11:58:27,760 | WARNING |    ❌ Failed to scrape
2026-01-30 11:58:33,635 | INFO | [48/510] Scraping: https://www.nawy.com/compound/992-diar-i
2026-01-30 11:58:33,636 | INFO | 📄 Navigating to: https://www.nawy.com/compound/992-diar-i...
2026-01-30 11:59:03,764 | ERROR | ❌ Navigation error (attempt 1): Timeout 30000ms exceeded.
2026-01-30 11:59:03,766 | INFO | ⏳ Retrying in 3.2s...
2026-01-30 11:59:07,006 | INFO | 📄 Navigating to: https://www.nawy.com/compound/992-diar-i...
2026-01-30 11:59:14,788 | INFO |    ✅ Diar I
2026-01-30 11:59:14,944 | INFO | ➕ Inserted new compound: Diar I
2026-01-30 11:59:14,946 | INFO |    💾 Saved to MongoDB
2026-01-30 11:59:18,880 | INFO | [49/510] Scraping: https://www.nawy.com/compound/993-mena-4
2026-01-30 11:59:18,881 | INFO | 📄 Navigating to: https://www.nawy.com/compound/993-mena-4...
2026-01-30 11:59:41,603 | INFO |    ✅ Mena 4
2026-01-30 11:59:41,745 | INFO | ➕ Inserted new compound: Mena 4
2026-01-30 11:59:41,745 | INFO |    💾 Saved to MongoDB
2026-01-30 11:59:47,177 | INFO | [50/510] Scraping: https://www.nawy.com/compound/997-nile-boulevard
2026-01-30 11:59:47,178 | INFO | 📄 Navigating to: https://www.nawy.com/compound/997-nile-boulevard...
2026-01-30 12:00:03,274 | INFO |    ✅ Nile Boulevard
2026-01-30 12:00:03,426 | INFO | ➕ Inserted new compound: Nile Boulevard
2026-01-30 12:00:03,427 | INFO |    💾 Saved to MongoDB
2026-01-30 12:00:09,400 | INFO | [51/510] Scraping: https://www.nawy.com/compound/1011-regent's-square
2026-01-30 12:00:09,400 | INFO | 📄 Navigating to: https://www.nawy.com/compound/1011-regent's-square...
2026-01-30 12:00:30,158 | INFO |    ✅ Regent's Square
2026-01-30 12:00:30,307 | INFO | ➕ Inserted new compound: Regent's Square
2026-01-30 12:00:30,308 | INFO |    💾 Saved to MongoDB
2026-01-30 12:00:35,822 | INFO | [52/510] Scraping: https://www.nawy.com/compound/1030-white-residence
2026-01-30 12:00:35,823 | INFO | 📄 Navigating to: https://www.nawy.com/compound/1030-white-residence...
2026-01-30 12:01:05,945 | ERROR | ❌ Navigation error (attempt 1): Timeout 30000ms exceeded.
2026-01-30 12:01:05,946 | INFO | ⏳ Retrying in 2.5s...
2026-01-30 12:01:08,425 | INFO | 📄 Navigating to: https://www.nawy.com/compound/1030-white-residence...
2026-01-30 12:01:38,559 | ERROR | ❌ Navigation error (attempt 2): Timeout 30000ms exceeded.
2026-01-30 12:01:38,561 | INFO | ⏳ Retrying in 4.5s...
2026-01-30 12:01:43,080 | INFO | 📄 Navigating to: https://www.nawy.com/compound/1030-white-residence...
2026-01-30 12:01:50,409 | INFO |    ✅ White Residence
2026-01-30 12:01:50,566 | INFO | ➕ Inserted new compound: White Residence
2026-01-30 12:01:50,567 | INFO |    💾 Saved to MongoDB
2026-01-30 12:01:54,652 | INFO | [53/510] Scraping: https://www.nawy.com/compound/1033-dejoya-primero-villas
2026-01-30 12:01:54,653 | INFO | 📄 Navigating to: https://www.nawy.com/compound/1033-dejoya-primero-villas...
2026-01-30 12:02:17,661 | INFO |    ✅ Dejoya Primero Villas
2026-01-30 12:02:17,805 | INFO | ➕ Inserted new compound: Dejoya Primero Villas
2026-01-30 12:02:17,807 | INFO |    💾 Saved to MongoDB
2026-01-30 12:02:22,477 | INFO | [54/510] Scraping: https://www.nawy.com/compound/1036-continental-residence
2026-01-30 12:02:22,479 | INFO | 📄 Navigating to: https://www.nawy.com/compound/1036-continental-residence...
2026-01-30 12:02:52,614 | ERROR | ❌ Navigation error (attempt 1): Timeout 30000ms exceeded.
2026-01-30 12:02:52,615 | INFO | ⏳ Retrying in 2.7s...
2026-01-30 12:02:55,297 | INFO | 📄 Navigating to: https://www.nawy.com/compound/1036-continental-residence...
2026-01-30 12:03:03,118 | INFO |    ✅ Continental Residence
2026-01-30 12:03:03,266 | INFO | ➕ Inserted new compound: Continental Residence
2026-01-30 12:03:03,266 | INFO |    💾 Saved to MongoDB
2026-01-30 12:03:07,418 | INFO | [55/510] Scraping: https://www.nawy.com/compound/1037-acasa-mia
2026-01-30 12:03:07,420 | INFO | 📄 Navigating to: https://www.nawy.com/compound/1037-acasa-mia...
2026-01-30 12:03:29,992 | INFO |    ✅ Acasa Mia
2026-01-30 12:03:30,139 | INFO | ➕ Inserted new compound: Acasa Mia
2026-01-30 12:03:30,140 | INFO |    💾 Saved to MongoDB
2026-01-30 12:03:35,000 | INFO | [56/510] Scraping: https://www.nawy.com/compound/1038-casa-d'or-zed
2026-01-30 12:03:35,001 | INFO | 📄 Navigating to: https://www.nawy.com/compound/1038-casa-d'or-zed...
2026-01-30 12:03:46,070 | INFO |    ✅ Casa D'Or - Zed
2026-01-30 12:03:46,228 | INFO | ➕ Inserted new compound: Casa D'Or - Zed
2026-01-30 12:03:46,229 | INFO |    💾 Saved to MongoDB
2026-01-30 12:03:50,442 | INFO | [57/510] Scraping: https://www.nawy.com/compound/1039-west-woods
2026-01-30 12:03:50,443 | INFO | 📄 Navigating to: https://www.nawy.com/compound/1039-west-woods...
2026-01-30 12:03:59,239 | INFO |    ✅ West Woods
2026-01-30 12:03:59,396 | INFO | ➕ Inserted new compound: West Woods
2026-01-30 12:03:59,396 | INFO |    💾 Saved to MongoDB
2026-01-30 12:04:04,868 | INFO | [58/510] Scraping: https://www.nawy.com/compound/1040-the-valleys
2026-01-30 12:04:04,874 | INFO | 📄 Navigating to: https://www.nawy.com/compound/1040-the-valleys...
2026-01-30 12:04:18,177 | INFO |    ✅ The Valleys
2026-01-30 12:04:18,328 | INFO | ➕ Inserted new compound: The Valleys
2026-01-30 12:04:18,329 | INFO |    💾 Saved to MongoDB
2026-01-30 12:04:22,986 | INFO | [59/510] Scraping: https://www.nawy.com/compound/1041-lugar
2026-01-30 12:04:22,987 | INFO | 📄 Navigating to: https://www.nawy.com/compound/1041-lugar...
2026-01-30 12:04:41,072 | INFO |    ✅ Lugar
2026-01-30 12:04:41,232 | INFO | ➕ Inserted new compound: Lugar
2026-01-30 12:04:41,232 | INFO |    💾 Saved to MongoDB
2026-01-30 12:04:45,016 | INFO | [60/510] Scraping: https://www.nawy.com/compound/1042-go-heliopolis
2026-01-30 12:04:45,017 | INFO | 📄 Navigating to: https://www.nawy.com/compound/1042-go-heliopolis...
2026-01-30 12:05:15,150 | ERROR | ❌ Navigation error (attempt 1): Timeout 30000ms exceeded.
2026-01-30 12:05:15,150 | INFO | ⏳ Retrying in 3.0s...
2026-01-30 12:05:18,184 | INFO | 📄 Navigating to: https://www.nawy.com/compound/1042-go-heliopolis...
2026-01-30 12:05:48,305 | ERROR | ❌ Navigation error (attempt 2): Timeout 30000ms exceeded.
2026-01-30 12:05:48,307 | INFO | ⏳ Retrying in 4.2s...
2026-01-30 12:05:52,561 | INFO | 📄 Navigating to: https://www.nawy.com/compound/1042-go-heliopolis...
2026-01-30 12:06:22,705 | ERROR | ❌ Navigation error (attempt 3): Timeout 30000ms exceeded.
2026-01-30 12:06:22,706 | WARNING |    ❌ Failed to scrape
2026-01-30 12:06:25,855 | INFO | [61/510] Scraping: https://www.nawy.com/compound/1044-the-lark-mall
2026-01-30 12:06:25,857 | INFO | 📄 Navigating to: https://www.nawy.com/compound/1044-the-lark-mall...
2026-01-30 12:06:55,986 | ERROR | ❌ Navigation error (attempt 1): Timeout 30000ms exceeded.
2026-01-30 12:06:55,987 | INFO | ⏳ Retrying in 2.6s...
2026-01-30 12:06:58,640 | INFO | 📄 Navigating to: https://www.nawy.com/compound/1044-the-lark-mall...
2026-01-30 12:07:28,773 | ERROR | ❌ Navigation error (attempt 2): Timeout 30000ms exceeded.
2026-01-30 12:07:28,774 | INFO | ⏳ Retrying in 4.2s...
2026-01-30 12:07:32,950 | INFO | 📄 Navigating to: https://www.nawy.com/compound/1044-the-lark-mall...
2026-01-30 12:08:03,089 | ERROR | ❌ Navigation error (attempt 3): Timeout 30000ms exceeded.
2026-01-30 12:08:03,091 | WARNING |    ❌ Failed to scrape
2026-01-30 12:08:06,502 | INFO | [62/510] Scraping: https://www.nawy.com/compound/1045-v40
2026-01-30 12:08:06,503 | INFO | 📄 Navigating to: https://www.nawy.com/compound/1045-v40...
2026-01-30 12:08:36,628 | ERROR | ❌ Navigation error (attempt 1): Timeout 30000ms exceeded.
2026-01-30 12:08:36,628 | INFO | ⏳ Retrying in 2.6s...
2026-01-30 12:08:39,213 | INFO | 📄 Navigating to: https://www.nawy.com/compound/1045-v40...
2026-01-30 12:09:09,330 | ERROR | ❌ Navigation error (attempt 2): Timeout 30000ms exceeded.
2026-01-30 12:09:09,331 | INFO | ⏳ Retrying in 3.6s...
2026-01-30 12:09:12,936 | INFO | 📄 Navigating to: https://www.nawy.com/compound/1045-v40...
2026-01-30 12:09:15,686 | ERROR | Error
Traceback (most recent call last):
  File "E:\StudioProjects\SemsAi\nawy-scraper\scrape_smart.py", line 135, in scrape_missing_from_mongodb
    compound_data = await scraper._scrape_compound_detail(url)
                    ^^^^^^^^^^^^^^^^^^^^^^^^^^^^^^^^^^^^^^^^^^
  File "E:\StudioProjects\SemsAi\nawy-scraper\scrapers\compound_scraper.py", line 300, in _scrape_compound_detail
    if not await self.safe_goto(url):
           ^^^^^^^^^^^^^^^^^^^^^^^^^
  File "E:\StudioProjects\SemsAi\nawy-scraper\scrapers\base_scraper.py", line 148, in safe_goto
    response = await self.page.goto(
               ^^^^^^^^^^^^^^^^^^^^^
  File "C:\Users\Youssef\AppData\Roaming\Python\Python312\site-packages\playwright\async_api\_generated.py", line 9260, in goto
    await self._impl_obj.goto(
  File "C:\Users\Youssef\AppData\Roaming\Python\Python312\site-packages\playwright\_impl\_page.py", line 475, in goto
    return await self._main_frame.goto(**locals_to_params(locals()))
           ^^^^^^^^^^^^^^^^^^^^^^^^^^^^^^^^^^^^^^^^^^^^^^^^^^^^^^^^^
  File "C:\Users\Youssef\AppData\Roaming\Python\Python312\site-packages\playwright\_impl\_frame.py", line 139, in goto
    await self._channel.send("goto", locals_to_params(locals()))
  File "C:\Users\Youssef\AppData\Roaming\Python\Python312\site-packages\playwright\_impl\_connection.py", line 62, in send
    return await self._connection.wrap_api_call(
           ^^^^^^^^^^^^^^^^^^^^^^^^^^^^^^^^^^^^^
  File "C:\Users\Youssef\AppData\Roaming\Python\Python312\site-packages\playwright\_impl\_connection.py", line 492, in wrap_api_call
    return await cb()
           ^^^^^^^^^^
  File "C:\Users\Youssef\AppData\Roaming\Python\Python312\site-packages\playwright\_impl\_connection.py", line 91, in inner_send
    done, _ = await asyncio.wait(
              ^^^^^^^^^^^^^^^^^^^
  File "C:\Program Files\Python312\Lib\asyncio\tasks.py", line 464, in wait
    return await _wait(fs, timeout, return_when, loop)
           ^^^^^^^^^^^^^^^^^^^^^^^^^^^^^^^^^^^^^^^^^^^
  File "C:\Program Files\Python312\Lib\asyncio\tasks.py", line 550, in _wait
    await waiter
asyncio.exceptions.CancelledError

During handling of the above exception, another exception occurred:

Traceback (most recent call last):
  File "E:\StudioProjects\SemsAi\nawy-scraper\scrape_smart.py", line 197, in main
    compounds = asyncio.run(scrape_missing_from_mongodb())
                ^^^^^^^^^^^^^^^^^^^^^^^^^^^^^^^^^^^^^^^^^^
  File "C:\Program Files\Python312\Lib\asyncio\runners.py", line 194, in run
    return runner.run(main)
           ^^^^^^^^^^^^^^^^
  File "C:\Program Files\Python312\Lib\asyncio\runners.py", line 118, in run
    return self._loop.run_until_complete(task)
           ^^^^^^^^^^^^^^^^^^^^^^^^^^^^^^^^^^^
  File "C:\Program Files\Python312\Lib\asyncio\base_events.py", line 687, in run_until_complete
    return future.result()
           ^^^^^^^^^^^^^^^
  File "E:\StudioProjects\SemsAi\nawy-scraper\scrape_smart.py", line 175, in scrape_missing_from_mongodb
    await scraper.close()
  File "E:\StudioProjects\SemsAi\nawy-scraper\scrapers\base_scraper.py", line 107, in close
    await self.context.close()
  File "C:\Users\Youssef\AppData\Roaming\Python\Python312\site-packages\playwright\async_api\_generated.py", line 13758, in close
    return mapping.from_maybe_impl(await self._impl_obj.close(reason=reason))
                                   ^^^^^^^^^^^^^^^^^^^^^^^^^^^^^^^^^^^^^^^^^
  File "C:\Users\Youssef\AppData\Roaming\Python\Python312\site-packages\playwright\_impl\_browser_context.py", line 485, in close
    await self._channel.send("close", filter_none({"reason": reason}))
  File "C:\Users\Youssef\AppData\Roaming\Python\Python312\site-packages\playwright\_impl\_connection.py", line 62, in send
    return await self._connection.wrap_api_call(
           ^^^^^^^^^^^^^^^^^^^^^^^^^^^^^^^^^^^^^
  File "C:\Users\Youssef\AppData\Roaming\Python\Python312\site-packages\playwright\_impl\_connection.py", line 492, in wrap_api_call
    return await cb()
           ^^^^^^^^^^
  File "C:\Users\Youssef\AppData\Roaming\Python\Python312\site-packages\playwright\_impl\_connection.py", line 100, in inner_send
    result = next(iter(done)).result()
             ^^^^^^^^^^^^^^^^^^^^^^^^^
playwright._impl._errors.TargetClosedError: Target page, context or browser has been closed
2026-01-30 12:09:15,847 | INFO | 🔌 Disconnected from MongoDB
2026-01-30 12:09:22,508 | INFO | ✅ Connected to MongoDB: semsai
2026-01-30 12:09:33,402 | INFO | 🚀 Initializing browser...
2026-01-30 12:09:35,560 | INFO | ✅ Browser initialized (UA: Mozilla/5.0 (Windows NT 10.0; Win64; x64; rv:121.0...)
2026-01-30 12:09:35,560 | INFO | [1/464] Scraping: https://www.nawy.com/compound/405-marseilia-beach-3/property/53850-villa-for-sale-in-marseilia-beach-3
2026-01-30 12:09:35,561 | INFO | 📄 Navigating to: https://www.nawy.com/compound/405-marseilia-beach-3/property/53850-villa-for-sal...
2026-01-30 12:09:47,500 | INFO |    ✅ Unknown
2026-01-30 12:09:47,626 | INFO | 🔄 Updated compound: None
2026-01-30 12:09:47,626 | INFO |    💾 Saved to MongoDB
2026-01-30 12:09:51,313 | INFO | [2/464] Scraping: https://www.nawy.com/compound/1214-the-grey/property/62438-office-for-sale-in-the-gray-in-new-cairo-by-housing-and-development-properties-hdp
2026-01-30 12:09:51,314 | INFO | 📄 Navigating to: https://www.nawy.com/compound/1214-the-grey/property/62438-office-for-sale-in-th...
2026-01-30 12:10:07,898 | INFO |    ✅ Unknown
2026-01-30 12:10:08,018 | INFO | 🔄 Updated compound: None
2026-01-30 12:10:08,018 | INFO |    💾 Saved to MongoDB
2026-01-30 12:10:13,546 | INFO | [3/464] Scraping: https://www.nawy.com/compound/917-ivy
2026-01-30 12:10:13,546 | INFO | 📄 Navigating to: https://www.nawy.com/compound/917-ivy...
2026-01-30 12:10:26,286 | INFO |    ✅ IVY
2026-01-30 12:10:26,429 | INFO | 🔄 Updated compound: IVY
2026-01-30 12:10:26,431 | INFO |    💾 Saved to MongoDB
2026-01-30 12:10:31,942 | INFO | [4/464] Scraping: https://www.nawy.com/compound/1828-hyatt-regency-residences
2026-01-30 12:10:31,943 | INFO | 📄 Navigating to: https://www.nawy.com/compound/1828-hyatt-regency-residences...
2026-01-30 12:10:48,153 | INFO |    ✅ Hyatt Regency Residences
2026-01-30 12:10:48,295 | INFO | ➕ Inserted new compound: Hyatt Regency Residences
2026-01-30 12:10:48,295 | INFO |    💾 Saved to MongoDB
2026-01-30 12:10:53,299 | INFO | [5/464] Scraping: https://www.nawy.com/compound/1838-the-residence
2026-01-30 12:10:53,299 | INFO | 📄 Navigating to: https://www.nawy.com/compound/1838-the-residence...
2026-01-30 12:11:09,239 | INFO |    ✅ The Residence
2026-01-30 12:11:09,364 | INFO | ➕ Inserted new compound: The Residence
2026-01-30 12:11:09,364 | INFO |    💾 Saved to MongoDB
2026-01-30 12:11:13,563 | INFO | [6/464] Scraping: https://www.nawy.com/compound/1868-wadi-east-ras-el-hekma
2026-01-30 12:11:13,564 | INFO | 📄 Navigating to: https://www.nawy.com/compound/1868-wadi-east-ras-el-hekma...
2026-01-30 12:11:35,038 | INFO |    ✅ Wadi East - Ras El Hekma
2026-01-30 12:11:35,182 | INFO | ➕ Inserted new compound: Wadi East - Ras El Hekma
2026-01-30 12:11:35,183 | INFO |    💾 Saved to MongoDB
2026-01-30 12:11:40,252 | INFO | [7/464] Scraping: https://www.nawy.com/compound/1870-agora-mall
2026-01-30 12:11:40,252 | INFO | 📄 Navigating to: https://www.nawy.com/compound/1870-agora-mall...
2026-01-30 12:12:10,373 | ERROR | ❌ Navigation error (attempt 1): Timeout 30000ms exceeded.
2026-01-30 12:12:10,374 | INFO | ⏳ Retrying in 3.5s...
2026-01-30 12:12:13,853 | INFO | 📄 Navigating to: https://www.nawy.com/compound/1870-agora-mall...
2026-01-30 12:12:20,397 | INFO |    ✅ Agora Mall
2026-01-30 12:12:20,547 | INFO | ➕ Inserted new compound: Agora Mall
2026-01-30 12:12:20,547 | INFO |    💾 Saved to MongoDB
2026-01-30 12:12:26,410 | INFO | [8/464] Scraping: https://www.nawy.com/compound/1935-address-east
2026-01-30 12:12:26,411 | INFO | 📄 Navigating to: https://www.nawy.com/compound/1935-address-east...
2026-01-30 12:12:48,289 | INFO |    ✅ Address East
2026-01-30 12:12:48,435 | INFO | 🔄 Updated compound: Address East
2026-01-30 12:12:48,437 | INFO |    💾 Saved to MongoDB
2026-01-30 12:12:53,059 | INFO | [9/464] Scraping: https://www.nawy.com/compound/1936-t-residences
2026-01-30 12:12:53,061 | INFO | 📄 Navigating to: https://www.nawy.com/compound/1936-t-residences...
2026-01-30 12:12:59,700 | INFO |    ✅ T Residences
2026-01-30 12:12:59,845 | INFO | ➕ Inserted new compound: T Residences
2026-01-30 12:12:59,846 | INFO |    💾 Saved to MongoDB
2026-01-30 12:13:04,526 | INFO | [10/464] Scraping: https://www.nawy.com/compound/909-v-levels
2026-01-30 12:13:04,527 | INFO | 📄 Navigating to: https://www.nawy.com/compound/909-v-levels...
2026-01-30 12:13:13,463 | INFO |    ✅ V levels
2026-01-30 12:13:13,619 | INFO | ➕ Inserted new compound: V levels
2026-01-30 12:13:13,619 | INFO |    💾 Saved to MongoDB
2026-01-30 12:13:17,105 | INFO | [11/464] Scraping: https://www.nawy.com/compound/960-orouba-royal
2026-01-30 12:13:17,106 | INFO | 📄 Navigating to: https://www.nawy.com/compound/960-orouba-royal...
2026-01-30 12:13:24,707 | INFO |    ✅ Orouba Royal
2026-01-30 12:13:24,852 | INFO | ➕ Inserted new compound: Orouba Royal
2026-01-30 12:13:24,852 | INFO |    💾 Saved to MongoDB
2026-01-30 12:13:28,123 | INFO | [12/464] Scraping: https://www.nawy.com/compound/991-lasirena-ras-sudr
2026-01-30 12:13:28,124 | INFO | 📄 Navigating to: https://www.nawy.com/compound/991-lasirena-ras-sudr...
2026-01-30 12:13:43,705 | INFO |    ✅ Lasirena Ras Sudr
2026-01-30 12:13:43,828 | INFO | ➕ Inserted new compound: Lasirena Ras Sudr
2026-01-30 12:13:43,829 | INFO |    💾 Saved to MongoDB
2026-01-30 12:13:49,435 | INFO | [13/464] Scraping: https://www.nawy.com/compound/1042-go-heliopolis
2026-01-30 12:13:49,436 | INFO | 📄 Navigating to: https://www.nawy.com/compound/1042-go-heliopolis...
2026-01-30 12:14:19,567 | ERROR | ❌ Navigation error (attempt 1): Timeout 30000ms exceeded.
2026-01-30 12:14:19,568 | INFO | ⏳ Retrying in 3.3s...
2026-01-30 12:14:22,886 | INFO | 📄 Navigating to: https://www.nawy.com/compound/1042-go-heliopolis...
2026-01-30 12:14:44,420 | INFO |    ✅ Go Heliopolis
2026-01-30 12:14:44,546 | INFO | ➕ Inserted new compound: Go Heliopolis
2026-01-30 12:14:44,548 | INFO |    💾 Saved to MongoDB
2026-01-30 12:14:49,043 | INFO | [14/464] Scraping: https://www.nawy.com/compound/1044-the-lark-mall
2026-01-30 12:14:49,044 | INFO | 📄 Navigating to: https://www.nawy.com/compound/1044-the-lark-mall...
2026-01-30 12:15:00,897 | INFO |    ✅ The Lark Mall
2026-01-30 12:15:01,044 | INFO | ➕ Inserted new compound: The Lark Mall
2026-01-30 12:15:01,045 | INFO |    💾 Saved to MongoDB
2026-01-30 12:15:06,587 | INFO | [15/464] Scraping: https://www.nawy.com/compound/1045-v40
2026-01-30 12:15:06,587 | INFO | 📄 Navigating to: https://www.nawy.com/compound/1045-v40...
2026-01-30 12:15:17,126 | INFO |    ✅ V40
2026-01-30 12:15:17,278 | INFO | ➕ Inserted new compound: V40
2026-01-30 12:15:17,279 | INFO |    💾 Saved to MongoDB
2026-01-30 12:15:20,430 | INFO | [16/464] Scraping: https://www.nawy.com/compound/1046-amara
2026-01-30 12:15:20,430 | INFO | 📄 Navigating to: https://www.nawy.com/compound/1046-amara...
2026-01-30 12:15:30,775 | INFO |    ✅ Amara
2026-01-30 12:15:30,924 | INFO | ➕ Inserted new compound: Amara
2026-01-30 12:15:30,924 | INFO |    💾 Saved to MongoDB
2026-01-30 12:15:34,731 | INFO | [17/464] Scraping: https://www.nawy.com/compound/1047-lagoon-new-allamein
2026-01-30 12:15:34,762 | INFO | 📄 Navigating to: https://www.nawy.com/compound/1047-lagoon-new-allamein...
2026-01-30 12:15:47,406 | INFO |    ✅ Lagoon New Allamein
2026-01-30 12:15:47,551 | INFO | ➕ Inserted new compound: Lagoon New Allamein
2026-01-30 12:15:47,552 | INFO |    💾 Saved to MongoDB
2026-01-30 12:15:53,419 | INFO | [18/464] Scraping: https://www.nawy.com/compound/1049-north-bay-el-gouna
2026-01-30 12:15:53,420 | INFO | 📄 Navigating to: https://www.nawy.com/compound/1049-north-bay-el-gouna...
2026-01-30 12:16:05,400 | INFO |    ✅ North Bay - El Gouna
2026-01-30 12:16:05,552 | INFO | ➕ Inserted new compound: North Bay - El Gouna
2026-01-30 12:16:05,554 | INFO |    💾 Saved to MongoDB
2026-01-30 12:16:10,025 | INFO | [19/464] Scraping: https://www.nawy.com/compound/1051-murano-wadi-degla
2026-01-30 12:16:10,025 | INFO | 📄 Navigating to: https://www.nawy.com/compound/1051-murano-wadi-degla...
2026-01-30 12:16:27,953 | INFO |    ✅ Murano Wadi Degla
2026-01-30 12:16:28,100 | INFO | ➕ Inserted new compound: Murano Wadi Degla
2026-01-30 12:16:28,101 | INFO |    💾 Saved to MongoDB
2026-01-30 12:16:33,587 | INFO | [20/464] Scraping: https://www.nawy.com/compound/1052-westown-medical-center
2026-01-30 12:16:33,588 | INFO | 📄 Navigating to: https://www.nawy.com/compound/1052-westown-medical-center...
2026-01-30 12:17:03,707 | ERROR | ❌ Navigation error (attempt 1): Timeout 30000ms exceeded.
2026-01-30 12:17:03,708 | INFO | ⏳ Retrying in 3.4s...
2026-01-30 12:17:07,137 | INFO | 📄 Navigating to: https://www.nawy.com/compound/1052-westown-medical-center...
2026-01-30 12:17:14,147 | INFO |    ✅ Westown Medical Center
2026-01-30 12:17:14,301 | INFO | ➕ Inserted new compound: Westown Medical Center
2026-01-30 12:17:14,302 | INFO |    💾 Saved to MongoDB
2026-01-30 12:17:19,979 | INFO | [21/464] Scraping: https://www.nawy.com/compound/1053-elva-il-monte-galala
2026-01-30 12:17:19,985 | INFO | 📄 Navigating to: https://www.nawy.com/compound/1053-elva-il-monte-galala...
2026-01-30 12:17:41,760 | INFO |    ✅ Elva - Il Monte Galala
2026-01-30 12:17:41,901 | INFO | ➕ Inserted new compound: Elva - Il Monte Galala
2026-01-30 12:17:41,901 | INFO |    💾 Saved to MongoDB
2026-01-30 12:17:47,864 | INFO | [22/464] Scraping: https://www.nawy.com/compound/1054-shamasi
2026-01-30 12:17:47,865 | INFO | 📄 Navigating to: https://www.nawy.com/compound/1054-shamasi...
2026-01-30 12:17:59,732 | INFO |    ✅ Shamasi
2026-01-30 12:17:59,880 | INFO | ➕ Inserted new compound: Shamasi
2026-01-30 12:17:59,880 | INFO |    💾 Saved to MongoDB
2026-01-30 12:18:05,422 | INFO | [23/464] Scraping: https://www.nawy.com/compound/1055-cattleya
2026-01-30 12:18:05,422 | INFO | 📄 Navigating to: https://www.nawy.com/compound/1055-cattleya...
2026-01-30 12:18:18,539 | INFO |    ✅ Cattleya
2026-01-30 12:18:18,688 | INFO | ➕ Inserted new compound: Cattleya
2026-01-30 12:18:18,689 | INFO |    💾 Saved to MongoDB
2026-01-30 12:18:23,517 | INFO | [24/464] Scraping: https://www.nawy.com/compound/1056-dinero-tower
2026-01-30 12:18:23,518 | INFO | 📄 Navigating to: https://www.nawy.com/compound/1056-dinero-tower...
2026-01-30 12:18:38,941 | INFO |    ✅ Dinero Tower
2026-01-30 12:18:39,064 | INFO | ➕ Inserted new compound: Dinero Tower
2026-01-30 12:18:39,065 | INFO |    💾 Saved to MongoDB
2026-01-30 12:18:44,212 | INFO | [25/464] Scraping: https://www.nawy.com/compound/1057-palmet-new-cairo
2026-01-30 12:18:44,213 | INFO | 📄 Navigating to: https://www.nawy.com/compound/1057-palmet-new-cairo...
2026-01-30 12:19:14,337 | ERROR | ❌ Navigation error (attempt 1): Timeout 30000ms exceeded.
2026-01-30 12:19:14,338 | INFO | ⏳ Retrying in 2.1s...
2026-01-30 12:19:16,452 | INFO | 📄 Navigating to: https://www.nawy.com/compound/1057-palmet-new-cairo...
2026-01-30 12:19:46,589 | ERROR | ❌ Navigation error (attempt 2): Timeout 30000ms exceeded.
2026-01-30 12:19:46,591 | INFO | ⏳ Retrying in 4.9s...
2026-01-30 12:19:51,487 | INFO | 📄 Navigating to: https://www.nawy.com/compound/1057-palmet-new-cairo...
2026-01-30 12:19:58,628 | INFO |    ✅ Palmet - New Cairo
2026-01-30 12:19:58,779 | INFO | ➕ Inserted new compound: Palmet - New Cairo
2026-01-30 12:19:58,780 | INFO |    💾 Saved to MongoDB
2026-01-30 12:20:02,381 | INFO | [26/464] Scraping: https://www.nawy.com/compound/1058-al-maqsad-park
2026-01-30 12:20:02,382 | INFO | 📄 Navigating to: https://www.nawy.com/compound/1058-al-maqsad-park...
2026-01-30 12:20:14,908 | INFO |    ✅ Al Maqsad Park
2026-01-30 12:20:15,054 | INFO | ➕ Inserted new compound: Al Maqsad Park
2026-01-30 12:20:15,054 | INFO |    💾 Saved to MongoDB
2026-01-30 12:20:20,326 | INFO | [27/464] Scraping: https://www.nawy.com/compound/1059-talda
2026-01-30 12:20:20,333 | INFO | 📄 Navigating to: https://www.nawy.com/compound/1059-talda...
2026-01-30 12:20:29,111 | INFO |    ✅ Talda
2026-01-30 12:20:29,257 | INFO | ➕ Inserted new compound: Talda
2026-01-30 12:20:29,258 | INFO |    💾 Saved to MongoDB
2026-01-30 12:20:34,433 | INFO | [28/464] Scraping: https://www.nawy.com/compound/1061-vaha
2026-01-30 12:20:34,434 | INFO | 📄 Navigating to: https://www.nawy.com/compound/1061-vaha...
2026-01-30 12:20:43,524 | INFO |    ✅ Vaha
2026-01-30 12:20:43,653 | INFO | ➕ Inserted new compound: Vaha
2026-01-30 12:20:43,654 | INFO |    💾 Saved to MongoDB
2026-01-30 12:20:46,760 | INFO | [29/464] Scraping: https://www.nawy.com/compound/1063-lumia-residence-new-capital
2026-01-30 12:20:46,763 | INFO | 📄 Navigating to: https://www.nawy.com/compound/1063-lumia-residence-new-capital...
2026-01-30 12:20:59,617 | INFO |    ✅ Lumia Residence- New Capital
2026-01-30 12:20:59,775 | INFO | ➕ Inserted new compound: Lumia Residence- New Capital
2026-01-30 12:20:59,776 | INFO |    💾 Saved to MongoDB
2026-01-30 12:21:03,452 | INFO | [30/464] Scraping: https://www.nawy.com/compound/1064-arc-soma-bay
2026-01-30 12:21:03,452 | INFO | 📄 Navigating to: https://www.nawy.com/compound/1064-arc-soma-bay...
2026-01-30 12:21:33,585 | ERROR | ❌ Navigation error (attempt 1): Timeout 30000ms exceeded.
2026-01-30 12:21:33,587 | INFO | ⏳ Retrying in 3.4s...
2026-01-30 12:21:36,966 | INFO | 📄 Navigating to: https://www.nawy.com/compound/1064-arc-soma-bay...
2026-01-30 12:22:07,091 | ERROR | ❌ Navigation error (attempt 2): Timeout 30000ms exceeded.
2026-01-30 12:22:07,091 | INFO | ⏳ Retrying in 5.0s...
2026-01-30 12:22:12,074 | INFO | 📄 Navigating to: https://www.nawy.com/compound/1064-arc-soma-bay...
2026-01-30 12:22:42,193 | ERROR | ❌ Navigation error (attempt 3): Timeout 30000ms exceeded.
2026-01-30 12:22:42,194 | WARNING |    ❌ Failed to scrape
2026-01-30 12:22:46,719 | INFO | [31/464] Scraping: https://www.nawy.com/compound/1065-sky-ramp
2026-01-30 12:22:46,720 | INFO | 📄 Navigating to: https://www.nawy.com/compound/1065-sky-ramp...
2026-01-30 12:22:59,909 | INFO |    ✅ Sky Ramp
2026-01-30 12:23:00,064 | INFO | ➕ Inserted new compound: Sky Ramp
2026-01-30 12:23:00,065 | INFO |    💾 Saved to MongoDB
2026-01-30 12:23:03,240 | INFO | [32/464] Scraping: https://www.nawy.com/compound/1067-nmq
2026-01-30 12:23:03,241 | INFO | 📄 Navigating to: https://www.nawy.com/compound/1067-nmq...
2026-01-30 12:23:16,941 | INFO |    ✅ Nmq
2026-01-30 12:23:17,100 | INFO | ➕ Inserted new compound: Nmq
2026-01-30 12:23:17,101 | INFO |    💾 Saved to MongoDB
2026-01-30 12:23:21,357 | INFO | [33/464] Scraping: https://www.nawy.com/compound/1068-eelaf-residence
2026-01-30 12:23:21,364 | INFO | 📄 Navigating to: https://www.nawy.com/compound/1068-eelaf-residence...
2026-01-30 12:23:34,664 | INFO |    ✅ Eelaf Residence
2026-01-30 12:23:34,812 | INFO | ➕ Inserted new compound: Eelaf Residence
2026-01-30 12:23:34,812 | INFO |    💾 Saved to MongoDB
2026-01-30 12:23:37,823 | INFO | [34/464] Scraping: https://www.nawy.com/compound/1069-t.hub
2026-01-30 12:23:37,823 | INFO | 📄 Navigating to: https://www.nawy.com/compound/1069-t.hub...
2026-01-30 12:23:50,438 | INFO |    ✅ T.Hub
2026-01-30 12:23:50,585 | INFO | ➕ Inserted new compound: T.Hub
2026-01-30 12:23:50,586 | INFO |    💾 Saved to MongoDB
2026-01-30 12:23:56,012 | INFO | [35/464] Scraping: https://www.nawy.com/compound/1070-canan-capital
2026-01-30 12:23:56,015 | INFO | 📄 Navigating to: https://www.nawy.com/compound/1070-canan-capital...
2026-01-30 12:24:26,158 | ERROR | ❌ Navigation error (attempt 1): Timeout 30000ms exceeded.
2026-01-30 12:24:26,159 | INFO | ⏳ Retrying in 3.8s...
2026-01-30 12:24:30,003 | INFO | 📄 Navigating to: https://www.nawy.com/compound/1070-canan-capital...
2026-01-30 12:25:00,143 | ERROR | ❌ Navigation error (attempt 2): Timeout 30000ms exceeded.
2026-01-30 12:25:00,143 | INFO | ⏳ Retrying in 4.2s...
2026-01-30 12:25:04,392 | INFO | 📄 Navigating to: https://www.nawy.com/compound/1070-canan-capital...
2026-01-30 12:25:34,508 | ERROR | ❌ Navigation error (attempt 3): Timeout 30000ms exceeded.
2026-01-30 12:25:34,509 | WARNING |    ❌ Failed to scrape
2026-01-30 12:25:37,728 | INFO | [36/464] Scraping: https://www.nawy.com/compound/1071-pulse
2026-01-30 12:25:37,729 | INFO | 📄 Navigating to: https://www.nawy.com/compound/1071-pulse...
2026-01-30 12:26:07,854 | ERROR | ❌ Navigation error (attempt 1): Timeout 30000ms exceeded.
2026-01-30 12:26:07,856 | INFO | ⏳ Retrying in 2.1s...
2026-01-30 12:26:09,935 | INFO | 📄 Navigating to: https://www.nawy.com/compound/1071-pulse...
2026-01-30 12:26:22,010 | INFO |    ✅ Pulse
2026-01-30 12:26:22,184 | INFO | ➕ Inserted new compound: Pulse
2026-01-30 12:26:22,184 | INFO |    💾 Saved to MongoDB
2026-01-30 12:26:28,008 | INFO | [37/464] Scraping: https://www.nawy.com/compound/1072-one33
2026-01-30 12:26:28,013 | INFO | 📄 Navigating to: https://www.nawy.com/compound/1072-one33...
2026-01-30 12:26:44,602 | INFO |    ✅ One33
2026-01-30 12:26:44,751 | INFO | ➕ Inserted new compound: One33
2026-01-30 12:26:44,751 | INFO |    💾 Saved to MongoDB
2026-01-30 12:26:48,817 | INFO | [38/464] Scraping: https://www.nawy.com/compound/1073-la-quinta
2026-01-30 12:26:48,819 | INFO | 📄 Navigating to: https://www.nawy.com/compound/1073-la-quinta...
2026-01-30 12:26:57,742 | INFO |    ✅ La Quinta
2026-01-30 12:26:57,890 | INFO | ➕ Inserted new compound: La Quinta
2026-01-30 12:26:57,891 | INFO |    💾 Saved to MongoDB
2026-01-30 12:27:03,078 | INFO | [39/464] Scraping: https://www.nawy.com/compound/1074-zahya-business-park
2026-01-30 12:27:03,082 | INFO | 📄 Navigating to: https://www.nawy.com/compound/1074-zahya-business-park...
2026-01-30 12:27:18,722 | INFO |    ✅ Zahya Business Park
2026-01-30 12:27:18,865 | INFO | ➕ Inserted new compound: Zahya Business Park
2026-01-30 12:27:18,866 | INFO |    💾 Saved to MongoDB
2026-01-30 12:27:22,300 | INFO | [40/464] Scraping: https://www.nawy.com/compound/1075-dejoya-park
2026-01-30 12:27:22,302 | INFO | 📄 Navigating to: https://www.nawy.com/compound/1075-dejoya-park...
2026-01-30 12:27:52,434 | ERROR | ❌ Navigation error (attempt 1): Timeout 30000ms exceeded.
2026-01-30 12:27:52,435 | INFO | ⏳ Retrying in 3.5s...
2026-01-30 12:27:55,889 | INFO | 📄 Navigating to: https://www.nawy.com/compound/1075-dejoya-park...
2026-01-30 12:28:26,023 | ERROR | ❌ Navigation error (attempt 2): Timeout 30000ms exceeded.
2026-01-30 12:28:26,025 | INFO | ⏳ Retrying in 3.7s...
2026-01-30 12:28:29,721 | INFO | 📄 Navigating to: https://www.nawy.com/compound/1075-dejoya-park...
2026-01-30 12:28:59,846 | ERROR | ❌ Navigation error (attempt 3): Timeout 30000ms exceeded.
2026-01-30 12:28:59,847 | WARNING |    ❌ Failed to scrape
2026-01-30 12:29:03,022 | INFO | [41/464] Scraping: https://www.nawy.com/compound/1076-ivoire-east
2026-01-30 12:29:03,022 | INFO | 📄 Navigating to: https://www.nawy.com/compound/1076-ivoire-east...
2026-01-30 12:29:16,041 | INFO |    ✅ Ivoire East
2026-01-30 12:29:16,197 | INFO | ➕ Inserted new compound: Ivoire East
2026-01-30 12:29:16,198 | INFO |    💾 Saved to MongoDB
2026-01-30 12:29:21,194 | INFO | [42/464] Scraping: https://www.nawy.com/compound/1078-peerage-residence
2026-01-30 12:29:21,194 | INFO | 📄 Navigating to: https://www.nawy.com/compound/1078-peerage-residence...
2026-01-30 12:29:37,951 | INFO |    ✅ Peerage Residence
2026-01-30 12:29:38,099 | INFO | ➕ Inserted new compound: Peerage Residence
2026-01-30 12:29:38,100 | INFO |    💾 Saved to MongoDB
2026-01-30 12:29:41,394 | INFO | [43/464] Scraping: https://www.nawy.com/compound/1079-district-people
2026-01-30 12:29:41,397 | INFO | 📄 Navigating to: https://www.nawy.com/compound/1079-district-people...
2026-01-30 12:30:03,381 | INFO |    ✅ District People
2026-01-30 12:30:03,533 | INFO | ➕ Inserted new compound: District People
2026-01-30 12:30:03,533 | INFO |    💾 Saved to MongoDB
2026-01-30 12:30:07,646 | INFO | [44/464] Scraping: https://www.nawy.com/compound/1080-la-colina
2026-01-30 12:30:07,647 | INFO | 📄 Navigating to: https://www.nawy.com/compound/1080-la-colina...
2026-01-30 12:30:16,007 | INFO |    ✅ La Colina
2026-01-30 12:30:16,158 | INFO | ➕ Inserted new compound: La Colina
2026-01-30 12:30:16,159 | INFO |    💾 Saved to MongoDB
2026-01-30 12:30:20,602 | INFO | [45/464] Scraping: https://www.nawy.com/compound/1081-nautilus
2026-01-30 12:30:20,604 | INFO | 📄 Navigating to: https://www.nawy.com/compound/1081-nautilus...
2026-01-30 12:30:39,153 | INFO |    ✅ Nautilus
2026-01-30 12:30:39,299 | INFO | ➕ Inserted new compound: Nautilus
2026-01-30 12:30:39,301 | INFO |    💾 Saved to MongoDB
2026-01-30 12:30:42,556 | INFO | [46/464] Scraping: https://www.nawy.com/compound/1082-pyramids-city
2026-01-30 12:30:42,557 | INFO | 📄 Navigating to: https://www.nawy.com/compound/1082-pyramids-city...
2026-01-30 12:31:12,681 | ERROR | ❌ Navigation error (attempt 1): Timeout 30000ms exceeded.
2026-01-30 12:31:12,682 | INFO | ⏳ Retrying in 3.8s...
2026-01-30 12:31:16,463 | INFO | 📄 Navigating to: https://www.nawy.com/compound/1082-pyramids-city...
2026-01-30 12:31:46,587 | ERROR | ❌ Navigation error (attempt 2): Timeout 30000ms exceeded.
2026-01-30 12:31:46,589 | INFO | ⏳ Retrying in 4.9s...
2026-01-30 12:31:51,448 | INFO | 📄 Navigating to: https://www.nawy.com/compound/1082-pyramids-city...
2026-01-30 12:32:21,578 | ERROR | ❌ Navigation error (attempt 3): Timeout 30000ms exceeded.
2026-01-30 12:32:21,579 | WARNING |    ❌ Failed to scrape
2026-01-30 12:32:25,227 | INFO | [47/464] Scraping: https://www.nawy.com/compound/1083-city-hall-strip
2026-01-30 12:32:25,227 | INFO | 📄 Navigating to: https://www.nawy.com/compound/1083-city-hall-strip...
2026-01-30 12:32:33,579 | INFO |    ✅ City Hall Strip
2026-01-30 12:32:33,729 | INFO | ➕ Inserted new compound: City Hall Strip
2026-01-30 12:32:33,730 | INFO |    💾 Saved to MongoDB
2026-01-30 12:32:37,026 | INFO | [48/464] Scraping: https://www.nawy.com/compound/1084-arabesque
2026-01-30 12:32:37,028 | INFO | 📄 Navigating to: https://www.nawy.com/compound/1084-arabesque...
2026-01-30 12:32:43,512 | INFO |    ✅ Arabesque
2026-01-30 12:32:43,632 | INFO | ➕ Inserted new compound: Arabesque
2026-01-30 12:32:43,632 | INFO |    💾 Saved to MongoDB
2026-01-30 12:32:47,611 | INFO | [49/464] Scraping: https://www.nawy.com/compound/1085-shades
2026-01-30 12:32:47,611 | INFO | 📄 Navigating to: https://www.nawy.com/compound/1085-shades...
2026-01-30 12:32:59,970 | INFO |    ✅ Shades
2026-01-30 12:33:00,115 | INFO | ➕ Inserted new compound: Shades
2026-01-30 12:33:00,116 | INFO |    💾 Saved to MongoDB
2026-01-30 12:33:05,813 | INFO | [50/464] Scraping: https://www.nawy.com/compound/1086-green-heights
2026-01-30 12:33:05,813 | INFO | 📄 Navigating to: https://www.nawy.com/compound/1086-green-heights...
2026-01-30 12:33:35,943 | ERROR | ❌ Navigation error (attempt 1): Timeout 30000ms exceeded.
2026-01-30 12:33:35,944 | INFO | ⏳ Retrying in 3.3s...
2026-01-30 12:33:39,277 | INFO | 📄 Navigating to: https://www.nawy.com/compound/1086-green-heights...
2026-01-30 12:34:09,399 | ERROR | ❌ Navigation error (attempt 2): Timeout 30000ms exceeded.
2026-01-30 12:34:09,401 | INFO | ⏳ Retrying in 4.1s...
2026-01-30 12:34:13,548 | INFO | 📄 Navigating to: https://www.nawy.com/compound/1086-green-heights...
2026-01-30 12:34:43,676 | ERROR | ❌ Navigation error (attempt 3): Timeout 30000ms exceeded.
2026-01-30 12:34:43,678 | WARNING |    ❌ Failed to scrape
2026-01-30 12:34:49,543 | INFO | [51/464] Scraping: https://www.nawy.com/compound/1087-mena-2
2026-01-30 12:34:49,545 | INFO | 📄 Navigating to: https://www.nawy.com/compound/1087-mena-2...
2026-01-30 12:34:56,215 | INFO |    ✅ Mena 2
2026-01-30 12:34:56,364 | INFO | ➕ Inserted new compound: Mena 2
2026-01-30 12:34:56,364 | INFO |    💾 Saved to MongoDB
2026-01-30 12:35:01,453 | INFO | [52/464] Scraping: https://www.nawy.com/compound/1088-flowers-park
2026-01-30 12:35:01,453 | INFO | 📄 Navigating to: https://www.nawy.com/compound/1088-flowers-park...
2026-01-30 12:35:09,156 | INFO |    ✅ Flowers Park
2026-01-30 12:35:09,296 | INFO | ➕ Inserted new compound: Flowers Park
2026-01-30 12:35:09,296 | INFO |    💾 Saved to MongoDB
2026-01-30 12:35:14,186 | INFO | [53/464] Scraping: https://www.nawy.com/compound/1089-century-city
2026-01-30 12:35:14,188 | INFO | 📄 Navigating to: https://www.nawy.com/compound/1089-century-city...
2026-01-30 12:35:32,390 | INFO |    ✅ Century City
2026-01-30 12:35:32,534 | INFO | ➕ Inserted new compound: Century City
2026-01-30 12:35:32,535 | INFO |    💾 Saved to MongoDB
2026-01-30 12:35:35,715 | INFO | [54/464] Scraping: https://www.nawy.com/compound/1090-divina-gardens
2026-01-30 12:35:35,716 | INFO | 📄 Navigating to: https://www.nawy.com/compound/1090-divina-gardens...
2026-01-30 12:35:57,198 | INFO |    ✅ Divina Gardens
2026-01-30 12:35:57,344 | INFO | ➕ Inserted new compound: Divina Gardens
2026-01-30 12:35:57,345 | INFO |    💾 Saved to MongoDB
2026-01-30 12:36:00,759 | INFO | [55/464] Scraping: https://www.nawy.com/compound/1091-blumar-el-dome
2026-01-30 12:36:00,765 | INFO | 📄 Navigating to: https://www.nawy.com/compound/1091-blumar-el-dome...
2026-01-30 12:36:30,893 | ERROR | ❌ Navigation error (attempt 1): Timeout 30000ms exceeded.
2026-01-30 12:36:30,894 | INFO | ⏳ Retrying in 2.9s...
2026-01-30 12:36:33,859 | INFO | 📄 Navigating to: https://www.nawy.com/compound/1091-blumar-el-dome...
2026-01-30 12:37:03,991 | ERROR | ❌ Navigation error (attempt 2): Timeout 30000ms exceeded.
2026-01-30 12:37:03,992 | INFO | ⏳ Retrying in 3.5s...
2026-01-30 12:37:07,538 | INFO | 📄 Navigating to: https://www.nawy.com/compound/1091-blumar-el-dome...
2026-01-30 12:37:37,664 | ERROR | ❌ Navigation error (attempt 3): Timeout 30000ms exceeded.
2026-01-30 12:37:37,666 | WARNING |    ❌ Failed to scrape
2026-01-30 12:37:42,456 | INFO | [56/464] Scraping: https://www.nawy.com/compound/1092-lake-view-boutique
2026-01-30 12:37:42,459 | INFO | 📄 Navigating to: https://www.nawy.com/compound/1092-lake-view-boutique...
2026-01-30 12:38:12,593 | ERROR | ❌ Navigation error (attempt 1): Timeout 30000ms exceeded.
2026-01-30 12:38:12,593 | INFO | ⏳ Retrying in 3.8s...
2026-01-30 12:38:16,383 | INFO | 📄 Navigating to: https://www.nawy.com/compound/1092-lake-view-boutique...
2026-01-30 12:38:46,514 | ERROR | ❌ Navigation error (attempt 2): Timeout 30000ms exceeded.
2026-01-30 12:38:46,515 | INFO | ⏳ Retrying in 4.8s...
2026-01-30 12:38:51,339 | INFO | 📄 Navigating to: https://www.nawy.com/compound/1092-lake-view-boutique...
2026-01-30 12:39:21,467 | ERROR | ❌ Navigation error (attempt 3): Timeout 30000ms exceeded.
2026-01-30 12:39:21,468 | WARNING |    ❌ Failed to scrape
2026-01-30 12:39:24,634 | INFO | [57/464] Scraping: https://www.nawy.com/compound/1093-one-residence
2026-01-30 12:39:24,636 | INFO | 📄 Navigating to: https://www.nawy.com/compound/1093-one-residence...
2026-01-30 12:39:54,769 | ERROR | ❌ Navigation error (attempt 1): Timeout 30000ms exceeded.
2026-01-30 12:39:54,770 | INFO | ⏳ Retrying in 3.1s...
2026-01-30 12:39:57,869 | INFO | 📄 Navigating to: https://www.nawy.com/compound/1093-one-residence...
2026-01-30 12:40:28,018 | ERROR | ❌ Navigation error (attempt 2): Timeout 30000ms exceeded.
2026-01-30 12:40:28,020 | INFO | ⏳ Retrying in 4.9s...
2026-01-30 12:40:32,942 | INFO | 📄 Navigating to: https://www.nawy.com/compound/1093-one-residence...
2026-01-30 12:41:03,069 | ERROR | ❌ Navigation error (attempt 3): Timeout 30000ms exceeded.
2026-01-30 12:41:03,070 | WARNING |    ❌ Failed to scrape
2026-01-30 12:41:06,921 | INFO | [58/464] Scraping: https://www.nawy.com/compound/1094-white-walk
2026-01-30 12:41:06,921 | INFO | 📄 Navigating to: https://www.nawy.com/compound/1094-white-walk...
2026-01-30 12:41:07,685 | WARNING | ⚠️ Status 502
2026-01-30 12:41:07,686 | INFO | 📄 Navigating to: https://www.nawy.com/compound/1094-white-walk...
2026-01-30 12:41:37,800 | ERROR | ❌ Navigation error (attempt 2): Timeout 30000ms exceeded.
2026-01-30 12:41:37,801 | INFO | ⏳ Retrying in 4.9s...
2026-01-30 12:41:42,743 | INFO | 📄 Navigating to: https://www.nawy.com/compound/1094-white-walk...
2026-01-30 12:42:12,863 | ERROR | ❌ Navigation error (attempt 3): Timeout 30000ms exceeded.
2026-01-30 12:42:12,864 | WARNING |    ❌ Failed to scrape
2026-01-30 12:42:17,431 | INFO | [59/464] Scraping: https://www.nawy.com/compound/1095-ranches
2026-01-30 12:42:17,433 | INFO | 📄 Navigating to: https://www.nawy.com/compound/1095-ranches...
2026-01-30 12:42:47,563 | ERROR | ❌ Navigation error (attempt 1): Timeout 30000ms exceeded.
2026-01-30 12:42:47,564 | INFO | ⏳ Retrying in 3.0s...
2026-01-30 12:42:50,579 | INFO | 📄 Navigating to: https://www.nawy.com/compound/1095-ranches...
2026-01-30 12:43:20,729 | ERROR | ❌ Navigation error (attempt 2): Timeout 30000ms exceeded.
2026-01-30 12:43:20,731 | INFO | ⏳ Retrying in 3.3s...
2026-01-30 12:43:24,017 | INFO | 📄 Navigating to: https://www.nawy.com/compound/1095-ranches...
2026-01-30 12:43:54,145 | ERROR | ❌ Navigation error (attempt 3): Timeout 30000ms exceeded.
2026-01-30 12:43:54,146 | WARNING |    ❌ Failed to scrape
2026-01-30 12:43:57,925 | INFO | [60/464] Scraping: https://www.nawy.com/compound/1097-wadi-soma
2026-01-30 12:43:57,926 | INFO | 📄 Navigating to: https://www.nawy.com/compound/1097-wadi-soma...
2026-01-30 12:44:07,061 | INFO |    ✅ Wadi Soma
2026-01-30 12:44:07,218 | INFO | ➕ Inserted new compound: Wadi Soma
2026-01-30 12:44:07,219 | INFO |    💾 Saved to MongoDB
2026-01-30 12:44:11,417 | INFO | [61/464] Scraping: https://www.nawy.com/compound/1098-valencia-valley
2026-01-30 12:44:11,419 | INFO | 📄 Navigating to: https://www.nawy.com/compound/1098-valencia-valley...
2026-01-30 12:44:32,749 | INFO |    ✅ Valencia Valley
2026-01-30 12:44:32,893 | INFO | ➕ Inserted new compound: Valencia Valley
2026-01-30 12:44:32,894 | INFO |    💾 Saved to MongoDB
2026-01-30 12:44:35,956 | INFO | [62/464] Scraping: https://www.nawy.com/compound/1099-new-garden-city
2026-01-30 12:44:35,957 | INFO | 📄 Navigating to: https://www.nawy.com/compound/1099-new-garden-city...
2026-01-30 12:45:06,085 | ERROR | ❌ Navigation error (attempt 1): Timeout 30000ms exceeded.
2026-01-30 12:45:06,086 | INFO | ⏳ Retrying in 2.6s...
2026-01-30 12:45:08,736 | INFO | 📄 Navigating to: https://www.nawy.com/compound/1099-new-garden-city...
2026-01-30 12:45:38,870 | ERROR | ❌ Navigation error (attempt 2): Timeout 30000ms exceeded.
2026-01-30 12:45:38,870 | INFO | ⏳ Retrying in 4.9s...
2026-01-30 12:45:43,802 | INFO | 📄 Navigating to: https://www.nawy.com/compound/1099-new-garden-city...
2026-01-30 12:46:13,931 | ERROR | ❌ Navigation error (attempt 3): Timeout 30000ms exceeded.
2026-01-30 12:46:13,932 | WARNING |    ❌ Failed to scrape
2026-01-30 12:46:18,613 | INFO | [63/464] Scraping: https://www.nawy.com/compound/1100-river-walk
2026-01-30 12:46:18,613 | INFO | 📄 Navigating to: https://www.nawy.com/compound/1100-river-walk...
2026-01-30 12:46:25,451 | INFO |    ✅ River Walk
2026-01-30 12:46:25,603 | INFO | ➕ Inserted new compound: River Walk
2026-01-30 12:46:25,604 | INFO |    💾 Saved to MongoDB
2026-01-30 12:46:30,882 | INFO | [64/464] Scraping: https://www.nawy.com/compound/1102-swan-lake-katameya
2026-01-30 12:46:30,882 | INFO | 📄 Navigating to: https://www.nawy.com/compound/1102-swan-lake-katameya...
2026-01-30 12:46:38,190 | INFO |    ✅ Swan Lake Katameya
2026-01-30 12:46:38,332 | INFO | ➕ Inserted new compound: Swan Lake Katameya
2026-01-30 12:46:38,332 | INFO |    💾 Saved to MongoDB
2026-01-30 12:46:42,560 | INFO | [65/464] Scraping: https://www.nawy.com/compound/1103-el-kafr
2026-01-30 12:46:42,561 | INFO | 📄 Navigating to: https://www.nawy.com/compound/1103-el-kafr...
2026-01-30 12:47:01,204 | INFO |    ✅ El Kafr
2026-01-30 12:47:01,326 | INFO | ➕ Inserted new compound: El Kafr
2026-01-30 12:47:01,327 | INFO |    💾 Saved to MongoDB
2026-01-30 12:47:04,660 | INFO | [66/464] Scraping: https://www.nawy.com/compound/1104-haptown-park-226
2026-01-30 12:47:04,661 | INFO | 📄 Navigating to: https://www.nawy.com/compound/1104-haptown-park-226...
2026-01-30 12:47:20,983 | INFO |    ✅ Haptown Park 226
2026-01-30 12:47:21,128 | INFO | ➕ Inserted new compound: Haptown Park 226
2026-01-30 12:47:21,128 | INFO |    💾 Saved to MongoDB
2026-01-30 12:47:25,182 | INFO | [67/464] Scraping: https://www.nawy.com/compound/1106-roudy
2026-01-30 12:47:25,182 | INFO | 📄 Navigating to: https://www.nawy.com/compound/1106-roudy...
2026-01-30 12:47:33,164 | INFO |    ✅ Roudy
2026-01-30 12:47:33,314 | INFO | ➕ Inserted new compound: Roudy
2026-01-30 12:47:33,316 | INFO |    💾 Saved to MongoDB
2026-01-30 12:47:36,834 | INFO | [68/464] Scraping: https://www.nawy.com/compound/1107-golf-city-el-obour
2026-01-30 12:47:36,835 | INFO | 📄 Navigating to: https://www.nawy.com/compound/1107-golf-city-el-obour...
2026-01-30 12:47:55,715 | INFO |    ✅ Golf City EL Obour
2026-01-30 12:47:55,835 | INFO | ➕ Inserted new compound: Golf City EL Obour
2026-01-30 12:47:55,836 | INFO |    💾 Saved to MongoDB
2026-01-30 12:48:01,123 | INFO | [69/464] Scraping: https://www.nawy.com/compound/1108-notion
2026-01-30 12:48:01,125 | INFO | 📄 Navigating to: https://www.nawy.com/compound/1108-notion...
2026-01-30 12:48:13,324 | INFO |    ✅ Notion
2026-01-30 12:48:13,477 | INFO | ➕ Inserted new compound: Notion
2026-01-30 12:48:13,478 | INFO |    💾 Saved to MongoDB
2026-01-30 12:48:18,672 | INFO | [70/464] Scraping: https://www.nawy.com/compound/1109-mountain-view-3
2026-01-30 12:48:18,673 | INFO | 📄 Navigating to: https://www.nawy.com/compound/1109-mountain-view-3...
2026-01-30 12:48:36,019 | INFO |    ✅ Mountain View 3
2026-01-30 12:48:36,175 | INFO | ➕ Inserted new compound: Mountain View 3
2026-01-30 12:48:36,176 | INFO |    💾 Saved to MongoDB
2026-01-30 12:48:40,308 | INFO | [71/464] Scraping: https://www.nawy.com/compound/1111-west-end
2026-01-30 12:48:40,309 | INFO | 📄 Navigating to: https://www.nawy.com/compound/1111-west-end...
2026-01-30 12:48:47,232 | INFO |    ✅ West End
2026-01-30 12:48:47,384 | INFO | ➕ Inserted new compound: West End
2026-01-30 12:48:47,384 | INFO |    💾 Saved to MongoDB
2026-01-30 12:48:51,498 | INFO | [72/464] Scraping: https://www.nawy.com/compound/1112-garnet
2026-01-30 12:48:51,499 | INFO | 📄 Navigating to: https://www.nawy.com/compound/1112-garnet...
2026-01-30 12:49:05,141 | INFO |    ✅ Garnet
2026-01-30 12:49:05,291 | INFO | ➕ Inserted new compound: Garnet
2026-01-30 12:49:05,292 | INFO |    💾 Saved to MongoDB
2026-01-30 12:49:11,027 | INFO | [73/464] Scraping: https://www.nawy.com/compound/1113-el-patio-town
2026-01-30 12:49:11,029 | INFO | 📄 Navigating to: https://www.nawy.com/compound/1113-el-patio-town...
2026-01-30 12:49:19,458 | INFO |    ✅ El Patio Town
2026-01-30 12:49:19,627 | INFO | ➕ Inserted new compound: El Patio Town
2026-01-30 12:49:19,628 | INFO |    💾 Saved to MongoDB
2026-01-30 12:49:25,155 | INFO | [74/464] Scraping: https://www.nawy.com/compound/1114-central-avenue
2026-01-30 12:49:25,157 | INFO | 📄 Navigating to: https://www.nawy.com/compound/1114-central-avenue...
2026-01-30 12:49:34,030 | INFO |    ✅ Central Avenue
2026-01-30 12:49:34,186 | INFO | ➕ Inserted new compound: Central Avenue
2026-01-30 12:49:34,187 | INFO |    💾 Saved to MongoDB
2026-01-30 12:49:38,807 | INFO | [75/464] Scraping: https://www.nawy.com/compound/1116-avelin
2026-01-30 12:49:38,808 | INFO | 📄 Navigating to: https://www.nawy.com/compound/1116-avelin...
2026-01-30 12:49:48,749 | INFO |    ✅ Avelin
2026-01-30 12:49:48,904 | INFO | ➕ Inserted new compound: Avelin
2026-01-30 12:49:48,904 | INFO |    💾 Saved to MongoDB
2026-01-30 12:49:53,837 | INFO | [76/464] Scraping: https://www.nawy.com/compound/1117-alaire
2026-01-30 12:49:53,841 | INFO | 📄 Navigating to: https://www.nawy.com/compound/1117-alaire...
2026-01-30 12:50:23,978 | ERROR | ❌ Navigation error (attempt 1): Timeout 30000ms exceeded.
2026-01-30 12:50:23,980 | INFO | ⏳ Retrying in 3.5s...
2026-01-30 12:50:27,479 | INFO | 📄 Navigating to: https://www.nawy.com/compound/1117-alaire...
2026-01-30 12:50:57,607 | ERROR | ❌ Navigation error (attempt 2): Timeout 30000ms exceeded.
2026-01-30 12:50:57,608 | INFO | ⏳ Retrying in 4.8s...
2026-01-30 12:51:02,405 | INFO | 📄 Navigating to: https://www.nawy.com/compound/1117-alaire...
2026-01-30 12:51:32,531 | ERROR | ❌ Navigation error (attempt 3): Timeout 30000ms exceeded.
2026-01-30 12:51:32,533 | WARNING |    ❌ Failed to scrape
2026-01-30 12:51:37,648 | INFO | [77/464] Scraping: https://www.nawy.com/compound/1119-moray
2026-01-30 12:51:37,649 | INFO | 📄 Navigating to: https://www.nawy.com/compound/1119-moray...
2026-01-30 12:52:07,762 | ERROR | ❌ Navigation error (attempt 1): Timeout 30000ms exceeded.
2026-01-30 12:52:07,763 | INFO | ⏳ Retrying in 2.3s...
2026-01-30 12:52:10,115 | INFO | 📄 Navigating to: https://www.nawy.com/compound/1119-moray...
2026-01-30 12:52:40,242 | ERROR | ❌ Navigation error (attempt 2): Timeout 30000ms exceeded.
2026-01-30 12:52:40,242 | INFO | ⏳ Retrying in 5.0s...
2026-01-30 12:52:45,215 | INFO | 📄 Navigating to: https://www.nawy.com/compound/1119-moray...
2026-01-30 12:53:15,345 | ERROR | ❌ Navigation error (attempt 3): Timeout 30000ms exceeded.
2026-01-30 12:53:15,351 | WARNING |    ❌ Failed to scrape
2026-01-30 12:53:21,355 | INFO | [78/464] Scraping: https://www.nawy.com/compound/1120-madar-mall
2026-01-30 12:53:21,356 | INFO | 📄 Navigating to: https://www.nawy.com/compound/1120-madar-mall...
2026-01-30 12:53:51,478 | ERROR | ❌ Navigation error (attempt 1): Timeout 30000ms exceeded.
2026-01-30 12:53:51,479 | INFO | ⏳ Retrying in 2.1s...
2026-01-30 12:53:53,600 | INFO | 📄 Navigating to: https://www.nawy.com/compound/1120-madar-mall...
2026-01-30 12:54:23,729 | ERROR | ❌ Navigation error (attempt 2): Timeout 30000ms exceeded.
2026-01-30 12:54:23,730 | INFO | ⏳ Retrying in 3.5s...
2026-01-30 12:54:27,203 | INFO | 📄 Navigating to: https://www.nawy.com/compound/1120-madar-mall...
2026-01-30 12:54:35,690 | INFO |    ✅ Madar Mall
2026-01-30 12:54:35,841 | INFO | ➕ Inserted new compound: Madar Mall
2026-01-30 12:54:35,842 | INFO |    💾 Saved to MongoDB
2026-01-30 12:54:39,897 | INFO | [79/464] Scraping: https://www.nawy.com/compound/1121-ivory-plaza
2026-01-30 12:54:39,900 | INFO | 📄 Navigating to: https://www.nawy.com/compound/1121-ivory-plaza...
2026-01-30 12:55:02,083 | INFO |    ✅ Ivory Plaza
2026-01-30 12:55:02,232 | INFO | ➕ Inserted new compound: Ivory Plaza
2026-01-30 12:55:02,233 | INFO |    💾 Saved to MongoDB
2026-01-30 12:55:05,880 | INFO | [80/464] Scraping: https://www.nawy.com/compound/1122-elora
2026-01-30 12:55:05,880 | INFO | 📄 Navigating to: https://www.nawy.com/compound/1122-elora...
2026-01-30 12:55:27,292 | INFO |    ✅ Elora
2026-01-30 12:55:27,441 | INFO | ➕ Inserted new compound: Elora
2026-01-30 12:55:27,441 | INFO |    💾 Saved to MongoDB
2026-01-30 12:55:33,148 | INFO | [81/464] Scraping: https://www.nawy.com/compound/1123-ever-new-cairo
2026-01-30 12:55:33,151 | INFO | 📄 Navigating to: https://www.nawy.com/compound/1123-ever-new-cairo...
2026-01-30 12:56:03,289 | ERROR | ❌ Navigation error (attempt 1): Timeout 30000ms exceeded.
2026-01-30 12:56:03,291 | INFO | ⏳ Retrying in 3.3s...
2026-01-30 12:56:06,563 | INFO | 📄 Navigating to: https://www.nawy.com/compound/1123-ever-new-cairo...
2026-01-30 12:56:36,683 | ERROR | ❌ Navigation error (attempt 2): Timeout 30000ms exceeded.
2026-01-30 12:56:36,684 | INFO | ⏳ Retrying in 4.5s...
2026-01-30 12:56:41,143 | INFO | 📄 Navigating to: https://www.nawy.com/compound/1123-ever-new-cairo...
2026-01-30 12:57:11,275 | ERROR | ❌ Navigation error (attempt 3): Timeout 30000ms exceeded.
2026-01-30 12:57:11,275 | WARNING |    ❌ Failed to scrape
2026-01-30 12:57:14,550 | INFO | [82/464] Scraping: https://www.nawy.com/compound/1124-the-hills
2026-01-30 12:57:14,550 | INFO | 📄 Navigating to: https://www.nawy.com/compound/1124-the-hills...
2026-01-30 12:57:44,675 | ERROR | ❌ Navigation error (attempt 1): Timeout 30000ms exceeded.
2026-01-30 12:57:44,676 | INFO | ⏳ Retrying in 3.4s...
2026-01-30 12:57:48,086 | INFO | 📄 Navigating to: https://www.nawy.com/compound/1124-the-hills...
2026-01-30 12:57:55,095 | INFO |    ✅ The Hills
2026-01-30 12:57:55,245 | INFO | ➕ Inserted new compound: The Hills
2026-01-30 12:57:55,246 | INFO |    💾 Saved to MongoDB
2026-01-30 12:57:58,692 | INFO | [83/464] Scraping: https://www.nawy.com/compound/1125-the-willows
2026-01-30 12:57:58,693 | INFO | 📄 Navigating to: https://www.nawy.com/compound/1125-the-willows...
2026-01-30 12:58:07,592 | INFO |    ✅ The Willows
2026-01-30 12:58:07,738 | INFO | ➕ Inserted new compound: The Willows
2026-01-30 12:58:07,739 | INFO |    💾 Saved to MongoDB
2026-01-30 12:58:12,123 | INFO | [84/464] Scraping: https://www.nawy.com/compound/1126-the-terraces
2026-01-30 12:58:12,125 | INFO | 📄 Navigating to: https://www.nawy.com/compound/1126-the-terraces...
2026-01-30 12:58:22,996 | INFO |    ✅ The Terraces
2026-01-30 12:58:23,138 | INFO | ➕ Inserted new compound: The Terraces
2026-01-30 12:58:23,139 | INFO |    💾 Saved to MongoDB
2026-01-30 12:58:27,992 | INFO | [85/464] Scraping: https://www.nawy.com/compound/1128-serena-heights
2026-01-30 12:58:27,994 | INFO | 📄 Navigating to: https://www.nawy.com/compound/1128-serena-heights...
2026-01-30 12:58:58,127 | ERROR | ❌ Navigation error (attempt 1): Timeout 30000ms exceeded.
2026-01-30 12:58:58,128 | INFO | ⏳ Retrying in 3.2s...
2026-01-30 12:59:01,373 | INFO | 📄 Navigating to: https://www.nawy.com/compound/1128-serena-heights...
2026-01-30 12:59:31,498 | ERROR | ❌ Navigation error (attempt 2): Timeout 30000ms exceeded.
2026-01-30 12:59:31,499 | INFO | ⏳ Retrying in 4.3s...
2026-01-30 12:59:35,850 | INFO | 📄 Navigating to: https://www.nawy.com/compound/1128-serena-heights...
2026-01-30 13:00:05,977 | ERROR | ❌ Navigation error (attempt 3): Timeout 30000ms exceeded.
2026-01-30 13:00:05,978 | WARNING |    ❌ Failed to scrape
2026-01-30 13:00:11,223 | INFO | [86/464] Scraping: https://www.nawy.com/compound/1129-palm-beach-ain-sokhna
2026-01-30 13:00:11,223 | INFO | 📄 Navigating to: https://www.nawy.com/compound/1129-palm-beach-ain-sokhna...
2026-01-30 13:00:37,426 | INFO |    ✅ Palm Beach Ain Sokhna
2026-01-30 13:00:37,552 | INFO | ➕ Inserted new compound: Palm Beach Ain Sokhna
2026-01-30 13:00:37,552 | INFO |    💾 Saved to MongoDB
2026-01-30 13:00:42,126 | INFO | [87/464] Scraping: https://www.nawy.com/compound/1130-jazebeya
2026-01-30 13:00:42,126 | INFO | 📄 Navigating to: https://www.nawy.com/compound/1130-jazebeya...
2026-01-30 13:01:12,260 | ERROR | ❌ Navigation error (attempt 1): Timeout 30000ms exceeded.
2026-01-30 13:01:12,261 | INFO | ⏳ Retrying in 2.6s...
2026-01-30 13:01:14,835 | INFO | 📄 Navigating to: https://www.nawy.com/compound/1130-jazebeya...
2026-01-30 13:01:44,980 | ERROR | ❌ Navigation error (attempt 2): Timeout 30000ms exceeded.
2026-01-30 13:01:44,982 | INFO | ⏳ Retrying in 4.3s...
2026-01-30 13:01:49,320 | INFO | 📄 Navigating to: https://www.nawy.com/compound/1130-jazebeya...
2026-01-30 13:02:19,456 | ERROR | ❌ Navigation error (attempt 3): Timeout 30000ms exceeded.
2026-01-30 13:02:19,457 | WARNING |    ❌ Failed to scrape
2026-01-30 13:02:24,997 | INFO | [88/464] Scraping: https://www.nawy.com/compound/1131-porto-pyramids
2026-01-30 13:02:24,998 | INFO | 📄 Navigating to: https://www.nawy.com/compound/1131-porto-pyramids...
2026-01-30 13:02:32,056 | INFO |    ✅ Porto Pyramids
2026-01-30 13:02:32,179 | INFO | ➕ Inserted new compound: Porto Pyramids
2026-01-30 13:02:32,180 | INFO |    💾 Saved to MongoDB
2026-01-30 13:02:37,346 | INFO | [89/464] Scraping: https://www.nawy.com/compound/1132-nice-4
2026-01-30 13:02:37,348 | INFO | 📄 Navigating to: https://www.nawy.com/compound/1132-nice-4...
2026-01-30 13:02:59,700 | INFO |    ✅ Nice 4
2026-01-30 13:02:59,849 | INFO | ➕ Inserted new compound: Nice 4
2026-01-30 13:02:59,851 | INFO |    💾 Saved to MongoDB
2026-01-30 13:03:04,790 | INFO | [90/464] Scraping: https://www.nawy.com/compound/1133-n90
2026-01-30 13:03:04,791 | INFO | 📄 Navigating to: https://www.nawy.com/compound/1133-n90...
2026-01-30 13:03:34,934 | ERROR | ❌ Navigation error (attempt 1): Timeout 30000ms exceeded.
2026-01-30 13:03:34,936 | INFO | ⏳ Retrying in 3.2s...
2026-01-30 13:03:38,114 | INFO | 📄 Navigating to: https://www.nawy.com/compound/1133-n90...
2026-01-30 13:04:08,250 | ERROR | ❌ Navigation error (attempt 2): Timeout 30000ms exceeded.
2026-01-30 13:04:08,251 | INFO | ⏳ Retrying in 3.2s...
2026-01-30 13:04:11,502 | INFO | 📄 Navigating to: https://www.nawy.com/compound/1133-n90...
2026-01-30 13:04:41,631 | ERROR | ❌ Navigation error (attempt 3): Timeout 30000ms exceeded.
2026-01-30 13:04:41,632 | WARNING |    ❌ Failed to scrape
2026-01-30 13:04:45,225 | INFO | [91/464] Scraping: https://www.nawy.com/compound/1135-red
2026-01-30 13:04:45,226 | INFO | 📄 Navigating to: https://www.nawy.com/compound/1135-red...
2026-01-30 13:04:54,469 | INFO |    ✅ Red
2026-01-30 13:04:54,629 | INFO | ➕ Inserted new compound: Red
2026-01-30 13:04:54,630 | INFO |    💾 Saved to MongoDB
2026-01-30 13:05:00,363 | INFO | [92/464] Scraping: https://www.nawy.com/compound/1136-riviera-heights
2026-01-30 13:05:00,365 | INFO | 📄 Navigating to: https://www.nawy.com/compound/1136-riviera-heights...
2026-01-30 13:05:19,879 | INFO |    ✅ Riviera Heights
2026-01-30 13:05:20,072 | INFO | ➕ Inserted new compound: Riviera Heights
2026-01-30 13:05:20,072 | INFO |    💾 Saved to MongoDB
2026-01-30 13:05:25,327 | INFO | [93/464] Scraping: https://www.nawy.com/compound/1137-zahya
2026-01-30 13:05:25,328 | INFO | 📄 Navigating to: https://www.nawy.com/compound/1137-zahya...
2026-01-30 13:05:43,395 | INFO |    ✅ Zahya
2026-01-30 13:05:43,518 | INFO | ➕ Inserted new compound: Zahya
2026-01-30 13:05:43,519 | INFO |    💾 Saved to MongoDB
2026-01-30 13:05:48,475 | INFO | [94/464] Scraping: https://www.nawy.com/compound/1138-el-patio-vera
2026-01-30 13:05:48,477 | INFO | 📄 Navigating to: https://www.nawy.com/compound/1138-el-patio-vera...
2026-01-30 13:06:02,364 | INFO |    ✅ El Patio Vera
2026-01-30 13:06:02,511 | INFO | ➕ Inserted new compound: El Patio Vera
2026-01-30 13:06:02,511 | INFO |    💾 Saved to MongoDB
2026-01-30 13:06:06,088 | INFO | [95/464] Scraping: https://www.nawy.com/compound/1139-club-side-towers-zed-east
2026-01-30 13:06:06,165 | INFO | 📄 Navigating to: https://www.nawy.com/compound/1139-club-side-towers-zed-east...
2026-01-30 13:06:27,440 | INFO |    ✅ Club Side Towers - Zed East
2026-01-30 13:06:27,585 | INFO | ➕ Inserted new compound: Club Side Towers - Zed East
2026-01-30 13:06:27,587 | INFO |    💾 Saved to MongoDB
2026-01-30 13:06:32,289 | INFO | [96/464] Scraping: https://www.nawy.com/compound/1140-gems
2026-01-30 13:06:32,290 | INFO | 📄 Navigating to: https://www.nawy.com/compound/1140-gems...
2026-01-30 13:07:02,406 | ERROR | ❌ Navigation error (attempt 1): Timeout 30000ms exceeded.
2026-01-30 13:07:02,406 | INFO | ⏳ Retrying in 2.9s...
2026-01-30 13:07:05,263 | INFO | 📄 Navigating to: https://www.nawy.com/compound/1140-gems...
2026-01-30 13:07:35,408 | ERROR | ❌ Navigation error (attempt 2): Timeout 30000ms exceeded.
2026-01-30 13:07:35,410 | INFO | ⏳ Retrying in 4.4s...
2026-01-30 13:07:39,847 | INFO | 📄 Navigating to: https://www.nawy.com/compound/1140-gems...
2026-01-30 13:08:09,984 | ERROR | ❌ Navigation error (attempt 3): Timeout 30000ms exceeded.
2026-01-30 13:08:09,985 | WARNING |    ❌ Failed to scrape
2026-01-30 13:08:14,558 | INFO | [97/464] Scraping: https://www.nawy.com/compound/1141-e-tower
2026-01-30 13:08:14,560 | INFO | 📄 Navigating to: https://www.nawy.com/compound/1141-e-tower...
2026-01-30 13:08:44,681 | ERROR | ❌ Navigation error (attempt 1): Timeout 30000ms exceeded.
2026-01-30 13:08:44,683 | INFO | ⏳ Retrying in 4.0s...
2026-01-30 13:08:48,644 | INFO | 📄 Navigating to: https://www.nawy.com/compound/1141-e-tower...
2026-01-30 13:09:18,784 | ERROR | ❌ Navigation error (attempt 2): Timeout 30000ms exceeded.
2026-01-30 13:09:18,786 | INFO | ⏳ Retrying in 3.4s...
2026-01-30 13:09:22,156 | INFO | 📄 Navigating to: https://www.nawy.com/compound/1141-e-tower...
2026-01-30 13:09:48,108 | INFO |    ✅ E Tower
2026-01-30 13:09:48,257 | INFO | ➕ Inserted new compound: E Tower
2026-01-30 13:09:48,259 | INFO |    💾 Saved to MongoDB
2026-01-30 13:09:52,882 | INFO | [98/464] Scraping: https://www.nawy.com/compound/1142-wood-walks
2026-01-30 13:09:52,884 | INFO | 📄 Navigating to: https://www.nawy.com/compound/1142-wood-walks...
2026-01-30 13:10:00,384 | INFO |    ✅ Wood Walks
2026-01-30 13:10:00,530 | INFO | ➕ Inserted new compound: Wood Walks
2026-01-30 13:10:00,530 | INFO |    💾 Saved to MongoDB
2026-01-30 13:10:04,637 | INFO | [99/464] Scraping: https://www.nawy.com/compound/1143-w-signature
2026-01-30 13:10:04,640 | INFO | 📄 Navigating to: https://www.nawy.com/compound/1143-w-signature...
2026-01-30 13:10:34,761 | ERROR | ❌ Navigation error (attempt 1): Timeout 30000ms exceeded.
2026-01-30 13:10:34,763 | INFO | ⏳ Retrying in 3.2s...
2026-01-30 13:10:37,970 | INFO | 📄 Navigating to: https://www.nawy.com/compound/1143-w-signature...
2026-01-30 13:11:08,098 | ERROR | ❌ Navigation error (attempt 2): Timeout 30000ms exceeded.
2026-01-30 13:11:08,099 | INFO | ⏳ Retrying in 3.8s...
2026-01-30 13:11:11,931 | INFO | 📄 Navigating to: https://www.nawy.com/compound/1143-w-signature...
2026-01-30 13:11:42,057 | ERROR | ❌ Navigation error (attempt 3): Timeout 30000ms exceeded.
2026-01-30 13:11:42,057 | WARNING |    ❌ Failed to scrape
2026-01-30 13:11:46,099 | INFO | [100/464] Scraping: https://www.nawy.com/compound/1144-marriott-residences-heliopolis
2026-01-30 13:11:46,101 | INFO | 📄 Navigating to: https://www.nawy.com/compound/1144-marriott-residences-heliopolis...
2026-01-30 13:12:16,239 | ERROR | ❌ Navigation error (attempt 1): Timeout 30000ms exceeded.
2026-01-30 13:12:16,239 | INFO | ⏳ Retrying in 2.2s...
2026-01-30 13:12:18,488 | INFO | 📄 Navigating to: https://www.nawy.com/compound/1144-marriott-residences-heliopolis...
2026-01-30 13:12:48,615 | ERROR | ❌ Navigation error (attempt 2): Timeout 30000ms exceeded.
2026-01-30 13:12:48,616 | INFO | ⏳ Retrying in 3.3s...
2026-01-30 13:12:51,879 | INFO | 📄 Navigating to: https://www.nawy.com/compound/1144-marriott-residences-heliopolis...
2026-01-30 13:13:22,002 | ERROR | ❌ Navigation error (attempt 3): Timeout 30000ms exceeded.
2026-01-30 13:13:22,002 | WARNING |    ❌ Failed to scrape
2026-01-30 13:13:25,956 | INFO | [101/464] Scraping: https://www.nawy.com/compound/1145-town-walk
2026-01-30 13:13:25,956 | INFO | 📄 Navigating to: https://www.nawy.com/compound/1145-town-walk...
2026-01-30 13:13:56,188 | ERROR | ❌ Navigation error (attempt 1): Timeout 30000ms exceeded.
2026-01-30 13:13:56,201 | INFO | ⏳ Retrying in 3.3s...
2026-01-30 13:13:59,528 | INFO | 📄 Navigating to: https://www.nawy.com/compound/1145-town-walk...
2026-01-30 13:14:06,955 | INFO |    ✅ Town Walk
2026-01-30 13:14:07,035 | INFO | ➕ Inserted new compound: Town Walk
2026-01-30 13:14:07,035 | INFO |    💾 Saved to MongoDB
2026-01-30 13:14:11,008 | INFO | [102/464] Scraping: https://www.nawy.com/compound/1146-koronfel-heights
2026-01-30 13:14:11,008 | INFO | 📄 Navigating to: https://www.nawy.com/compound/1146-koronfel-heights...
2026-01-30 13:14:26,951 | INFO |    ✅ Koronfel Heights
2026-01-30 13:14:27,028 | INFO | ➕ Inserted new compound: Koronfel Heights
2026-01-30 13:14:27,029 | INFO |    💾 Saved to MongoDB
2026-01-30 13:14:31,618 | INFO | [103/464] Scraping: https://www.nawy.com/compound/1148-rock-eden
2026-01-30 13:14:31,620 | INFO | 📄 Navigating to: https://www.nawy.com/compound/1148-rock-eden...
2026-01-30 13:15:01,772 | ERROR | ❌ Navigation error (attempt 1): Timeout 30000ms exceeded.
2026-01-30 13:15:01,774 | INFO | ⏳ Retrying in 3.3s...
2026-01-30 13:15:05,106 | INFO | 📄 Navigating to: https://www.nawy.com/compound/1148-rock-eden...
2026-01-30 13:15:35,237 | ERROR | ❌ Navigation error (attempt 2): Timeout 30000ms exceeded.
2026-01-30 13:15:35,238 | INFO | ⏳ Retrying in 4.6s...
2026-01-30 13:15:39,840 | INFO | 📄 Navigating to: https://www.nawy.com/compound/1148-rock-eden...
2026-01-30 13:16:09,977 | ERROR | ❌ Navigation error (attempt 3): Timeout 30000ms exceeded.
2026-01-30 13:16:09,977 | WARNING |    ❌ Failed to scrape
2026-01-30 13:16:15,529 | INFO | [104/464] Scraping: https://www.nawy.com/compound/1149-rock-gold
2026-01-30 13:16:15,531 | INFO | 📄 Navigating to: https://www.nawy.com/compound/1149-rock-gold...
2026-01-30 13:16:45,671 | ERROR | ❌ Navigation error (attempt 1): Timeout 30000ms exceeded.
2026-01-30 13:16:45,672 | INFO | ⏳ Retrying in 2.8s...
2026-01-30 13:16:48,494 | INFO | 📄 Navigating to: https://www.nawy.com/compound/1149-rock-gold...
2026-01-30 13:17:18,634 | ERROR | ❌ Navigation error (attempt 2): Timeout 30000ms exceeded.
2026-01-30 13:17:18,635 | INFO | ⏳ Retrying in 4.9s...
2026-01-30 13:17:23,549 | INFO | 📄 Navigating to: https://www.nawy.com/compound/1149-rock-gold...
2026-01-30 13:17:30,539 | INFO |    ✅ Rock Gold
2026-01-30 13:17:30,622 | INFO | ➕ Inserted new compound: Rock Gold
2026-01-30 13:17:30,622 | INFO |    💾 Saved to MongoDB
2026-01-30 13:17:34,736 | INFO | [105/464] Scraping: https://www.nawy.com/compound/1150-rock-capital
2026-01-30 13:17:34,738 | INFO | 📄 Navigating to: https://www.nawy.com/compound/1150-rock-capital...
2026-01-30 13:17:58,005 | INFO |    ✅ Rock Capital
2026-01-30 13:17:58,085 | INFO | ➕ Inserted new compound: Rock Capital
2026-01-30 13:17:58,086 | INFO |    💾 Saved to MongoDB
2026-01-30 13:18:01,607 | INFO | [106/464] Scraping: https://www.nawy.com/compound/1151-elsherouk
2026-01-30 13:18:01,609 | INFO | 📄 Navigating to: https://www.nawy.com/compound/1151-elsherouk...
2026-01-30 13:18:31,740 | ERROR | ❌ Navigation error (attempt 1): Timeout 30000ms exceeded.
2026-01-30 13:18:31,742 | INFO | ⏳ Retrying in 2.5s...
2026-01-30 13:18:34,300 | INFO | 📄 Navigating to: https://www.nawy.com/compound/1151-elsherouk...
2026-01-30 13:19:04,430 | ERROR | ❌ Navigation error (attempt 2): Timeout 30000ms exceeded.
2026-01-30 13:19:04,431 | INFO | ⏳ Retrying in 4.5s...
2026-01-30 13:19:08,943 | INFO | 📄 Navigating to: https://www.nawy.com/compound/1151-elsherouk...
2026-01-30 13:19:39,064 | ERROR | ❌ Navigation error (attempt 3): Timeout 30000ms exceeded.
2026-01-30 13:19:39,066 | WARNING |    ❌ Failed to scrape
2026-01-30 13:19:42,857 | INFO | [107/464] Scraping: https://www.nawy.com/compound/1152-sq1
2026-01-30 13:19:42,859 | INFO | 📄 Navigating to: https://www.nawy.com/compound/1152-sq1...
2026-01-30 13:20:13,020 | ERROR | ❌ Navigation error (attempt 1): Timeout 30000ms exceeded.
2026-01-30 13:20:13,022 | INFO | ⏳ Retrying in 3.4s...
2026-01-30 13:20:16,483 | INFO | 📄 Navigating to: https://www.nawy.com/compound/1152-sq1...
2026-01-30 13:20:46,609 | ERROR | ❌ Navigation error (attempt 2): Timeout 30000ms exceeded.
2026-01-30 13:20:46,610 | INFO | ⏳ Retrying in 4.5s...
2026-01-30 13:20:51,110 | INFO | 📄 Navigating to: https://www.nawy.com/compound/1152-sq1...
2026-01-30 13:20:58,332 | INFO |    ✅ SQ1
2026-01-30 13:20:58,419 | INFO | ➕ Inserted new compound: SQ1
2026-01-30 13:20:58,419 | INFO |    💾 Saved to MongoDB
2026-01-30 13:21:01,767 | INFO | [108/464] Scraping: https://www.nawy.com/compound/1153-icon-garden
2026-01-30 13:21:01,769 | INFO | 📄 Navigating to: https://www.nawy.com/compound/1153-icon-garden...
2026-01-30 13:21:25,778 | INFO |    ✅ Icon Garden
2026-01-30 13:21:25,857 | INFO | ➕ Inserted new compound: Icon Garden
2026-01-30 13:21:25,858 | INFO |    💾 Saved to MongoDB
2026-01-30 13:21:29,474 | INFO | [109/464] Scraping: https://www.nawy.com/compound/1154-px
2026-01-30 13:21:29,475 | INFO | 📄 Navigating to: https://www.nawy.com/compound/1154-px...
2026-01-30 13:21:59,600 | ERROR | ❌ Navigation error (attempt 1): Timeout 30000ms exceeded.
2026-01-30 13:21:59,604 | INFO | ⏳ Retrying in 3.3s...
2026-01-30 13:22:02,935 | INFO | 📄 Navigating to: https://www.nawy.com/compound/1154-px...
2026-01-30 13:22:33,069 | ERROR | ❌ Navigation error (attempt 2): Timeout 30000ms exceeded.
2026-01-30 13:22:33,071 | INFO | ⏳ Retrying in 4.2s...
2026-01-30 13:22:37,297 | INFO | 📄 Navigating to: https://www.nawy.com/compound/1154-px...
2026-01-30 13:23:07,419 | ERROR | ❌ Navigation error (attempt 3): Timeout 30000ms exceeded.
2026-01-30 13:23:07,420 | WARNING |    ❌ Failed to scrape
2026-01-30 13:23:12,021 | INFO | [110/464] Scraping: https://www.nawy.com/compound/1155-at-east
2026-01-30 13:23:12,022 | INFO | 📄 Navigating to: https://www.nawy.com/compound/1155-at-east...
2026-01-30 13:23:28,399 | INFO |    ✅ At East
2026-01-30 13:23:28,484 | INFO | ➕ Inserted new compound: At East
2026-01-30 13:23:28,485 | INFO |    💾 Saved to MongoDB
2026-01-30 13:23:32,778 | INFO | [111/464] Scraping: https://www.nawy.com/compound/1156-gaia-cabanas
2026-01-30 13:23:32,778 | INFO | 📄 Navigating to: https://www.nawy.com/compound/1156-gaia-cabanas...
2026-01-30 13:23:50,863 | INFO |    ✅ Gaia Cabanas
2026-01-30 13:23:50,942 | INFO | ➕ Inserted new compound: Gaia Cabanas
2026-01-30 13:23:50,943 | INFO |    💾 Saved to MongoDB
2026-01-30 13:23:54,450 | INFO | [112/464] Scraping: https://www.nawy.com/compound/1158-stella-di-mare-2
2026-01-30 13:23:54,451 | INFO | 📄 Navigating to: https://www.nawy.com/compound/1158-stella-di-mare-2...
2026-01-30 13:24:05,027 | INFO |    ✅ Stella di mare 2
2026-01-30 13:24:05,115 | INFO | ➕ Inserted new compound: Stella di mare 2
2026-01-30 13:24:05,115 | INFO |    💾 Saved to MongoDB
2026-01-30 13:24:11,126 | INFO | [113/464] Scraping: https://www.nawy.com/compound/1160-mayadin-r5
2026-01-30 13:24:11,126 | INFO | 📄 Navigating to: https://www.nawy.com/compound/1160-mayadin-r5...
2026-01-30 13:24:25,611 | INFO |    ✅ Mayadin R5
2026-01-30 13:24:25,696 | INFO | ➕ Inserted new compound: Mayadin R5
2026-01-30 13:24:25,697 | INFO |    💾 Saved to MongoDB
2026-01-30 13:24:29,025 | INFO | [114/464] Scraping: https://www.nawy.com/compound/1161-summer
2026-01-30 13:24:29,025 | INFO | 📄 Navigating to: https://www.nawy.com/compound/1161-summer...
2026-01-30 13:24:54,292 | INFO |    ✅ Summer
2026-01-30 13:24:54,372 | INFO | ➕ Inserted new compound: Summer
2026-01-30 13:24:54,372 | INFO |    💾 Saved to MongoDB
2026-01-30 13:24:59,220 | INFO | [115/464] Scraping: https://www.nawy.com/compound/1163-villar
2026-01-30 13:24:59,220 | INFO | 📄 Navigating to: https://www.nawy.com/compound/1163-villar...
2026-01-30 13:25:25,557 | INFO |    ✅ Villar
2026-01-30 13:25:25,632 | INFO | ➕ Inserted new compound: Villar
2026-01-30 13:25:25,632 | INFO |    💾 Saved to MongoDB
2026-01-30 13:25:30,206 | INFO | [116/464] Scraping: https://www.nawy.com/compound/1164-saada-commercial-hub
2026-01-30 13:25:30,206 | INFO | 📄 Navigating to: https://www.nawy.com/compound/1164-saada-commercial-hub...
2026-01-30 13:25:43,146 | INFO |    ✅ Saada Commercial Hub
2026-01-30 13:25:43,233 | INFO | ➕ Inserted new compound: Saada Commercial Hub
2026-01-30 13:25:43,234 | INFO |    💾 Saved to MongoDB
2026-01-30 13:25:47,841 | INFO | [117/464] Scraping: https://www.nawy.com/compound/1165-mountain-view-katameya-residence
2026-01-30 13:25:47,843 | INFO | 📄 Navigating to: https://www.nawy.com/compound/1165-mountain-view-katameya-residence...
2026-01-30 13:26:04,569 | INFO |    ✅ Mountain View Executive Residence Katameya
2026-01-30 13:26:04,623 | INFO | 🔄 Updated compound: Mountain View Executive Residence Katameya
2026-01-30 13:26:04,624 | INFO |    💾 Saved to MongoDB
2026-01-30 13:26:07,729 | INFO | [118/464] Scraping: https://www.nawy.com/compound/1166-le-reve
2026-01-30 13:26:07,730 | INFO | 📄 Navigating to: https://www.nawy.com/compound/1166-le-reve...
2026-01-30 13:26:33,727 | INFO |    ✅ Le Reve
2026-01-30 13:26:33,783 | INFO | ➕ Inserted new compound: Le Reve
2026-01-30 13:26:33,783 | INFO |    💾 Saved to MongoDB
2026-01-30 13:26:37,579 | INFO | [119/464] Scraping: https://www.nawy.com/compound/1168-the-lane
2026-01-30 13:26:37,582 | INFO | 📄 Navigating to: https://www.nawy.com/compound/1168-the-lane...
2026-01-30 13:26:51,392 | INFO |    ✅ The lane
2026-01-30 13:26:51,447 | INFO | ➕ Inserted new compound: The lane
2026-01-30 13:26:51,447 | INFO |    💾 Saved to MongoDB
2026-01-30 13:26:56,509 | INFO | [120/464] Scraping: https://www.nawy.com/compound/1175-degla-gardens
2026-01-30 13:26:56,511 | INFO | 📄 Navigating to: https://www.nawy.com/compound/1175-degla-gardens...
2026-01-30 13:27:19,565 | INFO |    ✅ Degla Gardens
2026-01-30 13:27:19,622 | INFO | ➕ Inserted new compound: Degla Gardens
2026-01-30 13:27:19,622 | INFO |    💾 Saved to MongoDB
2026-01-30 13:27:25,199 | INFO | [121/464] Scraping: https://www.nawy.com/compound/1184-estates-residence-nobu
2026-01-30 13:27:25,199 | INFO | 📄 Navigating to: https://www.nawy.com/compound/1184-estates-residence-nobu...
2026-01-30 13:27:47,495 | INFO |    ✅ Estates Residence - Nobu
2026-01-30 13:27:47,576 | INFO | ➕ Inserted new compound: Estates Residence - Nobu
2026-01-30 13:27:47,576 | INFO |    💾 Saved to MongoDB
2026-01-30 13:27:53,094 | INFO | [122/464] Scraping: https://www.nawy.com/compound/1185-sheraton-residence
2026-01-30 13:27:53,097 | INFO | 📄 Navigating to: https://www.nawy.com/compound/1185-sheraton-residence...
2026-01-30 13:28:23,234 | ERROR | ❌ Navigation error (attempt 1): Timeout 30000ms exceeded.
2026-01-30 13:28:23,235 | INFO | ⏳ Retrying in 3.5s...
2026-01-30 13:28:26,699 | INFO | 📄 Navigating to: https://www.nawy.com/compound/1185-sheraton-residence...
2026-01-30 13:28:56,820 | ERROR | ❌ Navigation error (attempt 2): Timeout 30000ms exceeded.
2026-01-30 13:28:56,821 | INFO | ⏳ Retrying in 3.7s...
2026-01-30 13:29:00,576 | INFO | 📄 Navigating to: https://www.nawy.com/compound/1185-sheraton-residence...
2026-01-30 13:29:30,707 | ERROR | ❌ Navigation error (attempt 3): Timeout 30000ms exceeded.
2026-01-30 13:29:30,707 | WARNING |    ❌ Failed to scrape
2026-01-30 13:29:34,174 | INFO | [123/464] Scraping: https://www.nawy.com/compound/1186-el-gouna-south-marina
2026-01-30 13:29:34,174 | INFO | 📄 Navigating to: https://www.nawy.com/compound/1186-el-gouna-south-marina...
2026-01-30 13:30:04,288 | ERROR | ❌ Navigation error (attempt 1): Timeout 30000ms exceeded.
2026-01-30 13:30:04,288 | INFO | ⏳ Retrying in 2.6s...
2026-01-30 13:30:06,865 | INFO | 📄 Navigating to: https://www.nawy.com/compound/1186-el-gouna-south-marina...
2026-01-30 13:30:37,008 | ERROR | ❌ Navigation error (attempt 2): Timeout 30000ms exceeded.
2026-01-30 13:30:37,009 | INFO | ⏳ Retrying in 4.8s...
2026-01-30 13:30:41,788 | INFO | 📄 Navigating to: https://www.nawy.com/compound/1186-el-gouna-south-marina...
2026-01-30 13:31:11,919 | ERROR | ❌ Navigation error (attempt 3): Timeout 30000ms exceeded.
2026-01-30 13:31:11,920 | WARNING |    ❌ Failed to scrape
2026-01-30 13:31:17,675 | INFO | [124/464] Scraping: https://www.nawy.com/compound/1187-five-fifty-five-business-complex
2026-01-30 13:31:17,675 | INFO | 📄 Navigating to: https://www.nawy.com/compound/1187-five-fifty-five-business-complex...
2026-01-30 13:31:25,916 | INFO |    ✅ Five Fifty Five Business Complex
2026-01-30 13:31:26,000 | INFO | ➕ Inserted new compound: Five Fifty Five Business Complex
2026-01-30 13:31:26,001 | INFO |    💾 Saved to MongoDB
2026-01-30 13:31:31,307 | INFO | [125/464] Scraping: https://www.nawy.com/compound/1193-eastmed
2026-01-30 13:31:31,307 | INFO | 📄 Navigating to: https://www.nawy.com/compound/1193-eastmed...
2026-01-30 13:31:52,568 | INFO |    ✅ Eastmed
2026-01-30 13:31:52,642 | INFO | ➕ Inserted new compound: Eastmed
2026-01-30 13:31:52,643 | INFO |    💾 Saved to MongoDB
2026-01-30 13:31:56,186 | INFO | [126/464] Scraping: https://www.nawy.com/compound/1194-palma
2026-01-30 13:31:56,190 | INFO | 📄 Navigating to: https://www.nawy.com/compound/1194-palma...
2026-01-30 13:32:26,334 | ERROR | ❌ Navigation error (attempt 1): Timeout 30000ms exceeded.
2026-01-30 13:32:26,335 | INFO | ⏳ Retrying in 2.4s...
2026-01-30 13:32:28,747 | INFO | 📄 Navigating to: https://www.nawy.com/compound/1194-palma...
2026-01-30 13:32:58,886 | ERROR | ❌ Navigation error (attempt 2): Timeout 30000ms exceeded.
2026-01-30 13:32:58,888 | INFO | ⏳ Retrying in 3.1s...
2026-01-30 13:33:01,970 | INFO | 📄 Navigating to: https://www.nawy.com/compound/1194-palma...
2026-01-30 13:33:32,100 | ERROR | ❌ Navigation error (attempt 3): Timeout 30000ms exceeded.
2026-01-30 13:33:32,103 | WARNING |    ❌ Failed to scrape
2026-01-30 13:33:35,950 | INFO | [127/464] Scraping: https://www.nawy.com/compound/1195-icon-residence
2026-01-30 13:33:35,950 | INFO | 📄 Navigating to: https://www.nawy.com/compound/1195-icon-residence...
2026-01-30 13:34:06,070 | ERROR | ❌ Navigation error (attempt 1): Timeout 30000ms exceeded.
2026-01-30 13:34:06,071 | INFO | ⏳ Retrying in 2.6s...
2026-01-30 13:34:08,629 | INFO | 📄 Navigating to: https://www.nawy.com/compound/1195-icon-residence...
2026-01-30 13:34:38,755 | ERROR | ❌ Navigation error (attempt 2): Timeout 30000ms exceeded.
2026-01-30 13:34:38,757 | INFO | ⏳ Retrying in 4.0s...
2026-01-30 13:34:42,798 | INFO | 📄 Navigating to: https://www.nawy.com/compound/1195-icon-residence...
2026-01-30 13:34:49,588 | INFO |    ✅ Icon Residence
2026-01-30 13:34:49,670 | INFO | ➕ Inserted new compound: Icon Residence
2026-01-30 13:34:49,670 | INFO |    💾 Saved to MongoDB
2026-01-30 13:34:52,731 | INFO | [128/464] Scraping: https://www.nawy.com/compound/1196-acasia
2026-01-30 13:34:52,732 | INFO | 📄 Navigating to: https://www.nawy.com/compound/1196-acasia...
2026-01-30 13:35:17,348 | INFO |    ✅ Acasia
2026-01-30 13:35:17,426 | INFO | ➕ Inserted new compound: Acasia
2026-01-30 13:35:17,427 | INFO |    💾 Saved to MongoDB
2026-01-30 13:35:20,516 | INFO | [129/464] Scraping: https://www.nawy.com/compound/1197-playa-ghazala
2026-01-30 13:35:20,517 | INFO | 📄 Navigating to: https://www.nawy.com/compound/1197-playa-ghazala...
2026-01-30 13:35:28,248 | INFO |    ✅ Playa Ghazala
2026-01-30 13:35:28,328 | INFO | ➕ Inserted new compound: Playa Ghazala
2026-01-30 13:35:28,329 | INFO |    💾 Saved to MongoDB
2026-01-30 13:35:33,004 | INFO | [130/464] Scraping: https://www.nawy.com/compound/1198-southmed
2026-01-30 13:35:33,004 | INFO | 📄 Navigating to: https://www.nawy.com/compound/1198-southmed...
2026-01-30 13:35:46,747 | INFO |    ✅ Southmed
2026-01-30 13:35:46,828 | INFO | ➕ Inserted new compound: Southmed
2026-01-30 13:35:46,828 | INFO |    💾 Saved to MongoDB
2026-01-30 13:35:51,303 | INFO | [131/464] Scraping: https://www.nawy.com/compound/1200-hacienda-heneish
2026-01-30 13:35:51,304 | INFO | 📄 Navigating to: https://www.nawy.com/compound/1200-hacienda-heneish...
2026-01-30 13:36:15,447 | INFO |    ✅ Hacienda Heneish
2026-01-30 13:36:15,528 | INFO | ➕ Inserted new compound: Hacienda Heneish
2026-01-30 13:36:15,529 | INFO |    💾 Saved to MongoDB
2026-01-30 13:36:20,042 | INFO | [132/464] Scraping: https://www.nawy.com/compound/1201-lagoona-la-vista-ras-el-hekma
2026-01-30 13:36:20,044 | INFO | 📄 Navigating to: https://www.nawy.com/compound/1201-lagoona-la-vista-ras-el-hekma...
2026-01-30 13:36:50,170 | ERROR | ❌ Navigation error (attempt 1): Timeout 30000ms exceeded.
2026-01-30 13:36:50,171 | INFO | ⏳ Retrying in 3.5s...
2026-01-30 13:36:53,631 | INFO | 📄 Navigating to: https://www.nawy.com/compound/1201-lagoona-la-vista-ras-el-hekma...
2026-01-30 13:37:01,399 | INFO |    ✅ Lagoona - La Vista Ras El Hekma
2026-01-30 13:37:01,480 | INFO | ➕ Inserted new compound: Lagoona - La Vista Ras El Hekma
2026-01-30 13:37:01,480 | INFO |    💾 Saved to MongoDB
2026-01-30 13:37:06,552 | INFO | [133/464] Scraping: https://www.nawy.com/compound/1202-aden
2026-01-30 13:37:06,568 | INFO | 📄 Navigating to: https://www.nawy.com/compound/1202-aden...
2026-01-30 13:37:18,868 | INFO |    ✅ Aden
2026-01-30 13:37:19,129 | INFO | ➕ Inserted new compound: Aden
2026-01-30 13:37:19,129 | INFO |    💾 Saved to MongoDB
2026-01-30 13:37:22,643 | INFO | [134/464] Scraping: https://www.nawy.com/compound/1203-dua
2026-01-30 13:37:22,646 | INFO | 📄 Navigating to: https://www.nawy.com/compound/1203-dua...
2026-01-30 13:37:31,637 | INFO |    ✅ DUA
2026-01-30 13:37:31,715 | INFO | ➕ Inserted new compound: DUA
2026-01-30 13:37:31,715 | INFO |    💾 Saved to MongoDB
2026-01-30 13:37:35,272 | INFO | [135/464] Scraping: https://www.nawy.com/compound/1206-financial-hub
2026-01-30 13:37:35,272 | INFO | 📄 Navigating to: https://www.nawy.com/compound/1206-financial-hub...
2026-01-30 13:37:56,797 | INFO |    ✅ Financial Hub
2026-01-30 13:37:56,877 | INFO | ➕ Inserted new compound: Financial Hub
2026-01-30 13:37:56,877 | INFO |    💾 Saved to MongoDB
2026-01-30 13:38:02,606 | INFO | [136/464] Scraping: https://www.nawy.com/compound/1209-kazan-plaza
2026-01-30 13:38:02,607 | INFO | 📄 Navigating to: https://www.nawy.com/compound/1209-kazan-plaza...
2026-01-30 13:38:32,737 | ERROR | ❌ Navigation error (attempt 1): Timeout 30000ms exceeded.
2026-01-30 13:38:32,738 | INFO | ⏳ Retrying in 3.0s...
2026-01-30 13:38:35,803 | INFO | 📄 Navigating to: https://www.nawy.com/compound/1209-kazan-plaza...
2026-01-30 13:39:05,941 | ERROR | ❌ Navigation error (attempt 2): Timeout 30000ms exceeded.
2026-01-30 13:39:05,941 | INFO | ⏳ Retrying in 3.7s...
2026-01-30 13:39:09,635 | INFO | 📄 Navigating to: https://www.nawy.com/compound/1209-kazan-plaza...
2026-01-30 13:39:39,760 | ERROR | ❌ Navigation error (attempt 3): Timeout 30000ms exceeded.
2026-01-30 13:39:39,761 | WARNING |    ❌ Failed to scrape
2026-01-30 13:39:44,753 | INFO | [137/464] Scraping: https://www.nawy.com/compound/1210-belva
2026-01-30 13:39:44,753 | INFO | 📄 Navigating to: https://www.nawy.com/compound/1210-belva...
2026-01-30 13:40:14,886 | ERROR | ❌ Navigation error (attempt 1): Timeout 30000ms exceeded.
2026-01-30 13:40:14,887 | INFO | ⏳ Retrying in 2.1s...
2026-01-30 13:40:16,957 | INFO | 📄 Navigating to: https://www.nawy.com/compound/1210-belva...
2026-01-30 13:40:47,076 | ERROR | ❌ Navigation error (attempt 2): Timeout 30000ms exceeded.
2026-01-30 13:40:47,077 | INFO | ⏳ Retrying in 3.6s...
2026-01-30 13:40:50,664 | INFO | 📄 Navigating to: https://www.nawy.com/compound/1210-belva...
2026-01-30 13:41:20,804 | ERROR | ❌ Navigation error (attempt 3): Timeout 30000ms exceeded.
2026-01-30 13:41:20,805 | WARNING |    ❌ Failed to scrape
2026-01-30 13:41:24,573 | INFO | [138/464] Scraping: https://www.nawy.com/compound/1211-3-sides-mall
2026-01-30 13:41:24,581 | INFO | 📄 Navigating to: https://www.nawy.com/compound/1211-3-sides-mall...
2026-01-30 13:41:54,711 | ERROR | ❌ Navigation error (attempt 1): Timeout 30000ms exceeded.
2026-01-30 13:41:54,712 | INFO | ⏳ Retrying in 2.2s...
2026-01-30 13:41:56,910 | INFO | 📄 Navigating to: https://www.nawy.com/compound/1211-3-sides-mall...
2026-01-30 13:42:05,277 | INFO |    ✅ 3 Sides Mall
2026-01-30 13:42:05,418 | INFO | ➕ Inserted new compound: 3 Sides Mall
2026-01-30 13:42:05,420 | INFO |    💾 Saved to MongoDB
2026-01-30 13:42:11,353 | INFO | [139/464] Scraping: https://www.nawy.com/compound/1214-the-gray
2026-01-30 13:42:11,353 | INFO | 📄 Navigating to: https://www.nawy.com/compound/1214-the-gray...
2026-01-30 13:42:20,583 | INFO |    ✅ The Gray
2026-01-30 13:42:20,664 | INFO | ➕ Inserted new compound: The Gray
2026-01-30 13:42:20,665 | INFO |    💾 Saved to MongoDB
2026-01-30 13:42:26,092 | INFO | [140/464] Scraping: https://www.nawy.com/compound/1215-crowne-residence
2026-01-30 13:42:26,092 | INFO | 📄 Navigating to: https://www.nawy.com/compound/1215-crowne-residence...
2026-01-30 13:42:35,382 | INFO |    ✅ Crowne Residence
2026-01-30 13:42:35,460 | INFO | ➕ Inserted new compound: Crowne Residence
2026-01-30 13:42:35,460 | INFO |    💾 Saved to MongoDB
2026-01-30 13:42:40,783 | INFO | [141/464] Scraping: https://www.nawy.com/compound/1216-alma-new-alamein
2026-01-30 13:42:40,784 | INFO | 📄 Navigating to: https://www.nawy.com/compound/1216-alma-new-alamein...
2026-01-30 13:42:50,455 | INFO |    ✅ Alma New Alamein
2026-01-30 13:42:50,535 | INFO | ➕ Inserted new compound: Alma New Alamein
2026-01-30 13:42:50,536 | INFO |    💾 Saved to MongoDB
2026-01-30 13:42:56,427 | INFO | [142/464] Scraping: https://www.nawy.com/compound/1217-5-business-hub-mall
2026-01-30 13:42:56,430 | INFO | 📄 Navigating to: https://www.nawy.com/compound/1217-5-business-hub-mall...
2026-01-30 13:43:26,574 | ERROR | ❌ Navigation error (attempt 1): Timeout 30000ms exceeded.
2026-01-30 13:43:26,575 | INFO | ⏳ Retrying in 2.6s...
2026-01-30 13:43:29,210 | INFO | 📄 Navigating to: https://www.nawy.com/compound/1217-5-business-hub-mall...
2026-01-30 13:43:59,333 | ERROR | ❌ Navigation error (attempt 2): Timeout 30000ms exceeded.
2026-01-30 13:43:59,333 | INFO | ⏳ Retrying in 4.1s...
2026-01-30 13:44:03,414 | INFO | 📄 Navigating to: https://www.nawy.com/compound/1217-5-business-hub-mall...
2026-01-30 13:44:33,531 | ERROR | ❌ Navigation error (attempt 3): Timeout 30000ms exceeded.
2026-01-30 13:44:33,532 | WARNING |    ❌ Failed to scrape
2026-01-30 13:44:36,967 | INFO | [143/464] Scraping: https://www.nawy.com/compound/1218-the-big-business-district
2026-01-30 13:44:36,968 | INFO | 📄 Navigating to: https://www.nawy.com/compound/1218-the-big-business-district...
2026-01-30 13:45:07,090 | ERROR | ❌ Navigation error (attempt 1): Timeout 30000ms exceeded.
2026-01-30 13:45:07,092 | INFO | ⏳ Retrying in 2.5s...
2026-01-30 13:45:09,608 | INFO | 📄 Navigating to: https://www.nawy.com/compound/1218-the-big-business-district...
2026-01-30 13:45:39,747 | ERROR | ❌ Navigation error (attempt 2): Timeout 30000ms exceeded.
2026-01-30 13:45:39,749 | INFO | ⏳ Retrying in 4.9s...
2026-01-30 13:45:44,649 | INFO | 📄 Navigating to: https://www.nawy.com/compound/1218-the-big-business-district...
2026-01-30 13:46:14,809 | ERROR | ❌ Navigation error (attempt 3): Timeout 30000ms exceeded.
2026-01-30 13:46:14,812 | WARNING |    ❌ Failed to scrape
2026-01-30 13:46:18,001 | INFO | [144/464] Scraping: https://www.nawy.com/compound/1219-nurai
2026-01-30 13:46:18,002 | INFO | 📄 Navigating to: https://www.nawy.com/compound/1219-nurai...
2026-01-30 13:46:48,121 | ERROR | ❌ Navigation error (attempt 1): Timeout 30000ms exceeded.
2026-01-30 13:46:48,122 | INFO | ⏳ Retrying in 2.6s...
2026-01-30 13:46:50,723 | INFO | 📄 Navigating to: https://www.nawy.com/compound/1219-nurai...
2026-01-30 13:47:06,737 | ERROR | Error
Traceback (most recent call last):
  File "E:\StudioProjects\SemsAi\nawy-scraper\scrape_smart.py", line 135, in scrape_missing_from_mongodb
    compound_data = await scraper._scrape_compound_detail(url)
                    ^^^^^^^^^^^^^^^^^^^^^^^^^^^^^^^^^^^^^^^^^^
  File "E:\StudioProjects\SemsAi\nawy-scraper\scrapers\compound_scraper.py", line 300, in _scrape_compound_detail
    if not await self.safe_goto(url):
           ^^^^^^^^^^^^^^^^^^^^^^^^^
  File "E:\StudioProjects\SemsAi\nawy-scraper\scrapers\base_scraper.py", line 148, in safe_goto
    response = await self.page.goto(
               ^^^^^^^^^^^^^^^^^^^^^
  File "C:\Users\Youssef\AppData\Roaming\Python\Python312\site-packages\playwright\async_api\_generated.py", line 9260, in goto
    await self._impl_obj.goto(
  File "C:\Users\Youssef\AppData\Roaming\Python\Python312\site-packages\playwright\_impl\_page.py", line 475, in goto
    return await self._main_frame.goto(**locals_to_params(locals()))
           ^^^^^^^^^^^^^^^^^^^^^^^^^^^^^^^^^^^^^^^^^^^^^^^^^^^^^^^^^
  File "C:\Users\Youssef\AppData\Roaming\Python\Python312\site-packages\playwright\_impl\_frame.py", line 139, in goto
    await self._channel.send("goto", locals_to_params(locals()))
  File "C:\Users\Youssef\AppData\Roaming\Python\Python312\site-packages\playwright\_impl\_connection.py", line 62, in send
    return await self._connection.wrap_api_call(
           ^^^^^^^^^^^^^^^^^^^^^^^^^^^^^^^^^^^^^
  File "C:\Users\Youssef\AppData\Roaming\Python\Python312\site-packages\playwright\_impl\_connection.py", line 492, in wrap_api_call
    return await cb()
           ^^^^^^^^^^
  File "C:\Users\Youssef\AppData\Roaming\Python\Python312\site-packages\playwright\_impl\_connection.py", line 91, in inner_send
    done, _ = await asyncio.wait(
              ^^^^^^^^^^^^^^^^^^^
  File "C:\Program Files\Python312\Lib\asyncio\tasks.py", line 464, in wait
    return await _wait(fs, timeout, return_when, loop)
           ^^^^^^^^^^^^^^^^^^^^^^^^^^^^^^^^^^^^^^^^^^^
  File "C:\Program Files\Python312\Lib\asyncio\tasks.py", line 550, in _wait
    await waiter
asyncio.exceptions.CancelledError

During handling of the above exception, another exception occurred:

Traceback (most recent call last):
  File "E:\StudioProjects\SemsAi\nawy-scraper\scrape_smart.py", line 197, in main
    compounds = asyncio.run(scrape_missing_from_mongodb())
                ^^^^^^^^^^^^^^^^^^^^^^^^^^^^^^^^^^^^^^^^^^
  File "C:\Program Files\Python312\Lib\asyncio\runners.py", line 194, in run
    return runner.run(main)
           ^^^^^^^^^^^^^^^^
  File "C:\Program Files\Python312\Lib\asyncio\runners.py", line 118, in run
    return self._loop.run_until_complete(task)
           ^^^^^^^^^^^^^^^^^^^^^^^^^^^^^^^^^^^
  File "C:\Program Files\Python312\Lib\asyncio\base_events.py", line 687, in run_until_complete
    return future.result()
           ^^^^^^^^^^^^^^^
  File "E:\StudioProjects\SemsAi\nawy-scraper\scrape_smart.py", line 175, in scrape_missing_from_mongodb
    await scraper.close()
  File "E:\StudioProjects\SemsAi\nawy-scraper\scrapers\base_scraper.py", line 107, in close
    await self.context.close()
  File "C:\Users\Youssef\AppData\Roaming\Python\Python312\site-packages\playwright\async_api\_generated.py", line 13758, in close
    return mapping.from_maybe_impl(await self._impl_obj.close(reason=reason))
                                   ^^^^^^^^^^^^^^^^^^^^^^^^^^^^^^^^^^^^^^^^^
  File "C:\Users\Youssef\AppData\Roaming\Python\Python312\site-packages\playwright\_impl\_browser_context.py", line 485, in close
    await self._channel.send("close", filter_none({"reason": reason}))
  File "C:\Users\Youssef\AppData\Roaming\Python\Python312\site-packages\playwright\_impl\_connection.py", line 62, in send
    return await self._connection.wrap_api_call(
           ^^^^^^^^^^^^^^^^^^^^^^^^^^^^^^^^^^^^^
  File "C:\Users\Youssef\AppData\Roaming\Python\Python312\site-packages\playwright\_impl\_connection.py", line 492, in wrap_api_call
    return await cb()
           ^^^^^^^^^^
  File "C:\Users\Youssef\AppData\Roaming\Python\Python312\site-packages\playwright\_impl\_connection.py", line 100, in inner_send
    result = next(iter(done)).result()
             ^^^^^^^^^^^^^^^^^^^^^^^^^
playwright._impl._errors.TargetClosedError: Target page, context or browser has been closed
Browser logs:

<launching> C:\Users\Youssef\AppData\Local\ms-playwright\chromium-1091\chrome-win\chrome.exe --disable-field-trial-config --disable-background-networking --enable-features=NetworkService,NetworkServiceInProcess --disable-background-timer-throttling --disable-backgrounding-occluded-windows --disable-back-forward-cache --disable-breakpad --disable-client-side-phishing-detection --disable-component-extensions-with-background-pages --disable-component-update --no-default-browser-check --disable-default-apps --disable-dev-shm-usage --disable-extensions --disable-features=ImprovedCookieControls,LazyFrameLoading,GlobalMediaControls,DestroyProfileOnBrowserClose,MediaRouter,DialMediaRouteProvider,AcceptCHFrame,AutoExpandDetailsElement,CertificateTransparencyComponentUpdater,AvoidUnnecessaryBeforeUnloadCheckSync,Translate,HttpsUpgrades --allow-pre-commit-input --disable-hang-monitor --disable-ipc-flooding-protection --disable-popup-blocking --disable-prompt-on-repost --disable-renderer-backgrounding --force-color-profile=srgb --metrics-recording-only --no-first-run --enable-automation --password-store=basic --use-mock-keychain --no-service-autorun --export-tagged-pdf --disable-search-engine-choice-screen --headless --hide-scrollbars --mute-audio --blink-settings=primaryHoverType=2,availableHoverTypes=2,primaryPointerType=4,availablePointerTypes=4 --no-sandbox --disable-blink-features=AutomationControlled --disable-dev-shm-usage --no-sandbox --disable-setuid-sandbox --disable-web-security --disable-features=IsolateOrigins,site-per-process --user-data-dir=E:\Temp\playwright_chromiumdev_profile-RBpkp3 --remote-debugging-pipe --no-startup-window
<launched> pid=9804
[pid=9804] <gracefully close start>
2026-01-30 13:47:06,984 | INFO | 🔌 Disconnected from MongoDB
2026-01-30 13:47:31,844 | INFO | ✅ Connected to MongoDB: semsai
2026-01-30 13:47:43,037 | INFO | 🚀 Initializing browser...
2026-01-30 13:47:53,236 | INFO | ✅ Browser initialized (UA: Mozilla/5.0 (Macintosh; Intel Mac OS X 10_15_7) Ap...)
2026-01-30 13:47:53,238 | INFO | [1/356] Scraping: https://www.nawy.com/compound/405-marseilia-beach-3/property/53850-villa-for-sale-in-marseilia-beach-3
2026-01-30 13:47:53,241 | INFO | 📄 Navigating to: https://www.nawy.com/compound/405-marseilia-beach-3/property/53850-villa-for-sal...
2026-01-30 13:48:05,106 | INFO |    ✅ Unknown
2026-01-30 13:48:05,164 | INFO | 🔄 Updated compound: None
2026-01-30 13:48:05,164 | INFO |    💾 Saved to MongoDB
2026-01-30 13:48:09,605 | INFO | [2/356] Scraping: https://www.nawy.com/compound/972-the-wonder-marq/property/64956-villa-for-sale-in-the-wonder-marq
2026-01-30 13:48:09,606 | INFO | 📄 Navigating to: https://www.nawy.com/compound/972-the-wonder-marq/property/64956-villa-for-sale-...
2026-01-30 13:48:16,419 | INFO |    ✅ Unknown
2026-01-30 13:48:16,473 | INFO | 🔄 Updated compound: None
2026-01-30 13:48:16,473 | INFO |    💾 Saved to MongoDB
2026-01-30 13:48:21,533 | INFO | [3/356] Scraping: https://www.nawy.com/compound/451-mountain-view-executive-residence--katameya
2026-01-30 13:48:21,535 | INFO | 📄 Navigating to: https://www.nawy.com/compound/451-mountain-view-executive-residence--katameya...
2026-01-30 13:48:35,054 | INFO |    ✅ Mountain View Executive Residence Katameya
2026-01-30 13:48:35,132 | INFO | 🔄 Updated compound: Mountain View Executive Residence Katameya
2026-01-30 13:48:35,133 | INFO |    💾 Saved to MongoDB
2026-01-30 13:48:40,822 | INFO | [4/356] Scraping: https://www.nawy.com/compound/227-address-east
2026-01-30 13:48:40,823 | INFO | 📄 Navigating to: https://www.nawy.com/compound/227-address-east...
2026-01-30 13:49:07,258 | INFO |    ✅ Address East
2026-01-30 13:49:07,339 | INFO | 🔄 Updated compound: Address East
2026-01-30 13:49:07,339 | INFO |    💾 Saved to MongoDB
2026-01-30 13:49:11,931 | INFO | [5/356] Scraping: https://www.nawy.com/compound/1665-ivy
2026-01-30 13:49:11,931 | INFO | 📄 Navigating to: https://www.nawy.com/compound/1665-ivy...
2026-01-30 13:49:42,058 | ERROR | ❌ Navigation error (attempt 1): Timeout 30000ms exceeded.
2026-01-30 13:49:42,059 | INFO | ⏳ Retrying in 2.8s...
2026-01-30 13:49:44,888 | INFO | 📄 Navigating to: https://www.nawy.com/compound/1665-ivy...
2026-01-30 13:50:15,029 | ERROR | ❌ Navigation error (attempt 2): Timeout 30000ms exceeded.
2026-01-30 13:50:15,029 | INFO | ⏳ Retrying in 4.1s...
2026-01-30 13:50:19,142 | INFO | 📄 Navigating to: https://www.nawy.com/compound/1665-ivy...
2026-01-30 13:50:49,264 | ERROR | ❌ Navigation error (attempt 3): Timeout 30000ms exceeded.
2026-01-30 13:50:49,264 | WARNING |    ❌ Failed to scrape
2026-01-30 13:50:54,840 | INFO | [6/356] Scraping: https://www.nawy.com/compound/1064-arc-soma-bay
2026-01-30 13:50:54,840 | INFO | 📄 Navigating to: https://www.nawy.com/compound/1064-arc-soma-bay...
2026-01-30 13:51:16,699 | INFO |    ✅ ARC- Soma Bay
2026-01-30 13:51:16,784 | INFO | ➕ Inserted new compound: ARC- Soma Bay
2026-01-30 13:51:16,784 | INFO |    💾 Saved to MongoDB
2026-01-30 13:51:22,109 | INFO | [7/356] Scraping: https://www.nawy.com/compound/1070-canan-capital
2026-01-30 13:51:22,113 | INFO | 📄 Navigating to: https://www.nawy.com/compound/1070-canan-capital...
2026-01-30 13:51:45,914 | INFO |    ✅ Canan Capital
2026-01-30 13:51:45,995 | INFO | ➕ Inserted new compound: Canan Capital
2026-01-30 13:51:45,995 | INFO |    💾 Saved to MongoDB
2026-01-30 13:51:51,245 | INFO | [8/356] Scraping: https://www.nawy.com/compound/1075-dejoya-park
2026-01-30 13:51:51,245 | INFO | 📄 Navigating to: https://www.nawy.com/compound/1075-dejoya-park...
2026-01-30 13:52:21,372 | ERROR | ❌ Navigation error (attempt 1): Timeout 30000ms exceeded.
2026-01-30 13:52:21,373 | INFO | ⏳ Retrying in 3.5s...
2026-01-30 13:52:24,925 | INFO | 📄 Navigating to: https://www.nawy.com/compound/1075-dejoya-park...
2026-01-30 13:52:55,061 | ERROR | ❌ Navigation error (attempt 2): Timeout 30000ms exceeded.
2026-01-30 13:52:55,063 | INFO | ⏳ Retrying in 3.1s...
2026-01-30 13:52:58,161 | INFO | 📄 Navigating to: https://www.nawy.com/compound/1075-dejoya-park...
2026-01-30 13:53:05,306 | INFO |    ✅ Dejoya Park
2026-01-30 13:53:05,372 | INFO | ➕ Inserted new compound: Dejoya Park
2026-01-30 13:53:05,372 | INFO |    💾 Saved to MongoDB
2026-01-30 13:53:08,710 | INFO | [9/356] Scraping: https://www.nawy.com/compound/1082-pyramids-city
2026-01-30 13:53:08,710 | INFO | 📄 Navigating to: https://www.nawy.com/compound/1082-pyramids-city...
2026-01-30 13:53:37,146 | INFO |    ✅ Pyramids City
2026-01-30 13:53:37,217 | INFO | ➕ Inserted new compound: Pyramids City
2026-01-30 13:53:37,219 | INFO |    💾 Saved to MongoDB
2026-01-30 13:53:42,459 | INFO | [10/356] Scraping: https://www.nawy.com/compound/1086-green-heights
2026-01-30 13:53:42,460 | INFO | 📄 Navigating to: https://www.nawy.com/compound/1086-green-heights...
2026-01-30 13:53:54,774 | INFO |    ✅ Green Heights
2026-01-30 13:53:54,832 | INFO | ➕ Inserted new compound: Green Heights
2026-01-30 13:53:54,832 | INFO |    💾 Saved to MongoDB
2026-01-30 13:53:58,501 | INFO | [11/356] Scraping: https://www.nawy.com/compound/1091-blumar-el-dome
2026-01-30 13:53:58,501 | INFO | 📄 Navigating to: https://www.nawy.com/compound/1091-blumar-el-dome...
2026-01-30 13:54:17,017 | INFO |    ✅ Blumar El Dome
2026-01-30 13:54:17,096 | INFO | ➕ Inserted new compound: Blumar El Dome
2026-01-30 13:54:17,097 | INFO |    💾 Saved to MongoDB
2026-01-30 13:54:21,172 | INFO | [12/356] Scraping: https://www.nawy.com/compound/1092-lake-view-boutique
2026-01-30 13:54:21,173 | INFO | 📄 Navigating to: https://www.nawy.com/compound/1092-lake-view-boutique...
2026-01-30 13:54:51,300 | ERROR | ❌ Navigation error (attempt 1): Timeout 30000ms exceeded.
2026-01-30 13:54:51,300 | INFO | ⏳ Retrying in 3.0s...
2026-01-30 13:54:54,323 | INFO | 📄 Navigating to: https://www.nawy.com/compound/1092-lake-view-boutique...
2026-01-30 13:55:24,442 | ERROR | ❌ Navigation error (attempt 2): Timeout 30000ms exceeded.
2026-01-30 13:55:24,444 | INFO | ⏳ Retrying in 4.6s...
2026-01-30 13:55:29,051 | INFO | 📄 Navigating to: https://www.nawy.com/compound/1092-lake-view-boutique...
2026-01-30 13:55:36,416 | INFO |    ✅ Lake View Boutique
2026-01-30 13:55:36,494 | INFO | ➕ Inserted new compound: Lake View Boutique
2026-01-30 13:55:36,495 | INFO |    💾 Saved to MongoDB
2026-01-30 13:55:41,303 | INFO | [13/356] Scraping: https://www.nawy.com/compound/1093-one-residence
2026-01-30 13:55:41,303 | INFO | 📄 Navigating to: https://www.nawy.com/compound/1093-one-residence...
2026-01-30 13:55:54,967 | INFO |    ✅ One residence
2026-01-30 13:55:55,049 | INFO | ➕ Inserted new compound: One residence
2026-01-30 13:55:55,049 | INFO |    💾 Saved to MongoDB
2026-01-30 13:56:00,865 | INFO | [14/356] Scraping: https://www.nawy.com/compound/1094-white-walk
2026-01-30 13:56:00,866 | INFO | 📄 Navigating to: https://www.nawy.com/compound/1094-white-walk...
2026-01-30 13:56:11,359 | INFO |    ✅ White Walk
2026-01-30 13:56:11,440 | INFO | ➕ Inserted new compound: White Walk
2026-01-30 13:56:11,441 | INFO |    💾 Saved to MongoDB
2026-01-30 13:56:15,733 | INFO | [15/356] Scraping: https://www.nawy.com/compound/1095-ranches
2026-01-30 13:56:15,734 | INFO | 📄 Navigating to: https://www.nawy.com/compound/1095-ranches...
2026-01-30 13:56:23,340 | INFO |    ✅ Ranches
2026-01-30 13:56:23,394 | INFO | ➕ Inserted new compound: Ranches
2026-01-30 13:56:23,394 | INFO |    💾 Saved to MongoDB
2026-01-30 13:56:28,560 | INFO | [16/356] Scraping: https://www.nawy.com/compound/1099-new-garden-city
2026-01-30 13:56:28,561 | INFO | 📄 Navigating to: https://www.nawy.com/compound/1099-new-garden-city...
2026-01-30 13:56:40,268 | INFO |    ✅ New Garden City
2026-01-30 13:56:40,347 | INFO | ➕ Inserted new compound: New Garden City
2026-01-30 13:56:40,349 | INFO |    💾 Saved to MongoDB
2026-01-30 13:56:45,154 | INFO | [17/356] Scraping: https://www.nawy.com/compound/1117-alaire
2026-01-30 13:56:45,157 | INFO | 📄 Navigating to: https://www.nawy.com/compound/1117-alaire...
2026-01-30 13:56:55,037 | INFO |    ✅ Alaire
2026-01-30 13:56:55,117 | INFO | ➕ Inserted new compound: Alaire
2026-01-30 13:56:55,118 | INFO |    💾 Saved to MongoDB
2026-01-30 13:57:00,122 | INFO | [18/356] Scraping: https://www.nawy.com/compound/1119-moray
2026-01-30 13:57:00,122 | INFO | 📄 Navigating to: https://www.nawy.com/compound/1119-moray...
2026-01-30 13:57:11,274 | INFO |    ✅ Moray
2026-01-30 13:57:11,363 | INFO | ➕ Inserted new compound: Moray
2026-01-30 13:57:11,364 | INFO |    💾 Saved to MongoDB
2026-01-30 13:57:15,402 | INFO | [19/356] Scraping: https://www.nawy.com/compound/1123-ever-new-cairo
2026-01-30 13:57:15,402 | INFO | 📄 Navigating to: https://www.nawy.com/compound/1123-ever-new-cairo...
2026-01-30 13:57:32,498 | INFO |    ✅ Ever New Cairo
2026-01-30 13:57:32,578 | INFO | ➕ Inserted new compound: Ever New Cairo
2026-01-30 13:57:32,579 | INFO |    💾 Saved to MongoDB
2026-01-30 13:57:38,040 | INFO | [20/356] Scraping: https://www.nawy.com/compound/1128-serena-heights
2026-01-30 13:57:38,044 | INFO | 📄 Navigating to: https://www.nawy.com/compound/1128-serena-heights...
2026-01-30 13:58:08,178 | ERROR | ❌ Navigation error (attempt 1): Timeout 30000ms exceeded.
2026-01-30 13:58:08,178 | INFO | ⏳ Retrying in 2.3s...
2026-01-30 13:58:10,447 | INFO | 📄 Navigating to: https://www.nawy.com/compound/1128-serena-heights...
2026-01-30 13:58:17,807 | INFO |    ✅ Serena Heights
2026-01-30 13:58:17,885 | INFO | ➕ Inserted new compound: Serena Heights
2026-01-30 13:58:17,886 | INFO |    💾 Saved to MongoDB
2026-01-30 13:58:22,618 | INFO | [21/356] Scraping: https://www.nawy.com/compound/1130-jazebeya
2026-01-30 13:58:22,619 | INFO | 📄 Navigating to: https://www.nawy.com/compound/1130-jazebeya...
2026-01-30 13:58:32,106 | INFO |    ✅ Jazebeya
2026-01-30 13:58:32,191 | INFO | ➕ Inserted new compound: Jazebeya
2026-01-30 13:58:32,191 | INFO |    💾 Saved to MongoDB
2026-01-30 13:58:36,553 | INFO | [22/356] Scraping: https://www.nawy.com/compound/1133-n90
2026-01-30 13:58:36,554 | INFO | 📄 Navigating to: https://www.nawy.com/compound/1133-n90...
2026-01-30 13:58:53,016 | INFO |    ✅ N90 Business Complex
2026-01-30 13:58:53,072 | INFO | ➕ Inserted new compound: N90 Business Complex
2026-01-30 13:58:53,072 | INFO |    💾 Saved to MongoDB
2026-01-30 13:58:58,151 | INFO | [23/356] Scraping: https://www.nawy.com/compound/1140-gems
2026-01-30 13:58:58,152 | INFO | 📄 Navigating to: https://www.nawy.com/compound/1140-gems...
2026-01-30 13:59:28,285 | ERROR | ❌ Navigation error (attempt 1): Timeout 30000ms exceeded.
2026-01-30 13:59:28,285 | INFO | ⏳ Retrying in 2.3s...
2026-01-30 13:59:30,658 | INFO | 📄 Navigating to: https://www.nawy.com/compound/1140-gems...
2026-01-30 14:00:00,784 | ERROR | ❌ Navigation error (attempt 2): Timeout 30000ms exceeded.
2026-01-30 14:00:00,784 | INFO | ⏳ Retrying in 4.6s...
2026-01-30 14:00:05,375 | INFO | 📄 Navigating to: https://www.nawy.com/compound/1140-gems...
2026-01-30 14:00:35,502 | ERROR | ❌ Navigation error (attempt 3): Timeout 30000ms exceeded.
2026-01-30 14:00:35,505 | WARNING |    ❌ Failed to scrape
2026-01-30 14:00:41,040 | INFO | [24/356] Scraping: https://www.nawy.com/compound/1143-w-signature
2026-01-30 14:00:41,042 | INFO | 📄 Navigating to: https://www.nawy.com/compound/1143-w-signature...
2026-01-30 14:01:11,164 | ERROR | ❌ Navigation error (attempt 1): Timeout 30000ms exceeded.
2026-01-30 14:01:11,166 | INFO | ⏳ Retrying in 2.3s...
2026-01-30 14:01:13,474 | INFO | 📄 Navigating to: https://www.nawy.com/compound/1143-w-signature...
2026-01-30 14:01:43,604 | ERROR | ❌ Navigation error (attempt 2): Timeout 30000ms exceeded.
2026-01-30 14:01:43,605 | INFO | ⏳ Retrying in 3.6s...
2026-01-30 14:01:47,158 | INFO | 📄 Navigating to: https://www.nawy.com/compound/1143-w-signature...
2026-01-30 14:02:17,270 | ERROR | ❌ Navigation error (attempt 3): Timeout 30000ms exceeded.
2026-01-30 14:02:17,271 | WARNING |    ❌ Failed to scrape
2026-01-30 14:02:22,288 | INFO | [25/356] Scraping: https://www.nawy.com/compound/1144-marriott-residences-heliopolis
2026-01-30 14:02:22,288 | INFO | 📄 Navigating to: https://www.nawy.com/compound/1144-marriott-residences-heliopolis...
2026-01-30 14:02:35,944 | INFO |    ✅ Marriott Residences Heliopolis
2026-01-30 14:02:36,036 | INFO | ➕ Inserted new compound: Marriott Residences Heliopolis
2026-01-30 14:02:36,036 | INFO |    💾 Saved to MongoDB
2026-01-30 14:02:40,339 | INFO | [26/356] Scraping: https://www.nawy.com/compound/1148-rock-eden
2026-01-30 14:02:40,340 | INFO | 📄 Navigating to: https://www.nawy.com/compound/1148-rock-eden...
2026-01-30 14:02:56,749 | INFO |    ✅ Rock Eden
2026-01-30 14:02:56,868 | INFO | ➕ Inserted new compound: Rock Eden
2026-01-30 14:02:56,869 | INFO |    💾 Saved to MongoDB
2026-01-30 14:03:00,972 | INFO | [27/356] Scraping: https://www.nawy.com/compound/1151-elsherouk
2026-01-30 14:03:00,973 | INFO | 📄 Navigating to: https://www.nawy.com/compound/1151-elsherouk...
2026-01-30 14:03:12,484 | INFO |    ✅ Elsherouk
2026-01-30 14:03:12,539 | INFO | ➕ Inserted new compound: Elsherouk
2026-01-30 14:03:12,541 | INFO |    💾 Saved to MongoDB
2026-01-30 14:03:15,782 | INFO | [28/356] Scraping: https://www.nawy.com/compound/1154-px
2026-01-30 14:03:15,784 | INFO | 📄 Navigating to: https://www.nawy.com/compound/1154-px...
2026-01-30 14:03:29,708 | INFO |    ✅ PX
2026-01-30 14:03:29,788 | INFO | ➕ Inserted new compound: PX
2026-01-30 14:03:29,789 | INFO |    💾 Saved to MongoDB
2026-01-30 14:03:35,165 | INFO | [29/356] Scraping: https://www.nawy.com/compound/1185-sheraton-residence
2026-01-30 14:03:35,166 | INFO | 📄 Navigating to: https://www.nawy.com/compound/1185-sheraton-residence...
2026-01-30 14:04:01,655 | INFO |    ✅ Sheraton Residence
2026-01-30 14:04:01,738 | INFO | ➕ Inserted new compound: Sheraton Residence
2026-01-30 14:04:01,739 | INFO |    💾 Saved to MongoDB
2026-01-30 14:04:06,754 | INFO | [30/356] Scraping: https://www.nawy.com/compound/1186-el-gouna-south-marina
2026-01-30 14:04:06,764 | INFO | 📄 Navigating to: https://www.nawy.com/compound/1186-el-gouna-south-marina...
2026-01-30 14:04:36,960 | ERROR | ❌ Navigation error (attempt 1): Timeout 30000ms exceeded.
2026-01-30 14:04:36,962 | INFO | ⏳ Retrying in 3.8s...
2026-01-30 14:04:40,747 | INFO | 📄 Navigating to: https://www.nawy.com/compound/1186-el-gouna-south-marina...
2026-01-30 14:05:10,875 | ERROR | ❌ Navigation error (attempt 2): Timeout 30000ms exceeded.
2026-01-30 14:05:10,876 | INFO | ⏳ Retrying in 3.3s...
2026-01-30 14:05:14,153 | INFO | 📄 Navigating to: https://www.nawy.com/compound/1186-el-gouna-south-marina...
2026-01-30 14:05:44,277 | ERROR | ❌ Navigation error (attempt 3): Timeout 30000ms exceeded.
2026-01-30 14:05:44,278 | WARNING |    ❌ Failed to scrape
2026-01-30 14:05:50,020 | INFO | [31/356] Scraping: https://www.nawy.com/compound/1194-palma
2026-01-30 14:05:50,021 | INFO | 📄 Navigating to: https://www.nawy.com/compound/1194-palma...
2026-01-30 14:06:20,162 | ERROR | ❌ Navigation error (attempt 1): Timeout 30000ms exceeded.
2026-01-30 14:06:20,162 | INFO | ⏳ Retrying in 3.4s...
2026-01-30 14:06:23,605 | INFO | 📄 Navigating to: https://www.nawy.com/compound/1194-palma...
2026-01-30 14:06:53,743 | ERROR | ❌ Navigation error (attempt 2): Timeout 30000ms exceeded.
2026-01-30 14:06:53,743 | INFO | ⏳ Retrying in 3.8s...
2026-01-30 14:06:57,564 | INFO | 📄 Navigating to: https://www.nawy.com/compound/1194-palma...
2026-01-30 14:07:27,703 | ERROR | ❌ Navigation error (attempt 3): Timeout 30000ms exceeded.
2026-01-30 14:07:27,704 | WARNING |    ❌ Failed to scrape
2026-01-30 14:07:31,945 | INFO | [32/356] Scraping: https://www.nawy.com/compound/1209-kazan-plaza
2026-01-30 14:07:31,946 | INFO | 📄 Navigating to: https://www.nawy.com/compound/1209-kazan-plaza...
2026-01-30 14:08:02,072 | ERROR | ❌ Navigation error (attempt 1): Timeout 30000ms exceeded.
2026-01-30 14:08:02,073 | INFO | ⏳ Retrying in 3.4s...
2026-01-30 14:08:05,450 | INFO | 📄 Navigating to: https://www.nawy.com/compound/1209-kazan-plaza...
2026-01-30 14:08:12,503 | INFO |    ✅ Kazan Plaza
2026-01-30 14:08:12,589 | INFO | ➕ Inserted new compound: Kazan Plaza
2026-01-30 14:08:12,590 | INFO |    💾 Saved to MongoDB
2026-01-30 14:08:18,237 | INFO | [33/356] Scraping: https://www.nawy.com/compound/1210-belva
2026-01-30 14:08:18,237 | INFO | 📄 Navigating to: https://www.nawy.com/compound/1210-belva...
2026-01-30 14:08:39,979 | INFO |    ✅ Belva
2026-01-30 14:08:40,056 | INFO | ➕ Inserted new compound: Belva
2026-01-30 14:08:40,057 | INFO |    💾 Saved to MongoDB
2026-01-30 14:08:43,812 | INFO | [34/356] Scraping: https://www.nawy.com/compound/1217-5-business-hub-mall
2026-01-30 14:08:43,812 | INFO | 📄 Navigating to: https://www.nawy.com/compound/1217-5-business-hub-mall...
2026-01-30 14:09:13,927 | ERROR | ❌ Navigation error (attempt 1): Timeout 30000ms exceeded.
2026-01-30 14:09:13,928 | INFO | ⏳ Retrying in 2.7s...
2026-01-30 14:09:16,655 | INFO | 📄 Navigating to: https://www.nawy.com/compound/1217-5-business-hub-mall...
2026-01-30 14:09:46,775 | ERROR | ❌ Navigation error (attempt 2): Timeout 30000ms exceeded.
2026-01-30 14:09:46,775 | INFO | ⏳ Retrying in 4.0s...
2026-01-30 14:09:50,784 | INFO | 📄 Navigating to: https://www.nawy.com/compound/1217-5-business-hub-mall...
2026-01-30 14:10:20,900 | ERROR | ❌ Navigation error (attempt 3): Timeout 30000ms exceeded.
2026-01-30 14:10:20,900 | WARNING |    ❌ Failed to scrape
2026-01-30 14:10:26,229 | INFO | [35/356] Scraping: https://www.nawy.com/compound/1218-the-big-business-district
2026-01-30 14:10:26,229 | INFO | 📄 Navigating to: https://www.nawy.com/compound/1218-the-big-business-district...
2026-01-30 14:10:56,347 | ERROR | ❌ Navigation error (attempt 1): Timeout 30000ms exceeded.
2026-01-30 14:10:56,348 | INFO | ⏳ Retrying in 2.7s...
2026-01-30 14:10:59,015 | INFO | 📄 Navigating to: https://www.nawy.com/compound/1218-the-big-business-district...
2026-01-30 14:11:29,133 | ERROR | ❌ Navigation error (attempt 2): Timeout 30000ms exceeded.
2026-01-30 14:11:29,134 | INFO | ⏳ Retrying in 4.0s...
2026-01-30 14:11:33,173 | INFO | 📄 Navigating to: https://www.nawy.com/compound/1218-the-big-business-district...
2026-01-30 14:12:03,309 | ERROR | ❌ Navigation error (attempt 3): Timeout 30000ms exceeded.
2026-01-30 14:12:03,311 | WARNING |    ❌ Failed to scrape
2026-01-30 14:12:06,744 | INFO | [36/356] Scraping: https://www.nawy.com/compound/1219-nurai
2026-01-30 14:12:06,745 | INFO | 📄 Navigating to: https://www.nawy.com/compound/1219-nurai...
2026-01-30 14:12:16,139 | INFO |    ✅ Nurai
2026-01-30 14:12:16,234 | INFO | ➕ Inserted new compound: Nurai
2026-01-30 14:12:16,235 | INFO |    💾 Saved to MongoDB
2026-01-30 14:12:20,037 | INFO | [37/356] Scraping: https://www.nawy.com/compound/1220-redwood-tower
2026-01-30 14:12:20,039 | INFO | 📄 Navigating to: https://www.nawy.com/compound/1220-redwood-tower...
2026-01-30 14:12:41,441 | INFO |    ✅ Redwood Tower
2026-01-30 14:12:41,757 | INFO | ➕ Inserted new compound: Redwood Tower
2026-01-30 14:12:41,758 | INFO |    💾 Saved to MongoDB
2026-01-30 14:12:47,289 | INFO | [38/356] Scraping: https://www.nawy.com/compound/1221-karma-2
2026-01-30 14:12:47,289 | INFO | 📄 Navigating to: https://www.nawy.com/compound/1221-karma-2...
2026-01-30 14:13:08,197 | INFO |    ✅ Karma 2
2026-01-30 14:13:08,274 | INFO | ➕ Inserted new compound: Karma 2
2026-01-30 14:13:08,274 | INFO |    💾 Saved to MongoDB
2026-01-30 14:13:13,293 | INFO | [39/356] Scraping: https://www.nawy.com/compound/1222-morfo
2026-01-30 14:13:13,294 | INFO | 📄 Navigating to: https://www.nawy.com/compound/1222-morfo...
2026-01-30 14:13:30,053 | INFO |    ✅ Morfo
2026-01-30 14:13:30,127 | INFO | ➕ Inserted new compound: Morfo
2026-01-30 14:13:30,127 | INFO |    💾 Saved to MongoDB
2026-01-30 14:13:33,208 | INFO | [40/356] Scraping: https://www.nawy.com/compound/1223-the-101
2026-01-30 14:13:33,209 | INFO | 📄 Navigating to: https://www.nawy.com/compound/1223-the-101...
2026-01-30 14:13:52,432 | INFO |    ✅ The 101
2026-01-30 14:13:52,514 | INFO | ➕ Inserted new compound: The 101
2026-01-30 14:13:52,514 | INFO |    💾 Saved to MongoDB
2026-01-30 14:13:56,747 | INFO | [41/356] Scraping: https://www.nawy.com/compound/1225-neo-business-park
2026-01-30 14:13:56,749 | INFO | 📄 Navigating to: https://www.nawy.com/compound/1225-neo-business-park...
2026-01-30 14:14:09,399 | INFO |    ✅ Neo Business Park
2026-01-30 14:14:09,700 | INFO | ➕ Inserted new compound: Neo Business Park
2026-01-30 14:14:09,708 | INFO |    💾 Saved to MongoDB
2026-01-30 14:14:15,100 | INFO | [42/356] Scraping: https://www.nawy.com/compound/1227-city-oval
2026-01-30 14:14:15,100 | INFO | 📄 Navigating to: https://www.nawy.com/compound/1227-city-oval...
2026-01-30 14:14:28,158 | INFO |    ✅ City Oval
2026-01-30 14:14:28,222 | INFO | ➕ Inserted new compound: City Oval
2026-01-30 14:14:28,223 | INFO |    💾 Saved to MongoDB
2026-01-30 14:14:33,899 | INFO | [43/356] Scraping: https://www.nawy.com/compound/1244-rai-valleys
2026-01-30 14:14:33,900 | INFO | 📄 Navigating to: https://www.nawy.com/compound/1244-rai-valleys...
2026-01-30 14:14:50,271 | INFO |    ✅ Rai Valleys
2026-01-30 14:14:50,349 | INFO | ➕ Inserted new compound: Rai Valleys
2026-01-30 14:14:50,349 | INFO |    💾 Saved to MongoDB
2026-01-30 14:14:54,311 | INFO | [44/356] Scraping: https://www.nawy.com/compound/1324-lagoon-beach-park-aliva
2026-01-30 14:14:54,311 | INFO | 📄 Navigating to: https://www.nawy.com/compound/1324-lagoon-beach-park-aliva...
2026-01-30 14:15:15,840 | INFO |    ✅ Lagoon Beach Park - Aliva
2026-01-30 14:15:15,938 | INFO | ➕ Inserted new compound: Lagoon Beach Park - Aliva
2026-01-30 14:15:15,939 | INFO |    💾 Saved to MongoDB
2026-01-30 14:15:21,563 | INFO | [45/356] Scraping: https://www.nawy.com/compound/1340-there
2026-01-30 14:15:21,565 | INFO | 📄 Navigating to: https://www.nawy.com/compound/1340-there...
2026-01-30 14:15:51,702 | ERROR | ❌ Navigation error (attempt 1): Timeout 30000ms exceeded.
2026-01-30 14:15:51,703 | INFO | ⏳ Retrying in 3.6s...
2026-01-30 14:15:55,303 | INFO | 📄 Navigating to: https://www.nawy.com/compound/1340-there...
2026-01-30 14:16:25,438 | ERROR | ❌ Navigation error (attempt 2): Timeout 30000ms exceeded.
2026-01-30 14:16:25,439 | INFO | ⏳ Retrying in 3.1s...
2026-01-30 14:16:28,523 | INFO | 📄 Navigating to: https://www.nawy.com/compound/1340-there...
2026-01-30 14:16:58,648 | ERROR | ❌ Navigation error (attempt 3): Timeout 30000ms exceeded.
2026-01-30 14:16:58,650 | WARNING |    ❌ Failed to scrape
2026-01-30 14:17:02,606 | INFO | [46/356] Scraping: https://www.nawy.com/compound/1341-more--residences
2026-01-30 14:17:02,607 | INFO | 📄 Navigating to: https://www.nawy.com/compound/1341-more--residences...
2026-01-30 14:17:11,846 | INFO |    ✅ More Residences
2026-01-30 14:17:11,925 | INFO | ➕ Inserted new compound: More Residences
2026-01-30 14:17:11,925 | INFO |    💾 Saved to MongoDB
2026-01-30 14:17:15,831 | INFO | [47/356] Scraping: https://www.nawy.com/compound/1342-jura
2026-01-30 14:17:15,831 | INFO | 📄 Navigating to: https://www.nawy.com/compound/1342-jura...
2026-01-30 14:17:24,737 | INFO |    ✅ Jura
2026-01-30 14:17:24,819 | INFO | ➕ Inserted new compound: Jura
2026-01-30 14:17:24,819 | INFO |    💾 Saved to MongoDB
2026-01-30 14:17:30,349 | INFO | [48/356] Scraping: https://www.nawy.com/compound/1343-apex-business-complex
2026-01-30 14:17:30,349 | INFO | 📄 Navigating to: https://www.nawy.com/compound/1343-apex-business-complex...
2026-01-30 14:17:39,832 | INFO |    ✅ Apex Business Complex
2026-01-30 14:17:39,909 | INFO | ➕ Inserted new compound: Apex Business Complex
2026-01-30 14:17:39,909 | INFO |    💾 Saved to MongoDB
2026-01-30 14:17:43,962 | INFO | [49/356] Scraping: https://www.nawy.com/compound/400-podium--cairo-festival-city-admin-buildings
2026-01-30 14:17:43,963 | INFO | 📄 Navigating to: https://www.nawy.com/compound/400-podium--cairo-festival-city-admin-buildings...
2026-01-30 14:18:14,081 | ERROR | ❌ Navigation error (attempt 1): Timeout 30000ms exceeded.
2026-01-30 14:18:14,086 | INFO | ⏳ Retrying in 3.4s...
2026-01-30 14:18:17,447 | INFO | 📄 Navigating to: https://www.nawy.com/compound/400-podium--cairo-festival-city-admin-buildings...
2026-01-30 14:18:47,581 | ERROR | ❌ Navigation error (attempt 2): Timeout 30000ms exceeded.
2026-01-30 14:18:47,581 | INFO | ⏳ Retrying in 3.6s...
2026-01-30 14:18:51,192 | INFO | 📄 Navigating to: https://www.nawy.com/compound/400-podium--cairo-festival-city-admin-buildings...
2026-01-30 14:19:12,456 | INFO |    ✅ Podium Cairo Festival City Admin Buildings
2026-01-30 14:19:12,549 | INFO | ➕ Inserted new compound: Podium Cairo Festival City Admin Buildings
2026-01-30 14:19:12,549 | INFO |    💾 Saved to MongoDB
2026-01-30 14:19:15,743 | INFO | [50/356] Scraping: https://www.nawy.com/compound/403-golf-solimania
2026-01-30 14:19:15,743 | INFO | 📄 Navigating to: https://www.nawy.com/compound/403-golf-solimania...
2026-01-30 14:19:33,819 | INFO |    ✅ Golf Solimania
2026-01-30 14:19:34,158 | INFO | ➕ Inserted new compound: Golf Solimania
2026-01-30 14:19:34,159 | INFO |    💾 Saved to MongoDB
2026-01-30 14:19:39,449 | INFO | [51/356] Scraping: https://www.nawy.com/compound/404-belle-ville
2026-01-30 14:19:39,449 | INFO | 📄 Navigating to: https://www.nawy.com/compound/404-belle-ville...
2026-01-30 14:20:09,572 | ERROR | ❌ Navigation error (attempt 1): Timeout 30000ms exceeded.
2026-01-30 14:20:09,573 | INFO | ⏳ Retrying in 3.3s...
2026-01-30 14:20:12,900 | INFO | 📄 Navigating to: https://www.nawy.com/compound/404-belle-ville...
2026-01-30 14:20:43,038 | ERROR | ❌ Navigation error (attempt 2): Timeout 30000ms exceeded.
2026-01-30 14:20:43,039 | INFO | ⏳ Retrying in 4.6s...
2026-01-30 14:20:47,596 | INFO | 📄 Navigating to: https://www.nawy.com/compound/404-belle-ville...
2026-01-30 14:21:17,717 | ERROR | ❌ Navigation error (attempt 3): Timeout 30000ms exceeded.
2026-01-30 14:21:17,717 | WARNING |    ❌ Failed to scrape
2026-01-30 14:21:22,289 | INFO | [52/356] Scraping: https://www.nawy.com/compound/405-marseilia-beach-3
2026-01-30 14:21:22,289 | INFO | 📄 Navigating to: https://www.nawy.com/compound/405-marseilia-beach-3...
2026-01-30 14:21:29,193 | INFO |    ✅ Marseilia beach 3
2026-01-30 14:21:29,273 | INFO | ➕ Inserted new compound: Marseilia beach 3
2026-01-30 14:21:29,273 | INFO |    💾 Saved to MongoDB
2026-01-30 14:21:33,166 | INFO | [53/356] Scraping: https://www.nawy.com/compound/406-al-jazi-gardens
2026-01-30 14:21:33,167 | INFO | 📄 Navigating to: https://www.nawy.com/compound/406-al-jazi-gardens...
2026-01-30 14:21:56,974 | INFO |    ✅ Al Jazi Gardens
2026-01-30 14:21:57,073 | INFO | ➕ Inserted new compound: Al Jazi Gardens
2026-01-30 14:21:57,074 | INFO |    💾 Saved to MongoDB
2026-01-30 14:22:01,523 | INFO | [54/356] Scraping: https://www.nawy.com/compound/407-al-karma-gates
2026-01-30 14:22:01,523 | INFO | 📄 Navigating to: https://www.nawy.com/compound/407-al-karma-gates...
2026-01-30 14:22:31,649 | ERROR | ❌ Navigation error (attempt 1): Timeout 30000ms exceeded.
2026-01-30 14:22:31,650 | INFO | ⏳ Retrying in 2.4s...
2026-01-30 14:22:34,002 | INFO | 📄 Navigating to: https://www.nawy.com/compound/407-al-karma-gates...
2026-01-30 14:23:04,120 | ERROR | ❌ Navigation error (attempt 2): Timeout 30000ms exceeded.
2026-01-30 14:23:04,120 | INFO | ⏳ Retrying in 4.4s...
2026-01-30 14:23:08,501 | INFO | 📄 Navigating to: https://www.nawy.com/compound/407-al-karma-gates...
2026-01-30 14:23:38,631 | ERROR | ❌ Navigation error (attempt 3): Timeout 30000ms exceeded.
2026-01-30 14:23:38,632 | WARNING |    ❌ Failed to scrape
2026-01-30 14:23:43,037 | INFO | [55/356] Scraping: https://www.nawy.com/compound/408-parklane
2026-01-30 14:23:43,038 | INFO | 📄 Navigating to: https://www.nawy.com/compound/408-parklane...
2026-01-30 14:24:13,156 | ERROR | ❌ Navigation error (attempt 1): Timeout 30000ms exceeded.
2026-01-30 14:24:13,157 | INFO | ⏳ Retrying in 2.3s...
2026-01-30 14:24:15,473 | INFO | 📄 Navigating to: https://www.nawy.com/compound/408-parklane...
2026-01-30 14:24:45,588 | ERROR | ❌ Navigation error (attempt 2): Timeout 30000ms exceeded.
2026-01-30 14:24:45,589 | INFO | ⏳ Retrying in 4.2s...
2026-01-30 14:24:49,773 | INFO | 📄 Navigating to: https://www.nawy.com/compound/408-parklane...
2026-01-30 14:25:19,895 | ERROR | ❌ Navigation error (attempt 3): Timeout 30000ms exceeded.
2026-01-30 14:25:19,895 | WARNING |    ❌ Failed to scrape
2026-01-30 14:25:23,519 | INFO | [56/356] Scraping: https://www.nawy.com/compound/409-castle-landmark
2026-01-30 14:25:23,521 | INFO | 📄 Navigating to: https://www.nawy.com/compound/409-castle-landmark...
2026-01-30 14:25:48,197 | INFO |    ✅ Castle Landmark
2026-01-30 14:25:48,293 | INFO | ➕ Inserted new compound: Castle Landmark
2026-01-30 14:25:48,293 | INFO |    💾 Saved to MongoDB
2026-01-30 14:25:52,181 | INFO | [57/356] Scraping: https://www.nawy.com/compound/411-kayan
2026-01-30 14:25:52,204 | INFO | 📄 Navigating to: https://www.nawy.com/compound/411-kayan...
2026-01-30 14:26:01,558 | INFO |    ✅ Kayan
2026-01-30 14:26:01,644 | INFO | ➕ Inserted new compound: Kayan
2026-01-30 14:26:01,644 | INFO |    💾 Saved to MongoDB
2026-01-30 14:26:06,957 | INFO | [58/356] Scraping: https://www.nawy.com/compound/412-la-nuova-vista
2026-01-30 14:26:06,958 | INFO | 📄 Navigating to: https://www.nawy.com/compound/412-la-nuova-vista...
2026-01-30 14:26:14,895 | INFO |    ✅ La Nuova Vista
2026-01-30 14:26:14,973 | INFO | ➕ Inserted new compound: La Nuova Vista
2026-01-30 14:26:14,974 | INFO |    💾 Saved to MongoDB
2026-01-30 14:26:19,266 | INFO | [59/356] Scraping: https://www.nawy.com/compound/413-rivan-square
2026-01-30 14:26:19,267 | INFO | 📄 Navigating to: https://www.nawy.com/compound/413-rivan-square...
2026-01-30 14:26:49,400 | ERROR | ❌ Navigation error (attempt 1): Timeout 30000ms exceeded.
2026-01-30 14:26:49,401 | INFO | ⏳ Retrying in 2.1s...
2026-01-30 14:26:51,537 | INFO | 📄 Navigating to: https://www.nawy.com/compound/413-rivan-square...
2026-01-30 14:27:21,663 | ERROR | ❌ Navigation error (attempt 2): Timeout 30000ms exceeded.
2026-01-30 14:27:21,663 | INFO | ⏳ Retrying in 4.5s...
2026-01-30 14:27:26,210 | INFO | 📄 Navigating to: https://www.nawy.com/compound/413-rivan-square...
2026-01-30 14:27:33,743 | INFO |    ✅ Rivan Square
2026-01-30 14:27:33,827 | INFO | ➕ Inserted new compound: Rivan Square
2026-01-30 14:27:33,827 | INFO |    💾 Saved to MongoDB
2026-01-30 14:27:39,349 | INFO | [60/356] Scraping: https://www.nawy.com/compound/414-the-place-new-cairo
2026-01-30 14:27:39,350 | INFO | 📄 Navigating to: https://www.nawy.com/compound/414-the-place-new-cairo...
2026-01-30 14:27:45,966 | INFO |    ✅ The Place New Cairo
2026-01-30 14:27:46,028 | INFO | ➕ Inserted new compound: The Place New Cairo
2026-01-30 14:27:46,028 | INFO |    💾 Saved to MongoDB
2026-01-30 14:27:49,382 | INFO | [61/356] Scraping: https://www.nawy.com/compound/415-w-residences-cairo
2026-01-30 14:27:49,384 | INFO | 📄 Navigating to: https://www.nawy.com/compound/415-w-residences-cairo...
2026-01-30 14:27:56,742 | INFO |    ✅ W Residences Cairo
2026-01-30 14:27:56,830 | INFO | ➕ Inserted new compound: W Residences Cairo
2026-01-30 14:27:56,830 | INFO |    💾 Saved to MongoDB
2026-01-30 14:28:01,987 | INFO | [62/356] Scraping: https://www.nawy.com/compound/417-shedwan
2026-01-30 14:28:01,990 | INFO | 📄 Navigating to: https://www.nawy.com/compound/417-shedwan...
2026-01-30 14:28:17,250 | INFO |    ✅ Shedwan
2026-01-30 14:28:17,334 | INFO | ➕ Inserted new compound: Shedwan
2026-01-30 14:28:17,334 | INFO |    💾 Saved to MongoDB
2026-01-30 14:28:21,446 | INFO | [63/356] Scraping: https://www.nawy.com/compound/419-sky-city
2026-01-30 14:28:21,448 | INFO | 📄 Navigating to: https://www.nawy.com/compound/419-sky-city...
2026-01-30 14:28:42,915 | INFO |    ✅ Sky City
2026-01-30 14:28:43,001 | INFO | ➕ Inserted new compound: Sky City
2026-01-30 14:28:43,001 | INFO |    💾 Saved to MongoDB
2026-01-30 14:28:46,741 | INFO | [64/356] Scraping: https://www.nawy.com/compound/421-golden-yard
2026-01-30 14:28:46,745 | INFO | 📄 Navigating to: https://www.nawy.com/compound/421-golden-yard...
2026-01-30 14:29:16,886 | ERROR | ❌ Navigation error (attempt 1): Timeout 30000ms exceeded.
2026-01-30 14:29:16,888 | INFO | ⏳ Retrying in 3.5s...
2026-01-30 14:29:20,361 | INFO | 📄 Navigating to: https://www.nawy.com/compound/421-golden-yard...
2026-01-30 14:29:27,260 | INFO |    ✅ Golden Yard
2026-01-30 14:29:27,343 | INFO | ➕ Inserted new compound: Golden Yard
2026-01-30 14:29:27,344 | INFO |    💾 Saved to MongoDB
2026-01-30 14:29:32,641 | INFO | [65/356] Scraping: https://www.nawy.com/compound/424-mountain-view-giza-plateau
2026-01-30 14:29:32,643 | INFO | 📄 Navigating to: https://www.nawy.com/compound/424-mountain-view-giza-plateau...
2026-01-30 14:29:39,929 | INFO |    ✅ Mountain view Giza Plateau
2026-01-30 14:29:40,011 | INFO | ➕ Inserted new compound: Mountain view Giza Plateau
2026-01-30 14:29:40,013 | INFO |    💾 Saved to MongoDB
2026-01-30 14:29:45,770 | INFO | [66/356] Scraping: https://www.nawy.com/compound/425-fifth-squarethe-mall
2026-01-30 14:29:45,771 | INFO | 📄 Navigating to: https://www.nawy.com/compound/425-fifth-squarethe-mall...
2026-01-30 14:30:04,028 | INFO |    ✅ Fifth SquareThe Mall
2026-01-30 14:30:04,116 | INFO | ➕ Inserted new compound: Fifth SquareThe Mall
2026-01-30 14:30:04,116 | INFO |    💾 Saved to MongoDB
2026-01-30 14:30:09,298 | INFO | [67/356] Scraping: https://www.nawy.com/compound/428-i-business-park
2026-01-30 14:30:09,299 | INFO | 📄 Navigating to: https://www.nawy.com/compound/428-i-business-park...
2026-01-30 14:30:39,422 | ERROR | ❌ Navigation error (attempt 1): Timeout 30000ms exceeded.
2026-01-30 14:30:39,424 | INFO | ⏳ Retrying in 3.0s...
2026-01-30 14:30:42,498 | INFO | 📄 Navigating to: https://www.nawy.com/compound/428-i-business-park...
2026-01-30 14:31:12,634 | ERROR | ❌ Navigation error (attempt 2): Timeout 30000ms exceeded.
2026-01-30 14:31:12,635 | INFO | ⏳ Retrying in 4.2s...
2026-01-30 14:31:16,811 | INFO | 📄 Navigating to: https://www.nawy.com/compound/428-i-business-park...
2026-01-30 14:31:46,936 | ERROR | ❌ Navigation error (attempt 3): Timeout 30000ms exceeded.
2026-01-30 14:31:46,936 | WARNING |    ❌ Failed to scrape
2026-01-30 14:31:52,552 | INFO | [68/356] Scraping: https://www.nawy.com/compound/429-the-cliff-il-bosco
2026-01-30 14:31:52,555 | INFO | 📄 Navigating to: https://www.nawy.com/compound/429-the-cliff-il-bosco...
2026-01-30 14:32:22,706 | ERROR | ❌ Navigation error (attempt 1): Timeout 30000ms exceeded.
2026-01-30 14:32:22,706 | INFO | ⏳ Retrying in 2.4s...
2026-01-30 14:32:25,137 | INFO | 📄 Navigating to: https://www.nawy.com/compound/429-the-cliff-il-bosco...
2026-01-30 14:32:55,264 | ERROR | ❌ Navigation error (attempt 2): Timeout 30000ms exceeded.
2026-01-30 14:32:55,265 | INFO | ⏳ Retrying in 5.0s...
2026-01-30 14:33:00,238 | INFO | 📄 Navigating to: https://www.nawy.com/compound/429-the-cliff-il-bosco...
2026-01-30 14:33:30,363 | ERROR | ❌ Navigation error (attempt 3): Timeout 30000ms exceeded.
2026-01-30 14:33:30,364 | WARNING |    ❌ Failed to scrape
2026-01-30 14:33:35,038 | INFO | [69/356] Scraping: https://www.nawy.com/compound/430-the-hoft
2026-01-30 14:33:35,038 | INFO | 📄 Navigating to: https://www.nawy.com/compound/430-the-hoft...
2026-01-30 14:34:05,164 | ERROR | ❌ Navigation error (attempt 1): Timeout 30000ms exceeded.
2026-01-30 14:34:05,165 | INFO | ⏳ Retrying in 3.1s...
2026-01-30 14:34:08,311 | INFO | 📄 Navigating to: https://www.nawy.com/compound/430-the-hoft...
2026-01-30 14:34:15,038 | INFO |    ✅ The Hoft
2026-01-30 14:34:15,127 | INFO | ➕ Inserted new compound: The Hoft
2026-01-30 14:34:15,128 | INFO |    💾 Saved to MongoDB
2026-01-30 14:34:21,021 | INFO | [70/356] Scraping: https://www.nawy.com/compound/431-lake-west
2026-01-30 14:34:21,023 | INFO | 📄 Navigating to: https://www.nawy.com/compound/431-lake-west...
2026-01-30 14:34:34,654 | INFO |    ✅ Lake West
2026-01-30 14:34:34,738 | INFO | ➕ Inserted new compound: Lake West
2026-01-30 14:34:34,738 | INFO |    💾 Saved to MongoDB
2026-01-30 14:34:38,499 | INFO | [71/356] Scraping: https://www.nawy.com/compound/432-il-mondo
2026-01-30 14:34:38,500 | INFO | 📄 Navigating to: https://www.nawy.com/compound/432-il-mondo...
2026-01-30 14:34:59,911 | INFO |    ✅ IL Mondo
2026-01-30 14:34:59,992 | INFO | ➕ Inserted new compound: IL Mondo
2026-01-30 14:34:59,992 | INFO |    💾 Saved to MongoDB
2026-01-30 14:35:04,636 | INFO | [72/356] Scraping: https://www.nawy.com/compound/434-jebal-el-sokhna
2026-01-30 14:35:04,638 | INFO | 📄 Navigating to: https://www.nawy.com/compound/434-jebal-el-sokhna...
2026-01-30 14:35:34,767 | ERROR | ❌ Navigation error (attempt 1): Timeout 30000ms exceeded.
2026-01-30 14:35:34,769 | INFO | ⏳ Retrying in 3.5s...
2026-01-30 14:35:38,276 | INFO | 📄 Navigating to: https://www.nawy.com/compound/434-jebal-el-sokhna...
2026-01-30 14:35:45,643 | INFO |    ✅ Jebal El Sokhna
2026-01-30 14:35:45,728 | INFO | ➕ Inserted new compound: Jebal El Sokhna
2026-01-30 14:35:45,729 | INFO |    💾 Saved to MongoDB
2026-01-30 14:35:51,554 | INFO | [73/356] Scraping: https://www.nawy.com/compound/436-al-burouj-smart-village
2026-01-30 14:35:51,555 | INFO | 📄 Navigating to: https://www.nawy.com/compound/436-al-burouj-smart-village...
2026-01-30 14:36:04,499 | INFO |    ✅ Al Burouj Smart Village
2026-01-30 14:36:04,579 | INFO | ➕ Inserted new compound: Al Burouj Smart Village
2026-01-30 14:36:04,581 | INFO |    💾 Saved to MongoDB
2026-01-30 14:36:08,556 | INFO | [74/356] Scraping: https://www.nawy.com/compound/437-qemet-owest
2026-01-30 14:36:08,557 | INFO | 📄 Navigating to: https://www.nawy.com/compound/437-qemet-owest...
2026-01-30 14:36:29,700 | INFO |    ✅ Qemet Owest
2026-01-30 14:36:29,787 | INFO | ➕ Inserted new compound: Qemet Owest
2026-01-30 14:36:29,788 | INFO |    💾 Saved to MongoDB
2026-01-30 14:36:35,654 | INFO | [75/356] Scraping: https://www.nawy.com/compound/438-capital-square
2026-01-30 14:36:35,654 | INFO | 📄 Navigating to: https://www.nawy.com/compound/438-capital-square...
2026-01-30 14:37:05,772 | ERROR | ❌ Navigation error (attempt 1): Timeout 30000ms exceeded.
2026-01-30 14:37:05,773 | INFO | ⏳ Retrying in 2.3s...
2026-01-30 14:37:08,090 | INFO | 📄 Navigating to: https://www.nawy.com/compound/438-capital-square...
2026-01-30 14:37:38,208 | ERROR | ❌ Navigation error (attempt 2): Timeout 30000ms exceeded.
2026-01-30 14:37:38,210 | INFO | ⏳ Retrying in 4.1s...
2026-01-30 14:37:42,277 | INFO | 📄 Navigating to: https://www.nawy.com/compound/438-capital-square...
2026-01-30 14:38:12,412 | ERROR | ❌ Navigation error (attempt 3): Timeout 30000ms exceeded.
2026-01-30 14:38:12,413 | WARNING |    ❌ Failed to scrape
2026-01-30 14:38:16,230 | INFO | [76/356] Scraping: https://www.nawy.com/compound/439-citadel-commercial-complex
2026-01-30 14:38:16,231 | INFO | 📄 Navigating to: https://www.nawy.com/compound/439-citadel-commercial-complex...
2026-01-30 14:38:46,350 | ERROR | ❌ Navigation error (attempt 1): Timeout 30000ms exceeded.
2026-01-30 14:38:46,353 | INFO | ⏳ Retrying in 2.2s...
2026-01-30 14:38:48,554 | INFO | 📄 Navigating to: https://www.nawy.com/compound/439-citadel-commercial-complex...
2026-01-30 14:39:18,680 | ERROR | ❌ Navigation error (attempt 2): Timeout 30000ms exceeded.
2026-01-30 14:39:18,681 | INFO | ⏳ Retrying in 3.5s...
2026-01-30 14:39:22,188 | INFO | 📄 Navigating to: https://www.nawy.com/compound/439-citadel-commercial-complex...
2026-01-30 14:39:52,336 | ERROR | ❌ Navigation error (attempt 3): Timeout 30000ms exceeded.
2026-01-30 14:39:52,337 | WARNING |    ❌ Failed to scrape
2026-01-30 14:39:55,661 | INFO | [77/356] Scraping: https://www.nawy.com/compound/440-midtown-sky
2026-01-30 14:39:55,662 | INFO | 📄 Navigating to: https://www.nawy.com/compound/440-midtown-sky...
2026-01-30 14:40:07,897 | INFO |    ✅ Midtown Sky
2026-01-30 14:40:08,632 | INFO | ➕ Inserted new compound: Midtown Sky
2026-01-30 14:40:08,633 | INFO |    💾 Saved to MongoDB
2026-01-30 14:40:12,207 | INFO | [78/356] Scraping: https://www.nawy.com/compound/441-midtown-sky-mall
2026-01-30 14:40:12,209 | INFO | 📄 Navigating to: https://www.nawy.com/compound/441-midtown-sky-mall...
2026-01-30 14:40:25,292 | INFO |    ✅ Midtown Sky Mall
2026-01-30 14:40:25,819 | INFO | ➕ Inserted new compound: Midtown Sky Mall
2026-01-30 14:40:25,820 | INFO |    💾 Saved to MongoDB
2026-01-30 14:40:30,343 | INFO | [79/356] Scraping: https://www.nawy.com/compound/442-hadaba
2026-01-30 14:40:30,343 | INFO | 📄 Navigating to: https://www.nawy.com/compound/442-hadaba...
2026-01-30 14:41:00,466 | ERROR | ❌ Navigation error (attempt 1): Timeout 30000ms exceeded.
2026-01-30 14:41:00,466 | INFO | ⏳ Retrying in 3.7s...
2026-01-30 14:41:04,128 | INFO | 📄 Navigating to: https://www.nawy.com/compound/442-hadaba...
2026-01-30 14:41:34,283 | ERROR | ❌ Navigation error (attempt 2): Timeout 30000ms exceeded.
2026-01-30 14:41:34,284 | INFO | ⏳ Retrying in 4.9s...
2026-01-30 14:41:39,242 | INFO | 📄 Navigating to: https://www.nawy.com/compound/442-hadaba...
2026-01-30 14:41:46,744 | INFO |    ✅ Hadaba
2026-01-30 14:41:46,970 | INFO | ➕ Inserted new compound: Hadaba
2026-01-30 14:41:46,971 | INFO |    💾 Saved to MongoDB
2026-01-30 14:41:50,640 | INFO | [80/356] Scraping: https://www.nawy.com/compound/443-midtown-new-capital-villa
2026-01-30 14:41:50,643 | INFO | 📄 Navigating to: https://www.nawy.com/compound/443-midtown-new-capital-villa...
2026-01-30 14:42:13,978 | INFO |    ✅ Midtown New Capital Villa
2026-01-30 14:42:14,119 | INFO | ➕ Inserted new compound: Midtown New Capital Villa
2026-01-30 14:42:14,121 | INFO |    💾 Saved to MongoDB
2026-01-30 14:42:18,952 | INFO | [81/356] Scraping: https://www.nawy.com/compound/444-midtown-solo
2026-01-30 14:42:18,955 | INFO | 📄 Navigating to: https://www.nawy.com/compound/444-midtown-solo...
2026-01-30 14:42:49,097 | ERROR | ❌ Navigation error (attempt 1): Timeout 30000ms exceeded.
2026-01-30 14:42:49,099 | INFO | ⏳ Retrying in 2.3s...
2026-01-30 14:42:51,434 | INFO | 📄 Navigating to: https://www.nawy.com/compound/444-midtown-solo...
2026-01-30 14:43:21,571 | ERROR | ❌ Navigation error (attempt 2): Timeout 30000ms exceeded.
2026-01-30 14:43:21,571 | INFO | ⏳ Retrying in 4.0s...
2026-01-30 14:43:25,586 | INFO | 📄 Navigating to: https://www.nawy.com/compound/444-midtown-solo...
2026-01-30 14:43:33,837 | INFO |    ✅ Midtown Solo
2026-01-30 14:43:33,947 | INFO | ➕ Inserted new compound: Midtown Solo
2026-01-30 14:43:33,948 | INFO |    💾 Saved to MongoDB
2026-01-30 14:43:38,336 | INFO | [82/356] Scraping: https://www.nawy.com/compound/445-midtown-condo
2026-01-30 14:43:38,337 | INFO | 📄 Navigating to: https://www.nawy.com/compound/445-midtown-condo...
2026-01-30 14:43:47,723 | INFO |    ✅ Midtown condo
2026-01-30 14:43:47,872 | INFO | ➕ Inserted new compound: Midtown condo
2026-01-30 14:43:47,872 | INFO |    💾 Saved to MongoDB
2026-01-30 14:43:51,136 | INFO | [83/356] Scraping: https://www.nawy.com/compound/446-midtown-new-cairo
2026-01-30 14:43:51,137 | INFO | 📄 Navigating to: https://www.nawy.com/compound/446-midtown-new-cairo...
2026-01-30 14:44:02,921 | INFO |    ✅ Midtown New Cairo
2026-01-30 14:44:03,005 | INFO | ➕ Inserted new compound: Midtown New Cairo
2026-01-30 14:44:03,005 | INFO |    💾 Saved to MongoDB
2026-01-30 14:44:06,362 | INFO | [84/356] Scraping: https://www.nawy.com/compound/447-pukka-l
2026-01-30 14:44:06,364 | INFO | 📄 Navigating to: https://www.nawy.com/compound/447-pukka-l...
2026-01-30 14:44:17,779 | INFO |    ✅ Pukka l
2026-01-30 14:44:17,870 | INFO | ➕ Inserted new compound: Pukka l
2026-01-30 14:44:17,871 | INFO |    💾 Saved to MongoDB
2026-01-30 14:44:21,583 | INFO | [85/356] Scraping: https://www.nawy.com/compound/448-rivan-tower
2026-01-30 14:44:21,586 | INFO | 📄 Navigating to: https://www.nawy.com/compound/448-rivan-tower...
2026-01-30 14:44:29,025 | INFO |    ✅ Rivan Tower
2026-01-30 14:44:29,112 | INFO | ➕ Inserted new compound: Rivan Tower
2026-01-30 14:44:29,113 | INFO |    💾 Saved to MongoDB
2026-01-30 14:44:34,847 | INFO | [86/356] Scraping: https://www.nawy.com/compound/449-residence-eight-sky-abu-dhabi
2026-01-30 14:44:34,851 | INFO | 📄 Navigating to: https://www.nawy.com/compound/449-residence-eight-sky-abu-dhabi...
2026-01-30 14:45:04,972 | ERROR | ❌ Navigation error (attempt 1): Timeout 30000ms exceeded.
2026-01-30 14:45:04,973 | INFO | ⏳ Retrying in 2.7s...
2026-01-30 14:45:07,657 | INFO | 📄 Navigating to: https://www.nawy.com/compound/449-residence-eight-sky-abu-dhabi...
2026-01-30 14:45:16,298 | INFO |    ✅ Residence Eight Sky Abu Dhabi
2026-01-30 14:45:16,539 | INFO | ➕ Inserted new compound: Residence Eight Sky Abu Dhabi
2026-01-30 14:45:16,540 | INFO |    💾 Saved to MongoDB
2026-01-30 14:45:20,256 | INFO | [87/356] Scraping: https://www.nawy.com/compound/450-abu-tig-marina
2026-01-30 14:45:20,258 | INFO | 📄 Navigating to: https://www.nawy.com/compound/450-abu-tig-marina...
2026-01-30 14:45:26,905 | INFO |    ✅ Abu Tig Marina
2026-01-30 14:45:27,132 | INFO | ➕ Inserted new compound: Abu Tig Marina
2026-01-30 14:45:27,132 | INFO |    💾 Saved to MongoDB
2026-01-30 14:45:30,471 | INFO | [88/356] Scraping: https://www.nawy.com/compound/452-d-bay
2026-01-30 14:45:30,472 | INFO | 📄 Navigating to: https://www.nawy.com/compound/452-d-bay...
2026-01-30 14:45:58,585 | INFO |    ✅ D-Bay
2026-01-30 14:45:58,691 | INFO | ➕ Inserted new compound: D-Bay
2026-01-30 14:45:58,691 | INFO |    💾 Saved to MongoDB
2026-01-30 14:46:04,471 | INFO | [89/356] Scraping: https://www.nawy.com/compound/453-belle-vie
2026-01-30 14:46:04,473 | INFO | 📄 Navigating to: https://www.nawy.com/compound/453-belle-vie...
2026-01-30 14:46:28,520 | INFO |    ✅ Belle Vie
2026-01-30 14:46:28,864 | INFO | ➕ Inserted new compound: Belle Vie
2026-01-30 14:46:28,865 | INFO |    💾 Saved to MongoDB
2026-01-30 14:46:31,914 | INFO | [90/356] Scraping: https://www.nawy.com/compound/454-makadi-heights
2026-01-30 14:46:31,915 | INFO | 📄 Navigating to: https://www.nawy.com/compound/454-makadi-heights...
2026-01-30 14:46:44,127 | INFO |    ✅ Makadi Heights
2026-01-30 14:46:44,229 | INFO | ➕ Inserted new compound: Makadi Heights
2026-01-30 14:46:44,231 | INFO |    💾 Saved to MongoDB
2026-01-30 14:46:49,877 | INFO | [91/356] Scraping: https://www.nawy.com/compound/455-netflat-kinda
2026-01-30 14:46:49,877 | INFO | 📄 Navigating to: https://www.nawy.com/compound/455-netflat-kinda...
2026-01-30 14:46:56,267 | INFO |    ✅ Netflat Kinda
2026-01-30 14:46:56,355 | INFO | ➕ Inserted new compound: Netflat Kinda
2026-01-30 14:46:56,357 | INFO |    💾 Saved to MongoDB
2026-01-30 14:46:59,851 | INFO | [92/356] Scraping: https://www.nawy.com/compound/456-6ixty-iconic-tower
2026-01-30 14:46:59,852 | INFO | 📄 Navigating to: https://www.nawy.com/compound/456-6ixty-iconic-tower...
2026-01-30 14:47:21,394 | INFO |    ✅ 6ixty Iconic Tower
2026-01-30 14:47:21,546 | INFO | ➕ Inserted new compound: 6ixty Iconic Tower
2026-01-30 14:47:21,547 | INFO |    💾 Saved to MongoDB
2026-01-30 14:47:27,030 | INFO | [93/356] Scraping: https://www.nawy.com/compound/457-sueno
2026-01-30 14:47:27,033 | INFO | 📄 Navigating to: https://www.nawy.com/compound/457-sueno...
2026-01-30 14:47:57,176 | ERROR | ❌ Navigation error (attempt 1): Timeout 30000ms exceeded.
2026-01-30 14:47:57,176 | INFO | ⏳ Retrying in 2.8s...
2026-01-30 14:47:59,958 | INFO | 📄 Navigating to: https://www.nawy.com/compound/457-sueno...
2026-01-30 14:48:30,113 | ERROR | ❌ Navigation error (attempt 2): Timeout 30000ms exceeded.
2026-01-30 14:48:30,114 | INFO | ⏳ Retrying in 3.3s...
2026-01-30 14:48:33,377 | INFO | 📄 Navigating to: https://www.nawy.com/compound/457-sueno...
2026-01-30 14:49:03,534 | ERROR | ❌ Navigation error (attempt 3): Timeout 30000ms exceeded.
2026-01-30 14:49:03,536 | WARNING |    ❌ Failed to scrape
2026-01-30 14:49:08,584 | INFO | [94/356] Scraping: https://www.nawy.com/compound/458-elite-mall
2026-01-30 14:49:08,585 | INFO | 📄 Navigating to: https://www.nawy.com/compound/458-elite-mall...
2026-01-30 14:49:38,709 | ERROR | ❌ Navigation error (attempt 1): Timeout 30000ms exceeded.
2026-01-30 14:49:38,711 | INFO | ⏳ Retrying in 3.3s...
2026-01-30 14:49:41,974 | INFO | 📄 Navigating to: https://www.nawy.com/compound/458-elite-mall...
2026-01-30 14:50:12,101 | ERROR | ❌ Navigation error (attempt 2): Timeout 30000ms exceeded.
2026-01-30 14:50:12,103 | INFO | ⏳ Retrying in 3.5s...
2026-01-30 14:50:15,591 | INFO | 📄 Navigating to: https://www.nawy.com/compound/458-elite-mall...
2026-01-30 14:50:22,218 | INFO |    ✅ Elite Mall
2026-01-30 14:50:22,307 | INFO | ➕ Inserted new compound: Elite Mall
2026-01-30 14:50:22,308 | INFO |    💾 Saved to MongoDB
2026-01-30 14:50:25,673 | INFO | [95/356] Scraping: https://www.nawy.com/compound/459-the-view-waterway
2026-01-30 14:50:25,675 | INFO | 📄 Navigating to: https://www.nawy.com/compound/459-the-view-waterway...
2026-01-30 14:50:35,099 | INFO |    ✅ The View Waterway
2026-01-30 14:50:35,189 | INFO | ➕ Inserted new compound: The View Waterway
2026-01-30 14:50:35,191 | INFO |    💾 Saved to MongoDB
2026-01-30 14:50:39,965 | INFO | [96/356] Scraping: https://www.nawy.com/compound/460-rare
2026-01-30 14:50:39,965 | INFO | 📄 Navigating to: https://www.nawy.com/compound/460-rare...
2026-01-30 14:50:58,231 | INFO |    ✅ Rare
2026-01-30 14:50:58,309 | INFO | ➕ Inserted new compound: Rare
2026-01-30 14:50:58,310 | INFO |    💾 Saved to MongoDB
2026-01-30 14:51:02,787 | INFO | [97/356] Scraping: https://www.nawy.com/compound/461-the-v-hub
2026-01-30 14:51:02,789 | INFO | 📄 Navigating to: https://www.nawy.com/compound/461-the-v-hub...
2026-01-30 14:51:32,935 | ERROR | ❌ Navigation error (attempt 1): Timeout 30000ms exceeded.
2026-01-30 14:51:32,936 | INFO | ⏳ Retrying in 3.7s...
2026-01-30 14:51:36,608 | INFO | 📄 Navigating to: https://www.nawy.com/compound/461-the-v-hub...
2026-01-30 14:52:06,756 | ERROR | ❌ Navigation error (attempt 2): Timeout 30000ms exceeded.
2026-01-30 14:52:06,758 | INFO | ⏳ Retrying in 3.9s...
2026-01-30 14:52:10,638 | INFO | 📄 Navigating to: https://www.nawy.com/compound/461-the-v-hub...
2026-01-30 14:52:18,597 | INFO |    ✅ The V Hub
2026-01-30 14:52:18,683 | INFO | ➕ Inserted new compound: The V Hub
2026-01-30 14:52:18,684 | INFO |    💾 Saved to MongoDB
2026-01-30 14:52:22,447 | INFO | [98/356] Scraping: https://www.nawy.com/compound/462-creektown
2026-01-30 14:52:22,449 | INFO | 📄 Navigating to: https://www.nawy.com/compound/462-creektown...
2026-01-30 14:52:45,559 | INFO |    ✅ Creektown
2026-01-30 14:52:45,703 | INFO | ➕ Inserted new compound: Creektown
2026-01-30 14:52:45,704 | INFO |    💾 Saved to MongoDB
2026-01-30 14:52:50,606 | INFO | [99/356] Scraping: https://www.nawy.com/compound/463-festival-tower
2026-01-30 14:52:50,608 | INFO | 📄 Navigating to: https://www.nawy.com/compound/463-festival-tower...
2026-01-30 14:53:20,731 | ERROR | ❌ Navigation error (attempt 1): Timeout 30000ms exceeded.
2026-01-30 14:53:20,732 | INFO | ⏳ Retrying in 3.9s...
2026-01-30 14:53:24,665 | INFO | 📄 Navigating to: https://www.nawy.com/compound/463-festival-tower...
2026-01-30 14:53:54,785 | ERROR | ❌ Navigation error (attempt 2): Timeout 30000ms exceeded.
2026-01-30 14:53:54,786 | INFO | ⏳ Retrying in 3.8s...
2026-01-30 14:53:58,621 | INFO | 📄 Navigating to: https://www.nawy.com/compound/463-festival-tower...
2026-01-30 14:54:28,770 | ERROR | ❌ Navigation error (attempt 3): Timeout 30000ms exceeded.
2026-01-30 14:54:28,770 | WARNING |    ❌ Failed to scrape
2026-01-30 14:54:34,682 | INFO | [100/356] Scraping: https://www.nawy.com/compound/464-unitower
2026-01-30 14:54:34,682 | INFO | 📄 Navigating to: https://www.nawy.com/compound/464-unitower...
2026-01-30 14:55:04,799 | ERROR | ❌ Navigation error (attempt 1): Timeout 30000ms exceeded.
2026-01-30 14:55:04,800 | INFO | ⏳ Retrying in 3.0s...
2026-01-30 14:55:07,796 | INFO | 📄 Navigating to: https://www.nawy.com/compound/464-unitower...
2026-01-30 14:55:37,949 | ERROR | ❌ Navigation error (attempt 2): Timeout 30000ms exceeded.
2026-01-30 14:55:37,950 | INFO | ⏳ Retrying in 3.5s...
2026-01-30 14:55:41,451 | INFO | 📄 Navigating to: https://www.nawy.com/compound/464-unitower...
2026-01-30 14:55:53,958 | INFO |    ✅ UniTower
2026-01-30 14:55:54,124 | INFO | ➕ Inserted new compound: UniTower
2026-01-30 14:55:54,125 | INFO |    💾 Saved to MongoDB
2026-01-30 14:55:58,492 | INFO | [101/356] Scraping: https://www.nawy.com/compound/465-midtown-solo-mall
2026-01-30 14:55:58,493 | INFO | 📄 Navigating to: https://www.nawy.com/compound/465-midtown-solo-mall...
2026-01-30 14:56:32,085 | INFO |    ✅ Midtown Solo Mall
2026-01-30 14:56:32,209 | INFO | ➕ Inserted new compound: Midtown Solo Mall
2026-01-30 14:56:32,209 | INFO |    💾 Saved to MongoDB
2026-01-30 14:56:35,339 | INFO | [102/356] Scraping: https://www.nawy.com/compound/466-midtown-condo-mall
2026-01-30 14:56:35,340 | INFO | 📄 Navigating to: https://www.nawy.com/compound/466-midtown-condo-mall...
2026-01-30 14:56:44,859 | INFO |    ✅ Midtown Condo Mall
2026-01-30 14:56:44,992 | INFO | ➕ Inserted new compound: Midtown Condo Mall
2026-01-30 14:56:44,992 | INFO |    💾 Saved to MongoDB
2026-01-30 14:56:48,756 | INFO | [103/356] Scraping: https://www.nawy.com/compound/467-cairo-business-plaza
2026-01-30 14:56:48,757 | INFO | 📄 Navigating to: https://www.nawy.com/compound/467-cairo-business-plaza...
2026-01-30 14:56:57,528 | INFO |    ✅ Cairo Business Plaza
2026-01-30 14:56:57,650 | INFO | ➕ Inserted new compound: Cairo Business Plaza
2026-01-30 14:56:57,652 | INFO |    💾 Saved to MongoDB
2026-01-30 14:57:03,054 | INFO | [104/356] Scraping: https://www.nawy.com/compound/468-zed-the-u
2026-01-30 14:57:03,055 | INFO | 📄 Navigating to: https://www.nawy.com/compound/468-zed-the-u...
2026-01-30 14:57:18,290 | INFO |    ✅ Zed The U
2026-01-30 14:57:18,405 | INFO | ➕ Inserted new compound: Zed The U
2026-01-30 14:57:18,405 | INFO |    💾 Saved to MongoDB
2026-01-30 14:57:24,073 | INFO | [105/356] Scraping: https://www.nawy.com/compound/469-chess-field
2026-01-30 14:57:24,074 | INFO | 📄 Navigating to: https://www.nawy.com/compound/469-chess-field...
2026-01-30 14:57:54,210 | ERROR | ❌ Navigation error (attempt 1): Timeout 30000ms exceeded.
2026-01-30 14:57:54,211 | INFO | ⏳ Retrying in 2.8s...
2026-01-30 14:57:57,029 | INFO | 📄 Navigating to: https://www.nawy.com/compound/469-chess-field...
2026-01-30 14:58:27,164 | ERROR | ❌ Navigation error (attempt 2): Timeout 30000ms exceeded.
2026-01-30 14:58:27,165 | INFO | ⏳ Retrying in 4.9s...
2026-01-30 14:58:32,035 | INFO | 📄 Navigating to: https://www.nawy.com/compound/469-chess-field...
2026-01-30 14:59:02,152 | ERROR | ❌ Navigation error (attempt 3): Timeout 30000ms exceeded.
2026-01-30 14:59:02,153 | WARNING |    ❌ Failed to scrape
2026-01-30 14:59:08,063 | INFO | [106/356] Scraping: https://www.nawy.com/compound/471-podia-tower
2026-01-30 14:59:08,064 | INFO | 📄 Navigating to: https://www.nawy.com/compound/471-podia-tower...
2026-01-30 14:59:38,180 | ERROR | ❌ Navigation error (attempt 1): Timeout 30000ms exceeded.
2026-01-30 14:59:38,180 | INFO | ⏳ Retrying in 3.8s...
2026-01-30 14:59:42,006 | INFO | 📄 Navigating to: https://www.nawy.com/compound/471-podia-tower...
2026-01-30 15:00:12,124 | ERROR | ❌ Navigation error (attempt 2): Timeout 30000ms exceeded.
2026-01-30 15:00:12,125 | INFO | ⏳ Retrying in 4.4s...
2026-01-30 15:00:16,554 | INFO | 📄 Navigating to: https://www.nawy.com/compound/471-podia-tower...
2026-01-30 15:00:46,678 | ERROR | ❌ Navigation error (attempt 3): Timeout 30000ms exceeded.
2026-01-30 15:00:46,678 | WARNING |    ❌ Failed to scrape
2026-01-30 15:00:52,137 | INFO | [107/356] Scraping: https://www.nawy.com/compound/472-fanadir-lagoons
2026-01-30 15:00:52,139 | INFO | 📄 Navigating to: https://www.nawy.com/compound/472-fanadir-lagoons...
2026-01-30 15:01:22,268 | ERROR | ❌ Navigation error (attempt 1): Timeout 30000ms exceeded.
2026-01-30 15:01:22,271 | INFO | ⏳ Retrying in 3.2s...
2026-01-30 15:01:25,483 | INFO | 📄 Navigating to: https://www.nawy.com/compound/472-fanadir-lagoons...
2026-01-30 15:01:55,605 | ERROR | ❌ Navigation error (attempt 2): Timeout 30000ms exceeded.
2026-01-30 15:01:55,614 | INFO | ⏳ Retrying in 4.3s...
2026-01-30 15:01:59,897 | INFO | 📄 Navigating to: https://www.nawy.com/compound/472-fanadir-lagoons...
2026-01-30 15:02:30,012 | ERROR | ❌ Navigation error (attempt 3): Timeout 30000ms exceeded.
2026-01-30 15:02:30,014 | WARNING |    ❌ Failed to scrape
2026-01-30 15:02:33,884 | INFO | [108/356] Scraping: https://www.nawy.com/compound/473-ourika
2026-01-30 15:02:33,885 | INFO | 📄 Navigating to: https://www.nawy.com/compound/473-ourika...
2026-01-30 15:03:04,016 | ERROR | ❌ Navigation error (attempt 1): Timeout 30000ms exceeded.
2026-01-30 15:03:04,021 | INFO | ⏳ Retrying in 3.1s...
2026-01-30 15:03:06,387 | ERROR | Error
Traceback (most recent call last):
  File "E:\StudioProjects\SemsAi\nawy-scraper\scrapers\base_scraper.py", line 148, in safe_goto
    response = await self.page.goto(
               ^^^^^^^^^^^^^^^^^^^^^
  File "C:\Users\Youssef\AppData\Roaming\Python\Python312\site-packages\playwright\async_api\_generated.py", line 9260, in goto
    await self._impl_obj.goto(
  File "C:\Users\Youssef\AppData\Roaming\Python\Python312\site-packages\playwright\_impl\_page.py", line 475, in goto
    return await self._main_frame.goto(**locals_to_params(locals()))
           ^^^^^^^^^^^^^^^^^^^^^^^^^^^^^^^^^^^^^^^^^^^^^^^^^^^^^^^^^
  File "C:\Users\Youssef\AppData\Roaming\Python\Python312\site-packages\playwright\_impl\_frame.py", line 139, in goto
    await self._channel.send("goto", locals_to_params(locals()))
  File "C:\Users\Youssef\AppData\Roaming\Python\Python312\site-packages\playwright\_impl\_connection.py", line 62, in send
    return await self._connection.wrap_api_call(
           ^^^^^^^^^^^^^^^^^^^^^^^^^^^^^^^^^^^^^
  File "C:\Users\Youssef\AppData\Roaming\Python\Python312\site-packages\playwright\_impl\_connection.py", line 492, in wrap_api_call
    return await cb()
           ^^^^^^^^^^
  File "C:\Users\Youssef\AppData\Roaming\Python\Python312\site-packages\playwright\_impl\_connection.py", line 100, in inner_send
    result = next(iter(done)).result()
             ^^^^^^^^^^^^^^^^^^^^^^^^^
playwright._impl._errors.TimeoutError: Timeout 30000ms exceeded.

During handling of the above exception, another exception occurred:

Traceback (most recent call last):
  File "E:\StudioProjects\SemsAi\nawy-scraper\scrape_smart.py", line 135, in scrape_missing_from_mongodb
    compound_data = await scraper._scrape_compound_detail(url)
                    ^^^^^^^^^^^^^^^^^^^^^^^^^^^^^^^^^^^^^^^^^^
  File "E:\StudioProjects\SemsAi\nawy-scraper\scrapers\compound_scraper.py", line 300, in _scrape_compound_detail
    if not await self.safe_goto(url):
           ^^^^^^^^^^^^^^^^^^^^^^^^^
  File "E:\StudioProjects\SemsAi\nawy-scraper\scrapers\base_scraper.py", line 177, in safe_goto
    await asyncio.sleep(wait_time)
  File "C:\Program Files\Python312\Lib\asyncio\tasks.py", line 665, in sleep
    return await future
           ^^^^^^^^^^^^
asyncio.exceptions.CancelledError

During handling of the above exception, another exception occurred:

Traceback (most recent call last):
  File "E:\StudioProjects\SemsAi\nawy-scraper\scrape_smart.py", line 197, in main
    compounds = asyncio.run(scrape_missing_from_mongodb())
                ^^^^^^^^^^^^^^^^^^^^^^^^^^^^^^^^^^^^^^^^^^
  File "C:\Program Files\Python312\Lib\asyncio\runners.py", line 194, in run
    return runner.run(main)
           ^^^^^^^^^^^^^^^^
  File "C:\Program Files\Python312\Lib\asyncio\runners.py", line 118, in run
    return self._loop.run_until_complete(task)
           ^^^^^^^^^^^^^^^^^^^^^^^^^^^^^^^^^^^
  File "C:\Program Files\Python312\Lib\asyncio\base_events.py", line 687, in run_until_complete
    return future.result()
           ^^^^^^^^^^^^^^^
  File "E:\StudioProjects\SemsAi\nawy-scraper\scrape_smart.py", line 175, in scrape_missing_from_mongodb
    await scraper.close()
  File "E:\StudioProjects\SemsAi\nawy-scraper\scrapers\base_scraper.py", line 107, in close
    await self.context.close()
  File "C:\Users\Youssef\AppData\Roaming\Python\Python312\site-packages\playwright\async_api\_generated.py", line 13758, in close
    return mapping.from_maybe_impl(await self._impl_obj.close(reason=reason))
                                   ^^^^^^^^^^^^^^^^^^^^^^^^^^^^^^^^^^^^^^^^^
  File "C:\Users\Youssef\AppData\Roaming\Python\Python312\site-packages\playwright\_impl\_browser_context.py", line 485, in close
    await self._channel.send("close", filter_none({"reason": reason}))
  File "C:\Users\Youssef\AppData\Roaming\Python\Python312\site-packages\playwright\_impl\_connection.py", line 62, in send
    return await self._connection.wrap_api_call(
           ^^^^^^^^^^^^^^^^^^^^^^^^^^^^^^^^^^^^^
  File "C:\Users\Youssef\AppData\Roaming\Python\Python312\site-packages\playwright\_impl\_connection.py", line 492, in wrap_api_call
    return await cb()
           ^^^^^^^^^^
  File "C:\Users\Youssef\AppData\Roaming\Python\Python312\site-packages\playwright\_impl\_connection.py", line 100, in inner_send
    result = next(iter(done)).result()
             ^^^^^^^^^^^^^^^^^^^^^^^^^
playwright._impl._errors.TargetClosedError: Target page, context or browser has been closed
Browser logs:

<launching> C:\Users\Youssef\AppData\Local\ms-playwright\chromium-1091\chrome-win\chrome.exe --disable-field-trial-config --disable-background-networking --enable-features=NetworkService,NetworkServiceInProcess --disable-background-timer-throttling --disable-backgrounding-occluded-windows --disable-back-forward-cache --disable-breakpad --disable-client-side-phishing-detection --disable-component-extensions-with-background-pages --disable-component-update --no-default-browser-check --disable-default-apps --disable-dev-shm-usage --disable-extensions --disable-features=ImprovedCookieControls,LazyFrameLoading,GlobalMediaControls,DestroyProfileOnBrowserClose,MediaRouter,DialMediaRouteProvider,AcceptCHFrame,AutoExpandDetailsElement,CertificateTransparencyComponentUpdater,AvoidUnnecessaryBeforeUnloadCheckSync,Translate,HttpsUpgrades --allow-pre-commit-input --disable-hang-monitor --disable-ipc-flooding-protection --disable-popup-blocking --disable-prompt-on-repost --disable-renderer-backgrounding --force-color-profile=srgb --metrics-recording-only --no-first-run --enable-automation --password-store=basic --use-mock-keychain --no-service-autorun --export-tagged-pdf --disable-search-engine-choice-screen --headless --hide-scrollbars --mute-audio --blink-settings=primaryHoverType=2,availableHoverTypes=2,primaryPointerType=4,availablePointerTypes=4 --no-sandbox --disable-blink-features=AutomationControlled --disable-dev-shm-usage --no-sandbox --disable-setuid-sandbox --disable-web-security --disable-features=IsolateOrigins,site-per-process --user-data-dir=E:\Temp\playwright_chromiumdev_profile-IvIUNm --remote-debugging-pipe --no-startup-window
<launched> pid=14204
[pid=14204] <gracefully close start>
2026-01-30 15:03:06,493 | INFO | 🔌 Disconnected from MongoDB
2026-01-30 15:03:13,731 | INFO | ✅ Connected to MongoDB: semsai
2026-01-30 15:03:24,339 | INFO | 🚀 Initializing browser...
2026-01-30 15:03:26,416 | INFO | ✅ Browser initialized (UA: Mozilla/5.0 (Windows NT 10.0; Win64; x64) AppleWeb...)
2026-01-30 15:03:26,417 | INFO | [1/271] Scraping: https://www.nawy.com/compound/1665-ivy
2026-01-30 15:03:26,417 | INFO | 📄 Navigating to: https://www.nawy.com/compound/1665-ivy...
2026-01-30 15:03:41,718 | INFO |    ✅ IVY
2026-01-30 15:03:41,810 | INFO | 🔄 Updated compound: IVY
2026-01-30 15:03:41,810 | INFO |    💾 Saved to MongoDB
2026-01-30 15:03:47,255 | INFO | [2/271] Scraping: https://www.nawy.com/compound/1935-address-east
2026-01-30 15:03:47,257 | INFO | 📄 Navigating to: https://www.nawy.com/compound/1935-address-east...
2026-01-30 15:03:54,113 | INFO |    ✅ Address East
2026-01-30 15:03:54,195 | INFO | 🔄 Updated compound: Address East
2026-01-30 15:03:54,195 | INFO |    💾 Saved to MongoDB
2026-01-30 15:03:58,615 | INFO | [3/271] Scraping: https://www.nawy.com/compound/1140-gems
2026-01-30 15:03:58,620 | INFO | 📄 Navigating to: https://www.nawy.com/compound/1140-gems...
2026-01-30 15:04:06,673 | INFO |    ✅ Gems
2026-01-30 15:04:06,738 | INFO | ➕ Inserted new compound: Gems
2026-01-30 15:04:06,740 | INFO |    💾 Saved to MongoDB
2026-01-30 15:04:12,199 | INFO | [4/271] Scraping: https://www.nawy.com/compound/1143-w-signature
2026-01-30 15:04:12,199 | INFO | 📄 Navigating to: https://www.nawy.com/compound/1143-w-signature...
2026-01-30 15:04:31,896 | INFO |    ✅ W signature
2026-01-30 15:04:31,972 | INFO | ➕ Inserted new compound: W signature
2026-01-30 15:04:31,972 | INFO |    💾 Saved to MongoDB
2026-01-30 15:04:36,597 | INFO | [5/271] Scraping: https://www.nawy.com/compound/1165-mountain-view-katameya-residence
2026-01-30 15:04:36,598 | INFO | 📄 Navigating to: https://www.nawy.com/compound/1165-mountain-view-katameya-residence...
2026-01-30 15:05:06,732 | ERROR | ❌ Navigation error (attempt 1): Timeout 30000ms exceeded.
2026-01-30 15:05:06,734 | INFO | ⏳ Retrying in 3.7s...
2026-01-30 15:05:10,494 | INFO | 📄 Navigating to: https://www.nawy.com/compound/1165-mountain-view-katameya-residence...
2026-01-30 15:05:32,014 | INFO |    ✅ Mountain View Executive Residence Katameya
2026-01-30 15:05:32,072 | INFO | 🔄 Updated compound: Mountain View Executive Residence Katameya
2026-01-30 15:05:32,073 | INFO |    💾 Saved to MongoDB
2026-01-30 15:05:37,929 | INFO | [6/271] Scraping: https://www.nawy.com/compound/1186-el-gouna-south-marina
2026-01-30 15:05:37,931 | INFO | 📄 Navigating to: https://www.nawy.com/compound/1186-el-gouna-south-marina...
2026-01-30 15:06:01,702 | INFO |    ✅ El Gouna South Marina
2026-01-30 15:06:01,793 | INFO | ➕ Inserted new compound: El Gouna South Marina
2026-01-30 15:06:01,794 | INFO |    💾 Saved to MongoDB
2026-01-30 15:06:07,436 | INFO | [7/271] Scraping: https://www.nawy.com/compound/1194-palma
2026-01-30 15:06:07,437 | INFO | 📄 Navigating to: https://www.nawy.com/compound/1194-palma...
2026-01-30 15:06:19,184 | INFO |    ✅ Palma
2026-01-30 15:06:19,261 | INFO | ➕ Inserted new compound: Palma
2026-01-30 15:06:19,262 | INFO |    💾 Saved to MongoDB
2026-01-30 15:06:25,000 | INFO | [8/271] Scraping: https://www.nawy.com/compound/1217-5-business-hub-mall
2026-01-30 15:06:25,003 | INFO | 📄 Navigating to: https://www.nawy.com/compound/1217-5-business-hub-mall...
2026-01-30 15:06:41,854 | INFO |    ✅ 5 Business Hub Mall
2026-01-30 15:06:41,937 | INFO | ➕ Inserted new compound: 5 Business Hub Mall
2026-01-30 15:06:41,938 | INFO |    💾 Saved to MongoDB
2026-01-30 15:06:47,336 | INFO | [9/271] Scraping: https://www.nawy.com/compound/1218-the-big-business-district
2026-01-30 15:06:47,337 | INFO | 📄 Navigating to: https://www.nawy.com/compound/1218-the-big-business-district...
2026-01-30 15:07:17,466 | ERROR | ❌ Navigation error (attempt 1): Timeout 30000ms exceeded.
2026-01-30 15:07:17,466 | INFO | ⏳ Retrying in 2.4s...
2026-01-30 15:07:19,845 | INFO | 📄 Navigating to: https://www.nawy.com/compound/1218-the-big-business-district...
2026-01-30 15:07:49,977 | ERROR | ❌ Navigation error (attempt 2): Timeout 30000ms exceeded.
2026-01-30 15:07:49,978 | INFO | ⏳ Retrying in 4.6s...
2026-01-30 15:07:54,634 | INFO | 📄 Navigating to: https://www.nawy.com/compound/1218-the-big-business-district...
2026-01-30 15:08:24,751 | ERROR | ❌ Navigation error (attempt 3): Timeout 30000ms exceeded.
2026-01-30 15:08:24,752 | WARNING |    ❌ Failed to scrape
2026-01-30 15:08:27,799 | INFO | [10/271] Scraping: https://www.nawy.com/compound/1340-there
2026-01-30 15:08:27,800 | INFO | 📄 Navigating to: https://www.nawy.com/compound/1340-there...
2026-01-30 15:08:40,505 | INFO |    ✅ There
2026-01-30 15:08:40,595 | INFO | ➕ Inserted new compound: There
2026-01-30 15:08:40,595 | INFO |    💾 Saved to MongoDB
2026-01-30 15:08:44,792 | INFO | [11/271] Scraping: https://www.nawy.com/compound/404-belle-ville
2026-01-30 15:08:44,793 | INFO | 📄 Navigating to: https://www.nawy.com/compound/404-belle-ville...
2026-01-30 15:08:51,706 | INFO |    ✅ Belle Ville
2026-01-30 15:08:51,784 | INFO | ➕ Inserted new compound: Belle Ville
2026-01-30 15:08:51,784 | INFO |    💾 Saved to MongoDB
2026-01-30 15:08:55,276 | INFO | [12/271] Scraping: https://www.nawy.com/compound/407-al-karma-gates
2026-01-30 15:08:55,276 | INFO | 📄 Navigating to: https://www.nawy.com/compound/407-al-karma-gates...
2026-01-30 15:09:03,483 | INFO |    ✅ Al Karma Gates
2026-01-30 15:09:03,563 | INFO | ➕ Inserted new compound: Al Karma Gates
2026-01-30 15:09:03,563 | INFO |    💾 Saved to MongoDB
2026-01-30 15:09:09,163 | INFO | [13/271] Scraping: https://www.nawy.com/compound/408-parklane
2026-01-30 15:09:09,163 | INFO | 📄 Navigating to: https://www.nawy.com/compound/408-parklane...
2026-01-30 15:09:18,633 | INFO |    ✅ Parklane
2026-01-30 15:09:18,733 | INFO | ➕ Inserted new compound: Parklane
2026-01-30 15:09:18,733 | INFO |    💾 Saved to MongoDB
2026-01-30 15:09:22,293 | INFO | [14/271] Scraping: https://www.nawy.com/compound/428-i-business-park
2026-01-30 15:09:22,294 | INFO | 📄 Navigating to: https://www.nawy.com/compound/428-i-business-park...
2026-01-30 15:09:34,404 | INFO |    ✅ I-Business Park
2026-01-30 15:09:34,516 | INFO | ➕ Inserted new compound: I-Business Park
2026-01-30 15:09:34,517 | INFO |    💾 Saved to MongoDB
2026-01-30 15:09:39,063 | INFO | [15/271] Scraping: https://www.nawy.com/compound/429-the-cliff-il-bosco
2026-01-30 15:09:39,066 | INFO | 📄 Navigating to: https://www.nawy.com/compound/429-the-cliff-il-bosco...
2026-01-30 15:09:48,309 | INFO |    ✅ The Cliff Il Bosco
2026-01-30 15:09:48,387 | INFO | ➕ Inserted new compound: The Cliff Il Bosco
2026-01-30 15:09:48,388 | INFO |    💾 Saved to MongoDB
2026-01-30 15:09:51,946 | INFO | [16/271] Scraping: https://www.nawy.com/compound/438-capital-square
2026-01-30 15:09:51,946 | INFO | 📄 Navigating to: https://www.nawy.com/compound/438-capital-square...
2026-01-30 15:09:59,578 | INFO |    ✅ Capital Square
2026-01-30 15:09:59,665 | INFO | ➕ Inserted new compound: Capital Square
2026-01-30 15:09:59,666 | INFO |    💾 Saved to MongoDB
2026-01-30 15:10:05,657 | INFO | [17/271] Scraping: https://www.nawy.com/compound/439-citadel-commercial-complex
2026-01-30 15:10:05,658 | INFO | 📄 Navigating to: https://www.nawy.com/compound/439-citadel-commercial-complex...
2026-01-30 15:10:18,429 | INFO |    ✅ Citadel Commercial Complex
2026-01-30 15:10:18,508 | INFO | ➕ Inserted new compound: Citadel Commercial Complex
2026-01-30 15:10:18,508 | INFO |    💾 Saved to MongoDB
2026-01-30 15:10:21,783 | INFO | [18/271] Scraping: https://www.nawy.com/compound/457-sueno
2026-01-30 15:10:21,783 | INFO | 📄 Navigating to: https://www.nawy.com/compound/457-sueno...
2026-01-30 15:10:30,110 | INFO |    ✅ Sueno
2026-01-30 15:10:30,194 | INFO | ➕ Inserted new compound: Sueno
2026-01-30 15:10:30,194 | INFO |    💾 Saved to MongoDB
2026-01-30 15:10:34,836 | INFO | [19/271] Scraping: https://www.nawy.com/compound/463-festival-tower
2026-01-30 15:10:34,838 | INFO | 📄 Navigating to: https://www.nawy.com/compound/463-festival-tower...
2026-01-30 15:11:04,963 | ERROR | ❌ Navigation error (attempt 1): Timeout 30000ms exceeded.
2026-01-30 15:11:04,964 | INFO | ⏳ Retrying in 2.3s...
2026-01-30 15:11:07,255 | INFO | 📄 Navigating to: https://www.nawy.com/compound/463-festival-tower...
2026-01-30 15:11:14,968 | INFO |    ✅ Festival Tower
2026-01-30 15:11:15,172 | INFO | ➕ Inserted new compound: Festival Tower
2026-01-30 15:11:15,173 | INFO |    💾 Saved to MongoDB
2026-01-30 15:11:19,073 | INFO | [20/271] Scraping: https://www.nawy.com/compound/469-chess-field
2026-01-30 15:11:19,074 | INFO | 📄 Navigating to: https://www.nawy.com/compound/469-chess-field...
2026-01-30 15:11:27,720 | INFO |    ✅ Chess Field
2026-01-30 15:11:27,811 | INFO | ➕ Inserted new compound: Chess Field
2026-01-30 15:11:27,811 | INFO |    💾 Saved to MongoDB
2026-01-30 15:11:33,157 | INFO | [21/271] Scraping: https://www.nawy.com/compound/471-podia-tower
2026-01-30 15:11:33,157 | INFO | 📄 Navigating to: https://www.nawy.com/compound/471-podia-tower...
2026-01-30 15:11:50,227 | INFO |    ✅ Podia Tower
2026-01-30 15:11:50,310 | INFO | ➕ Inserted new compound: Podia Tower
2026-01-30 15:11:50,310 | INFO |    💾 Saved to MongoDB
2026-01-30 15:11:53,888 | INFO | [22/271] Scraping: https://www.nawy.com/compound/472-fanadir-lagoons
2026-01-30 15:11:53,889 | INFO | 📄 Navigating to: https://www.nawy.com/compound/472-fanadir-lagoons...
2026-01-30 15:12:25,739 | INFO |    ✅ Fanadir Lagoons
2026-01-30 15:12:25,896 | INFO | ➕ Inserted new compound: Fanadir Lagoons
2026-01-30 15:12:25,896 | INFO |    💾 Saved to MongoDB
2026-01-30 15:12:30,385 | INFO | [23/271] Scraping: https://www.nawy.com/compound/473-ourika
2026-01-30 15:12:30,385 | INFO | 📄 Navigating to: https://www.nawy.com/compound/473-ourika...
2026-01-30 15:13:00,514 | ERROR | ❌ Navigation error (attempt 1): Timeout 30000ms exceeded.
2026-01-30 15:13:00,514 | INFO | ⏳ Retrying in 3.6s...
2026-01-30 15:13:04,162 | INFO | 📄 Navigating to: https://www.nawy.com/compound/473-ourika...
2026-01-30 15:13:34,292 | ERROR | ❌ Navigation error (attempt 2): Timeout 30000ms exceeded.
2026-01-30 15:13:34,294 | INFO | ⏳ Retrying in 3.6s...
2026-01-30 15:13:37,946 | INFO | 📄 Navigating to: https://www.nawy.com/compound/473-ourika...
2026-01-30 15:14:08,082 | ERROR | ❌ Navigation error (attempt 3): Timeout 30000ms exceeded.
2026-01-30 15:14:08,084 | WARNING |    ❌ Failed to scrape
2026-01-30 15:14:13,735 | INFO | [24/271] Scraping: https://www.nawy.com/compound/474-the-tower
2026-01-30 15:14:13,736 | INFO | 📄 Navigating to: https://www.nawy.com/compound/474-the-tower...
2026-01-30 15:14:20,026 | INFO |    ✅ The Tower
2026-01-30 15:14:20,103 | INFO | ➕ Inserted new compound: The Tower
2026-01-30 15:14:20,104 | INFO |    💾 Saved to MongoDB
2026-01-30 15:14:25,730 | INFO | [25/271] Scraping: https://www.nawy.com/compound/475-ramatan
2026-01-30 15:14:25,731 | INFO | 📄 Navigating to: https://www.nawy.com/compound/475-ramatan...
2026-01-30 15:14:40,508 | INFO |    ✅ Ramatan
2026-01-30 15:14:40,592 | INFO | ➕ Inserted new compound: Ramatan
2026-01-30 15:14:40,593 | INFO |    💾 Saved to MongoDB
2026-01-30 15:14:45,224 | INFO | [26/271] Scraping: https://www.nawy.com/compound/476-audaz
2026-01-30 15:14:45,224 | INFO | 📄 Navigating to: https://www.nawy.com/compound/476-audaz...
2026-01-30 15:15:15,342 | ERROR | ❌ Navigation error (attempt 1): Timeout 30000ms exceeded.
2026-01-30 15:15:15,344 | INFO | ⏳ Retrying in 2.3s...
2026-01-30 15:15:17,689 | INFO | 📄 Navigating to: https://www.nawy.com/compound/476-audaz...
2026-01-30 15:15:47,820 | ERROR | ❌ Navigation error (attempt 2): Timeout 30000ms exceeded.
2026-01-30 15:15:47,821 | INFO | ⏳ Retrying in 3.2s...
2026-01-30 15:15:51,067 | INFO | 📄 Navigating to: https://www.nawy.com/compound/476-audaz...
2026-01-30 15:16:21,205 | ERROR | ❌ Navigation error (attempt 3): Timeout 30000ms exceeded.
2026-01-30 15:16:21,206 | WARNING |    ❌ Failed to scrape
2026-01-30 15:16:24,915 | INFO | [27/271] Scraping: https://www.nawy.com/compound/480-atika
2026-01-30 15:16:24,916 | INFO | 📄 Navigating to: https://www.nawy.com/compound/480-atika...
2026-01-30 15:16:55,050 | ERROR | ❌ Navigation error (attempt 1): Timeout 30000ms exceeded.
2026-01-30 15:16:55,051 | INFO | ⏳ Retrying in 3.1s...
2026-01-30 15:16:58,168 | INFO | 📄 Navigating to: https://www.nawy.com/compound/480-atika...
2026-01-30 15:17:28,308 | ERROR | ❌ Navigation error (attempt 2): Timeout 30000ms exceeded.
2026-01-30 15:17:28,309 | INFO | ⏳ Retrying in 4.8s...
2026-01-30 15:17:33,093 | INFO | 📄 Navigating to: https://www.nawy.com/compound/480-atika...
2026-01-30 15:18:03,237 | ERROR | ❌ Navigation error (attempt 3): Timeout 30000ms exceeded.
2026-01-30 15:18:03,239 | WARNING |    ❌ Failed to scrape
2026-01-30 15:18:06,849 | INFO | [28/271] Scraping: https://www.nawy.com/compound/481-la-fayette-village
2026-01-30 15:18:06,851 | INFO | 📄 Navigating to: https://www.nawy.com/compound/481-la-fayette-village...
2026-01-30 15:18:19,343 | INFO |    ✅ La Fayette Village
2026-01-30 15:18:19,438 | INFO | ➕ Inserted new compound: La Fayette Village
2026-01-30 15:18:19,438 | INFO |    💾 Saved to MongoDB
2026-01-30 15:18:23,880 | INFO | [29/271] Scraping: https://www.nawy.com/compound/484-amberville
2026-01-30 15:18:23,883 | INFO | 📄 Navigating to: https://www.nawy.com/compound/484-amberville...
2026-01-30 15:18:41,467 | INFO |    ✅ Amberville
2026-01-30 15:18:41,562 | INFO | ➕ Inserted new compound: Amberville
2026-01-30 15:18:41,563 | INFO |    💾 Saved to MongoDB
2026-01-30 15:18:44,711 | INFO | [30/271] Scraping: https://www.nawy.com/compound/485-mazarine-islands
2026-01-30 15:18:44,712 | INFO | 📄 Navigating to: https://www.nawy.com/compound/485-mazarine-islands...
2026-01-30 15:18:58,318 | INFO |    ✅ Mazarine Islands
2026-01-30 15:18:58,436 | INFO | ➕ Inserted new compound: Mazarine Islands
2026-01-30 15:18:58,437 | INFO |    💾 Saved to MongoDB
2026-01-30 15:19:03,751 | INFO | [31/271] Scraping: https://www.nawy.com/compound/486-dyar-park
2026-01-30 15:19:03,752 | INFO | 📄 Navigating to: https://www.nawy.com/compound/486-dyar-park...
2026-01-30 15:19:19,099 | INFO |    ✅ Dyar Park
2026-01-30 15:19:19,179 | INFO | ➕ Inserted new compound: Dyar Park
2026-01-30 15:19:19,180 | INFO |    💾 Saved to MongoDB
2026-01-30 15:19:24,612 | INFO | [32/271] Scraping: https://www.nawy.com/compound/487-mangroovy
2026-01-30 15:19:24,612 | INFO | 📄 Navigating to: https://www.nawy.com/compound/487-mangroovy...
2026-01-30 15:19:32,850 | INFO |    ✅ Mangroovy
2026-01-30 15:19:32,933 | INFO | ➕ Inserted new compound: Mangroovy
2026-01-30 15:19:32,933 | INFO |    💾 Saved to MongoDB
2026-01-30 15:19:38,489 | INFO | [33/271] Scraping: https://www.nawy.com/compound/488-tonino-lamborghini-residences
2026-01-30 15:19:38,491 | INFO | 📄 Navigating to: https://www.nawy.com/compound/488-tonino-lamborghini-residences...
2026-01-30 15:19:51,075 | INFO |    ✅ Tonino Lamborghini Residences
2026-01-30 15:19:51,158 | INFO | ➕ Inserted new compound: Tonino Lamborghini Residences
2026-01-30 15:19:51,158 | INFO |    💾 Saved to MongoDB
2026-01-30 15:19:56,167 | INFO | [34/271] Scraping: https://www.nawy.com/compound/489-regency-business-tower
2026-01-30 15:19:56,167 | INFO | 📄 Navigating to: https://www.nawy.com/compound/489-regency-business-tower...
2026-01-30 15:20:04,595 | INFO |    ✅ Regency Business Tower
2026-01-30 15:20:04,674 | INFO | ➕ Inserted new compound: Regency Business Tower
2026-01-30 15:20:04,674 | INFO |    💾 Saved to MongoDB
2026-01-30 15:20:07,712 | INFO | [35/271] Scraping: https://www.nawy.com/compound/490-il-bosco-city
2026-01-30 15:20:07,713 | INFO | 📄 Navigating to: https://www.nawy.com/compound/490-il-bosco-city...
2026-01-30 15:20:26,440 | INFO |    ✅ Il Bosco City
2026-01-30 15:20:26,538 | INFO | ➕ Inserted new compound: Il Bosco City
2026-01-30 15:20:26,539 | INFO |    💾 Saved to MongoDB
2026-01-30 15:20:30,062 | INFO | [36/271] Scraping: https://www.nawy.com/compound/491-the-loft-plaza
2026-01-30 15:20:30,063 | INFO | 📄 Navigating to: https://www.nawy.com/compound/491-the-loft-plaza...
2026-01-30 15:20:42,284 | INFO |    ✅ The Loft Plaza
2026-01-30 15:20:42,373 | INFO | ➕ Inserted new compound: The Loft Plaza
2026-01-30 15:20:42,374 | INFO |    💾 Saved to MongoDB
2026-01-30 15:20:48,101 | INFO | [37/271] Scraping: https://www.nawy.com/compound/493-il-latini-sed
2026-01-30 15:20:48,104 | INFO | 📄 Navigating to: https://www.nawy.com/compound/493-il-latini-sed...
2026-01-30 15:21:18,241 | ERROR | ❌ Navigation error (attempt 1): Timeout 30000ms exceeded.
2026-01-30 15:21:18,243 | INFO | ⏳ Retrying in 3.5s...
2026-01-30 15:21:21,788 | INFO | 📄 Navigating to: https://www.nawy.com/compound/493-il-latini-sed...
2026-01-30 15:21:51,922 | ERROR | ❌ Navigation error (attempt 2): Timeout 30000ms exceeded.
2026-01-30 15:21:51,923 | INFO | ⏳ Retrying in 3.2s...
2026-01-30 15:21:55,137 | INFO | 📄 Navigating to: https://www.nawy.com/compound/493-il-latini-sed...
2026-01-30 15:22:25,259 | ERROR | ❌ Navigation error (attempt 3): Timeout 30000ms exceeded.
2026-01-30 15:22:25,260 | WARNING |    ❌ Failed to scrape
2026-01-30 15:22:30,076 | INFO | [38/271] Scraping: https://www.nawy.com/compound/494-entrada
2026-01-30 15:22:30,076 | INFO | 📄 Navigating to: https://www.nawy.com/compound/494-entrada...
2026-01-30 15:23:00,193 | ERROR | ❌ Navigation error (attempt 1): Timeout 30000ms exceeded.
2026-01-30 15:23:00,193 | INFO | ⏳ Retrying in 3.5s...
2026-01-30 15:23:03,668 | INFO | 📄 Navigating to: https://www.nawy.com/compound/494-entrada...
2026-01-30 15:23:10,984 | INFO |    ✅ Entrada
2026-01-30 15:23:11,075 | INFO | ➕ Inserted new compound: Entrada
2026-01-30 15:23:11,075 | INFO |    💾 Saved to MongoDB
2026-01-30 15:23:16,935 | INFO | [39/271] Scraping: https://www.nawy.com/compound/495-entrada-avenue
2026-01-30 15:23:16,935 | INFO | 📄 Navigating to: https://www.nawy.com/compound/495-entrada-avenue...
2026-01-30 15:23:38,263 | INFO |    ✅ Entrada Avenue
2026-01-30 15:23:38,354 | INFO | ➕ Inserted new compound: Entrada Avenue
2026-01-30 15:23:38,354 | INFO |    💾 Saved to MongoDB
2026-01-30 15:23:43,962 | INFO | [40/271] Scraping: https://www.nawy.com/compound/496-altea-marassi
2026-01-30 15:23:43,963 | INFO | 📄 Navigating to: https://www.nawy.com/compound/496-altea-marassi...
2026-01-30 15:24:14,088 | ERROR | ❌ Navigation error (attempt 1): Timeout 30000ms exceeded.
2026-01-30 15:24:14,089 | INFO | ⏳ Retrying in 3.2s...
2026-01-30 15:24:17,326 | INFO | 📄 Navigating to: https://www.nawy.com/compound/496-altea-marassi...
2026-01-30 15:24:47,449 | ERROR | ❌ Navigation error (attempt 2): Timeout 30000ms exceeded.
2026-01-30 15:24:47,450 | INFO | ⏳ Retrying in 3.2s...
2026-01-30 15:24:50,609 | INFO | 📄 Navigating to: https://www.nawy.com/compound/496-altea-marassi...
2026-01-30 15:25:20,734 | ERROR | ❌ Navigation error (attempt 3): Timeout 30000ms exceeded.
2026-01-30 15:25:20,735 | WARNING |    ❌ Failed to scrape
2026-01-30 15:25:23,773 | INFO | [41/271] Scraping: https://www.nawy.com/compound/497-paris-mall
2026-01-30 15:25:23,775 | INFO | 📄 Navigating to: https://www.nawy.com/compound/497-paris-mall...
2026-01-30 15:25:53,920 | ERROR | ❌ Navigation error (attempt 1): Timeout 30000ms exceeded.
2026-01-30 15:25:53,922 | INFO | ⏳ Retrying in 2.4s...
2026-01-30 15:25:56,293 | INFO | 📄 Navigating to: https://www.nawy.com/compound/497-paris-mall...
2026-01-30 15:26:26,413 | ERROR | ❌ Navigation error (attempt 2): Timeout 30000ms exceeded.
2026-01-30 15:26:26,413 | INFO | ⏳ Retrying in 4.9s...
2026-01-30 15:26:31,290 | INFO | 📄 Navigating to: https://www.nawy.com/compound/497-paris-mall...
2026-01-30 15:26:38,667 | INFO |    ✅ Paris Mall
2026-01-30 15:26:38,753 | INFO | ➕ Inserted new compound: Paris Mall
2026-01-30 15:26:38,753 | INFO |    💾 Saved to MongoDB
2026-01-30 15:26:43,009 | INFO | [42/271] Scraping: https://www.nawy.com/compound/498-grand-square-mall
2026-01-30 15:26:43,010 | INFO | 📄 Navigating to: https://www.nawy.com/compound/498-grand-square-mall...
2026-01-30 15:27:05,829 | INFO |    ✅ Grand Square Mall
2026-01-30 15:27:05,923 | INFO | ➕ Inserted new compound: Grand Square Mall
2026-01-30 15:27:05,923 | INFO |    💾 Saved to MongoDB
2026-01-30 15:27:09,376 | INFO | [43/271] Scraping: https://www.nawy.com/compound/499-garana
2026-01-30 15:27:09,377 | INFO | 📄 Navigating to: https://www.nawy.com/compound/499-garana...
2026-01-30 15:27:39,501 | ERROR | ❌ Navigation error (attempt 1): Timeout 30000ms exceeded.
2026-01-30 15:27:39,502 | INFO | ⏳ Retrying in 3.1s...
2026-01-30 15:27:42,623 | INFO | 📄 Navigating to: https://www.nawy.com/compound/499-garana...
2026-01-30 15:28:12,746 | ERROR | ❌ Navigation error (attempt 2): Timeout 30000ms exceeded.
2026-01-30 15:28:12,746 | INFO | ⏳ Retrying in 3.4s...
2026-01-30 15:28:16,144 | INFO | 📄 Navigating to: https://www.nawy.com/compound/499-garana...
2026-01-30 15:28:46,276 | ERROR | ❌ Navigation error (attempt 3): Timeout 30000ms exceeded.
2026-01-30 15:28:46,276 | WARNING |    ❌ Failed to scrape
2026-01-30 15:28:51,472 | INFO | [44/271] Scraping: https://www.nawy.com/compound/500-la-capitale
2026-01-30 15:28:51,474 | INFO | 📄 Navigating to: https://www.nawy.com/compound/500-la-capitale...
2026-01-30 15:29:21,602 | ERROR | ❌ Navigation error (attempt 1): Timeout 30000ms exceeded.
2026-01-30 15:29:21,603 | INFO | ⏳ Retrying in 2.9s...
2026-01-30 15:29:24,544 | INFO | 📄 Navigating to: https://www.nawy.com/compound/500-la-capitale...
2026-01-30 15:29:54,665 | ERROR | ❌ Navigation error (attempt 2): Timeout 30000ms exceeded.
2026-01-30 15:29:54,665 | INFO | ⏳ Retrying in 4.8s...
2026-01-30 15:29:59,431 | INFO | 📄 Navigating to: https://www.nawy.com/compound/500-la-capitale...
2026-01-30 15:30:29,551 | ERROR | ❌ Navigation error (attempt 3): Timeout 30000ms exceeded.
2026-01-30 15:30:29,552 | WARNING |    ❌ Failed to scrape
2026-01-30 15:30:32,729 | INFO | [45/271] Scraping: https://www.nawy.com/compound/501-pyramids-mall
2026-01-30 15:30:32,730 | INFO | 📄 Navigating to: https://www.nawy.com/compound/501-pyramids-mall...
2026-01-30 15:30:39,817 | INFO |    ✅ Pyramids Mall
2026-01-30 15:30:39,945 | INFO | ➕ Inserted new compound: Pyramids Mall
2026-01-30 15:30:39,945 | INFO |    💾 Saved to MongoDB
2026-01-30 15:30:45,518 | INFO | [46/271] Scraping: https://www.nawy.com/compound/502-pyramids-business-tower
2026-01-30 15:30:45,519 | INFO | 📄 Navigating to: https://www.nawy.com/compound/502-pyramids-business-tower...
2026-01-30 15:30:53,147 | INFO |    ✅ Pyramids Business Tower
2026-01-30 15:30:53,265 | INFO | ➕ Inserted new compound: Pyramids Business Tower
2026-01-30 15:30:53,266 | INFO |    💾 Saved to MongoDB
2026-01-30 15:30:57,759 | INFO | [47/271] Scraping: https://www.nawy.com/compound/503-31n-commercial-tower
2026-01-30 15:30:57,760 | INFO | 📄 Navigating to: https://www.nawy.com/compound/503-31n-commercial-tower...
2026-01-30 15:31:06,980 | INFO |    ✅ 31N Commercial Tower
2026-01-30 15:31:07,104 | INFO | ➕ Inserted new compound: 31N Commercial Tower
2026-01-30 15:31:07,108 | INFO |    💾 Saved to MongoDB
2026-01-30 15:31:12,814 | INFO | [48/271] Scraping: https://www.nawy.com/compound/505-cali-coast-ras-el-hekma
2026-01-30 15:31:12,815 | INFO | 📄 Navigating to: https://www.nawy.com/compound/505-cali-coast-ras-el-hekma...
2026-01-30 15:31:24,627 | INFO |    ✅ Cali Coast Ras El Hekma
2026-01-30 15:31:24,752 | INFO | ➕ Inserted new compound: Cali Coast Ras El Hekma
2026-01-30 15:31:24,753 | INFO |    💾 Saved to MongoDB
2026-01-30 15:31:28,580 | INFO | [49/271] Scraping: https://www.nawy.com/compound/506-urbn-k
2026-01-30 15:31:28,581 | INFO | 📄 Navigating to: https://www.nawy.com/compound/506-urbn-k...
2026-01-30 15:31:49,787 | INFO |    ✅ Urbn K
2026-01-30 15:31:49,904 | INFO | ➕ Inserted new compound: Urbn K
2026-01-30 15:31:49,904 | INFO |    💾 Saved to MongoDB
2026-01-30 15:31:55,308 | INFO | [50/271] Scraping: https://www.nawy.com/compound/507-al-karma-4
2026-01-30 15:31:55,308 | INFO | 📄 Navigating to: https://www.nawy.com/compound/507-al-karma-4...
2026-01-30 15:32:25,431 | ERROR | ❌ Navigation error (attempt 1): Timeout 30000ms exceeded.
2026-01-30 15:32:25,432 | INFO | ⏳ Retrying in 3.7s...
2026-01-30 15:32:29,129 | INFO | 📄 Navigating to: https://www.nawy.com/compound/507-al-karma-4...
2026-01-30 15:32:59,268 | ERROR | ❌ Navigation error (attempt 2): Timeout 30000ms exceeded.
2026-01-30 15:32:59,269 | INFO | ⏳ Retrying in 3.9s...
2026-01-30 15:33:03,138 | INFO | 📄 Navigating to: https://www.nawy.com/compound/507-al-karma-4...
2026-01-30 15:33:13,901 | INFO |    ✅ Al Karma 4
2026-01-30 15:33:14,331 | INFO | ➕ Inserted new compound: Al Karma 4
2026-01-30 15:33:14,332 | INFO |    💾 Saved to MongoDB
2026-01-30 15:33:18,258 | INFO | [51/271] Scraping: https://www.nawy.com/compound/508-eg-towers-eins
2026-01-30 15:33:18,259 | INFO | 📄 Navigating to: https://www.nawy.com/compound/508-eg-towers-eins...
2026-01-30 15:33:26,666 | INFO |    ✅ EG Towers Eins
2026-01-30 15:33:26,817 | INFO | ➕ Inserted new compound: EG Towers Eins
2026-01-30 15:33:26,818 | INFO |    💾 Saved to MongoDB
2026-01-30 15:33:31,171 | INFO | [52/271] Scraping: https://www.nawy.com/compound/509-champs-elysees-mall
2026-01-30 15:33:31,172 | INFO | 📄 Navigating to: https://www.nawy.com/compound/509-champs-elysees-mall...
2026-01-30 15:33:45,744 | INFO |    ✅ Champs Elysees Mall
2026-01-30 15:33:45,861 | INFO | ➕ Inserted new compound: Champs Elysees Mall
2026-01-30 15:33:45,861 | INFO |    💾 Saved to MongoDB
2026-01-30 15:33:49,636 | INFO | [53/271] Scraping: https://www.nawy.com/compound/511-granoy
2026-01-30 15:33:49,636 | INFO | 📄 Navigating to: https://www.nawy.com/compound/511-granoy...
2026-01-30 15:34:11,739 | INFO |    ✅ Granoy
2026-01-30 15:34:11,850 | INFO | ➕ Inserted new compound: Granoy
2026-01-30 15:34:11,851 | INFO |    💾 Saved to MongoDB
2026-01-30 15:34:17,527 | INFO | [54/271] Scraping: https://www.nawy.com/compound/512-stella-di-mary-ein-sokhna
2026-01-30 15:34:17,530 | INFO | 📄 Navigating to: https://www.nawy.com/compound/512-stella-di-mary-ein-sokhna...
2026-01-30 15:34:47,672 | ERROR | ❌ Navigation error (attempt 1): Timeout 30000ms exceeded.
2026-01-30 15:34:47,673 | INFO | ⏳ Retrying in 2.7s...
2026-01-30 15:34:50,401 | INFO | 📄 Navigating to: https://www.nawy.com/compound/512-stella-di-mary-ein-sokhna...
2026-01-30 15:35:20,527 | ERROR | ❌ Navigation error (attempt 2): Timeout 30000ms exceeded.
2026-01-30 15:35:20,527 | INFO | ⏳ Retrying in 3.2s...
2026-01-30 15:35:23,741 | INFO | 📄 Navigating to: https://www.nawy.com/compound/512-stella-di-mary-ein-sokhna...
2026-01-30 15:35:53,880 | ERROR | ❌ Navigation error (attempt 3): Timeout 30000ms exceeded.
2026-01-30 15:35:53,881 | WARNING |    ❌ Failed to scrape
2026-01-30 15:35:58,080 | INFO | [55/271] Scraping: https://www.nawy.com/compound/514-ezdan
2026-01-30 15:35:58,083 | INFO | 📄 Navigating to: https://www.nawy.com/compound/514-ezdan...
2026-01-30 15:36:28,225 | ERROR | ❌ Navigation error (attempt 1): Timeout 30000ms exceeded.
2026-01-30 15:36:28,225 | INFO | ⏳ Retrying in 2.7s...
2026-01-30 15:36:30,929 | INFO | 📄 Navigating to: https://www.nawy.com/compound/514-ezdan...
2026-01-30 15:37:01,049 | ERROR | ❌ Navigation error (attempt 2): Timeout 30000ms exceeded.
2026-01-30 15:37:01,051 | INFO | ⏳ Retrying in 4.1s...
2026-01-30 15:37:05,126 | INFO | 📄 Navigating to: https://www.nawy.com/compound/514-ezdan...
2026-01-30 15:37:35,266 | ERROR | ❌ Navigation error (attempt 3): Timeout 30000ms exceeded.
2026-01-30 15:37:35,268 | WARNING |    ❌ Failed to scrape
2026-01-30 15:37:40,373 | INFO | [56/271] Scraping: https://www.nawy.com/compound/516-mizar-tower
2026-01-30 15:37:40,375 | INFO | 📄 Navigating to: https://www.nawy.com/compound/516-mizar-tower...
2026-01-30 15:38:10,503 | ERROR | ❌ Navigation error (attempt 1): Timeout 30000ms exceeded.
2026-01-30 15:38:10,505 | INFO | ⏳ Retrying in 3.6s...
2026-01-30 15:38:14,091 | INFO | 📄 Navigating to: https://www.nawy.com/compound/516-mizar-tower...
2026-01-30 15:38:44,215 | ERROR | ❌ Navigation error (attempt 2): Timeout 30000ms exceeded.
2026-01-30 15:38:44,216 | INFO | ⏳ Retrying in 4.2s...
2026-01-30 15:38:48,426 | INFO | 📄 Navigating to: https://www.nawy.com/compound/516-mizar-tower...
2026-01-30 15:38:55,468 | INFO |    ✅ Mizar Tower
2026-01-30 15:38:55,595 | INFO | ➕ Inserted new compound: Mizar Tower
2026-01-30 15:38:55,597 | INFO |    💾 Saved to MongoDB
2026-01-30 15:38:59,371 | INFO | [57/271] Scraping: https://www.nawy.com/compound/517-dorado
2026-01-30 15:38:59,373 | INFO | 📄 Navigating to: https://www.nawy.com/compound/517-dorado...
2026-01-30 15:39:08,415 | INFO |    ✅ Dorado
2026-01-30 15:39:08,551 | INFO | ➕ Inserted new compound: Dorado
2026-01-30 15:39:08,551 | INFO |    💾 Saved to MongoDB
2026-01-30 15:39:13,332 | INFO | [58/271] Scraping: https://www.nawy.com/compound/518-verona
2026-01-30 15:39:13,337 | INFO | 📄 Navigating to: https://www.nawy.com/compound/518-verona...
2026-01-30 15:39:20,523 | INFO |    ✅ Verona
2026-01-30 15:39:20,643 | INFO | ➕ Inserted new compound: Verona
2026-01-30 15:39:20,644 | INFO |    💾 Saved to MongoDB
2026-01-30 15:39:25,118 | INFO | [59/271] Scraping: https://www.nawy.com/compound/519-solano
2026-01-30 15:39:25,119 | INFO | 📄 Navigating to: https://www.nawy.com/compound/519-solano...
2026-01-30 15:39:39,717 | INFO |    ✅ Solano
2026-01-30 15:39:39,798 | INFO | ➕ Inserted new compound: Solano
2026-01-30 15:39:39,798 | INFO |    💾 Saved to MongoDB
2026-01-30 15:39:43,863 | INFO | [60/271] Scraping: https://www.nawy.com/compound/520-laval
2026-01-30 15:39:43,863 | INFO | 📄 Navigating to: https://www.nawy.com/compound/520-laval...
2026-01-30 15:40:05,047 | INFO |    ✅ Laval
2026-01-30 15:40:05,120 | INFO | ➕ Inserted new compound: Laval
2026-01-30 15:40:05,120 | INFO |    💾 Saved to MongoDB
2026-01-30 15:40:08,724 | INFO | [61/271] Scraping: https://www.nawy.com/compound/521-hacienda-west
2026-01-30 15:40:08,725 | INFO | 📄 Navigating to: https://www.nawy.com/compound/521-hacienda-west...
2026-01-30 15:40:38,864 | ERROR | ❌ Navigation error (attempt 1): Timeout 30000ms exceeded.
2026-01-30 15:40:38,866 | INFO | ⏳ Retrying in 4.0s...
2026-01-30 15:40:42,861 | INFO | 📄 Navigating to: https://www.nawy.com/compound/521-hacienda-west...
2026-01-30 15:40:50,439 | INFO |    ✅ Hacienda West
2026-01-30 15:40:50,532 | INFO | ➕ Inserted new compound: Hacienda West
2026-01-30 15:40:50,533 | INFO |    💾 Saved to MongoDB
2026-01-30 15:40:53,934 | INFO | [62/271] Scraping: https://www.nawy.com/compound/523-patio-3
2026-01-30 15:40:53,935 | INFO | 📄 Navigating to: https://www.nawy.com/compound/523-patio-3...
2026-01-30 15:41:17,874 | INFO |    ✅ Patio 3
2026-01-30 15:41:17,951 | INFO | ➕ Inserted new compound: Patio 3
2026-01-30 15:41:17,953 | INFO |    💾 Saved to MongoDB
2026-01-30 15:41:23,210 | INFO | [63/271] Scraping: https://www.nawy.com/compound/528-bianchi-ilios
2026-01-30 15:41:23,211 | INFO | 📄 Navigating to: https://www.nawy.com/compound/528-bianchi-ilios...
2026-01-30 15:41:53,318 | ERROR | ❌ Navigation error (attempt 1): Timeout 30000ms exceeded.
2026-01-30 15:41:53,318 | INFO | ⏳ Retrying in 3.3s...
2026-01-30 15:41:56,611 | INFO | 📄 Navigating to: https://www.nawy.com/compound/528-bianchi-ilios...
2026-01-30 15:42:22,200 | INFO |    ✅ Bianchi Ilios
2026-01-30 15:42:22,284 | INFO | ➕ Inserted new compound: Bianchi Ilios
2026-01-30 15:42:22,285 | INFO |    💾 Saved to MongoDB
2026-01-30 15:42:26,544 | INFO | [64/271] Scraping: https://www.nawy.com/compound/532-ayla-jefaira
2026-01-30 15:42:26,546 | INFO | 📄 Navigating to: https://www.nawy.com/compound/532-ayla-jefaira...
2026-01-30 15:42:40,396 | INFO |    ✅ Ayla Jefaira
2026-01-30 15:42:40,493 | INFO | ➕ Inserted new compound: Ayla Jefaira
2026-01-30 15:42:40,493 | INFO |    💾 Saved to MongoDB
2026-01-30 15:42:46,032 | INFO | [65/271] Scraping: https://www.nawy.com/compound/534-bayside
2026-01-30 15:42:46,034 | INFO | 📄 Navigating to: https://www.nawy.com/compound/534-bayside...
2026-01-30 15:43:06,919 | INFO |    ✅ Bayside
2026-01-30 15:43:07,009 | INFO | ➕ Inserted new compound: Bayside
2026-01-30 15:43:07,010 | INFO |    💾 Saved to MongoDB
2026-01-30 15:43:11,988 | INFO | [66/271] Scraping: https://www.nawy.com/compound/535-montenapoleone
2026-01-30 15:43:11,990 | INFO | 📄 Navigating to: https://www.nawy.com/compound/535-montenapoleone...
2026-01-30 15:43:25,336 | INFO |    ✅ Montenapoleone
2026-01-30 15:43:25,438 | INFO | ➕ Inserted new compound: Montenapoleone
2026-01-30 15:43:25,439 | INFO |    💾 Saved to MongoDB
2026-01-30 15:43:29,271 | INFO | [67/271] Scraping: https://www.nawy.com/compound/536-central-iconic-tower-hotel-and-residence
2026-01-30 15:43:29,274 | INFO | 📄 Navigating to: https://www.nawy.com/compound/536-central-iconic-tower-hotel-and-residence...
2026-01-30 15:43:46,543 | INFO |    ✅ Central Iconic Tower Hotel and Residence
2026-01-30 15:43:46,625 | INFO | ➕ Inserted new compound: Central Iconic Tower Hotel and Residence
2026-01-30 15:43:46,625 | INFO |    💾 Saved to MongoDB
2026-01-30 15:43:51,841 | INFO | [68/271] Scraping: https://www.nawy.com/compound/537-lagoon-beach-park-mountain-view-i-city-new-cairo
2026-01-30 15:43:51,842 | INFO | 📄 Navigating to: https://www.nawy.com/compound/537-lagoon-beach-park-mountain-view-i-city-new-cai...
2026-01-30 15:44:00,333 | INFO |    ✅ Lagoon Beach Park Mountain View I City New Cairo
2026-01-30 15:44:00,422 | INFO | ➕ Inserted new compound: Lagoon Beach Park Mountain View I City New Cairo
2026-01-30 15:44:00,422 | INFO |    💾 Saved to MongoDB
2026-01-30 15:44:05,709 | INFO | [69/271] Scraping: https://www.nawy.com/compound/538-garden-residence-hyde-park
2026-01-30 15:44:05,709 | INFO | 📄 Navigating to: https://www.nawy.com/compound/538-garden-residence-hyde-park...
2026-01-30 15:44:26,429 | INFO |    ✅ Garden Residence Hyde Park
2026-01-30 15:44:26,536 | INFO | ➕ Inserted new compound: Garden Residence Hyde Park
2026-01-30 15:44:26,536 | INFO |    💾 Saved to MongoDB
2026-01-30 15:44:30,050 | INFO | [70/271] Scraping: https://www.nawy.com/compound/539-amazon-capital-diamond-tower
2026-01-30 15:44:30,053 | INFO | 📄 Navigating to: https://www.nawy.com/compound/539-amazon-capital-diamond-tower...
2026-01-30 15:45:00,200 | ERROR | ❌ Navigation error (attempt 1): Timeout 30000ms exceeded.
2026-01-30 15:45:00,201 | INFO | ⏳ Retrying in 2.1s...
2026-01-30 15:45:02,331 | INFO | 📄 Navigating to: https://www.nawy.com/compound/539-amazon-capital-diamond-tower...
2026-01-30 15:45:32,455 | ERROR | ❌ Navigation error (attempt 2): Timeout 30000ms exceeded.
2026-01-30 15:45:32,455 | INFO | ⏳ Retrying in 3.6s...
2026-01-30 15:45:36,039 | INFO | 📄 Navigating to: https://www.nawy.com/compound/539-amazon-capital-diamond-tower...
2026-01-30 15:46:06,171 | ERROR | ❌ Navigation error (attempt 3): Timeout 30000ms exceeded.
2026-01-30 15:46:06,172 | WARNING |    ❌ Failed to scrape
2026-01-30 15:46:09,496 | INFO | [71/271] Scraping: https://www.nawy.com/compound/540-novella
2026-01-30 15:46:09,497 | INFO | 📄 Navigating to: https://www.nawy.com/compound/540-novella...
2026-01-30 15:46:21,939 | INFO |    ✅ Novella
2026-01-30 15:46:22,089 | INFO | ➕ Inserted new compound: Novella
2026-01-30 15:46:22,090 | INFO |    💾 Saved to MongoDB
2026-01-30 15:46:27,984 | INFO | [72/271] Scraping: https://www.nawy.com/compound/542-zia-business-complex
2026-01-30 15:46:27,985 | INFO | 📄 Navigating to: https://www.nawy.com/compound/542-zia-business-complex...
2026-01-30 15:46:35,723 | INFO |    ✅ Zia Business Complex
2026-01-30 15:46:35,804 | INFO | ➕ Inserted new compound: Zia Business Complex
2026-01-30 15:46:35,804 | INFO |    💾 Saved to MongoDB
2026-01-30 15:46:39,066 | INFO | [73/271] Scraping: https://www.nawy.com/compound/543-the-brooks
2026-01-30 15:46:39,067 | INFO | 📄 Navigating to: https://www.nawy.com/compound/543-the-brooks...
2026-01-30 15:46:49,443 | INFO |    ✅ The Brooks
2026-01-30 15:46:49,555 | INFO | ➕ Inserted new compound: The Brooks
2026-01-30 15:46:49,559 | INFO |    💾 Saved to MongoDB
2026-01-30 15:46:52,939 | INFO | [74/271] Scraping: https://www.nawy.com/compound/544-serrano
2026-01-30 15:46:52,942 | INFO | 📄 Navigating to: https://www.nawy.com/compound/544-serrano...
2026-01-30 15:47:06,729 | INFO |    ✅ Serrano
2026-01-30 15:47:06,812 | INFO | ➕ Inserted new compound: Serrano
2026-01-30 15:47:06,812 | INFO |    💾 Saved to MongoDB
2026-01-30 15:47:10,086 | INFO | [75/271] Scraping: https://www.nawy.com/compound/545-granvia-mall-serrano
2026-01-30 15:47:10,088 | INFO | 📄 Navigating to: https://www.nawy.com/compound/545-granvia-mall-serrano...
2026-01-30 15:47:23,422 | INFO |    ✅ Granvia Mall Serrano
2026-01-30 15:47:23,506 | INFO | ➕ Inserted new compound: Granvia Mall Serrano
2026-01-30 15:47:23,507 | INFO |    💾 Saved to MongoDB
2026-01-30 15:47:29,144 | INFO | [76/271] Scraping: https://www.nawy.com/compound/546-the-curve
2026-01-30 15:47:29,144 | INFO | 📄 Navigating to: https://www.nawy.com/compound/546-the-curve...
2026-01-30 15:47:43,056 | INFO |    ✅ The Curve
2026-01-30 15:47:43,155 | INFO | ➕ Inserted new compound: The Curve
2026-01-30 15:47:43,156 | INFO |    💾 Saved to MongoDB
2026-01-30 15:47:46,531 | INFO | [77/271] Scraping: https://www.nawy.com/compound/547-w14-white-14
2026-01-30 15:47:46,533 | INFO | 📄 Navigating to: https://www.nawy.com/compound/547-w14-white-14...
2026-01-30 15:48:03,654 | INFO |    ✅ W14 -White 14
2026-01-30 15:48:03,732 | INFO | ➕ Inserted new compound: W14 -White 14
2026-01-30 15:48:03,733 | INFO |    💾 Saved to MongoDB
2026-01-30 15:48:06,833 | INFO | [78/271] Scraping: https://www.nawy.com/compound/548-4t4
2026-01-30 15:48:06,835 | INFO | 📄 Navigating to: https://www.nawy.com/compound/548-4t4...
2026-01-30 15:48:14,452 | INFO |    ✅ 4T4
2026-01-30 15:48:14,529 | INFO | ➕ Inserted new compound: 4T4
2026-01-30 15:48:14,530 | INFO |    💾 Saved to MongoDB
2026-01-30 15:48:19,706 | INFO | [79/271] Scraping: https://www.nawy.com/compound/549-the-median-residences
2026-01-30 15:48:19,706 | INFO | 📄 Navigating to: https://www.nawy.com/compound/549-the-median-residences...
2026-01-30 15:48:33,369 | INFO |    ✅ The Median Residences
2026-01-30 15:48:33,507 | INFO | ➕ Inserted new compound: The Median Residences
2026-01-30 15:48:33,507 | INFO |    💾 Saved to MongoDB
2026-01-30 15:48:37,551 | INFO | [80/271] Scraping: https://www.nawy.com/compound/554-grand-residence
2026-01-30 15:48:37,551 | INFO | 📄 Navigating to: https://www.nawy.com/compound/554-grand-residence...
2026-01-30 15:48:59,052 | INFO |    ✅ Grand Residence
2026-01-30 15:48:59,137 | INFO | ➕ Inserted new compound: Grand Residence
2026-01-30 15:48:59,137 | INFO |    💾 Saved to MongoDB
2026-01-30 15:49:04,731 | INFO | [81/271] Scraping: https://www.nawy.com/compound/556-bellagio
2026-01-30 15:49:04,731 | INFO | 📄 Navigating to: https://www.nawy.com/compound/556-bellagio...
2026-01-30 15:49:17,161 | INFO |    ✅ Bellagio
2026-01-30 15:49:17,239 | INFO | ➕ Inserted new compound: Bellagio
2026-01-30 15:49:17,240 | INFO |    💾 Saved to MongoDB
2026-01-30 15:49:22,169 | INFO | [82/271] Scraping: https://www.nawy.com/compound/558-degla
2026-01-30 15:49:22,170 | INFO | 📄 Navigating to: https://www.nawy.com/compound/558-degla...
2026-01-30 15:49:39,707 | INFO |    ✅ Degla
2026-01-30 15:49:39,764 | INFO | ➕ Inserted new compound: Degla
2026-01-30 15:49:39,765 | INFO |    💾 Saved to MongoDB
2026-01-30 15:49:44,488 | INFO | [83/271] Scraping: https://www.nawy.com/compound/561-la-vista-1
2026-01-30 15:49:44,490 | INFO | 📄 Navigating to: https://www.nawy.com/compound/561-la-vista-1...
2026-01-30 15:50:14,616 | ERROR | ❌ Navigation error (attempt 1): Timeout 30000ms exceeded.
2026-01-30 15:50:14,617 | INFO | ⏳ Retrying in 2.4s...
2026-01-30 15:50:17,032 | INFO | 📄 Navigating to: https://www.nawy.com/compound/561-la-vista-1...
2026-01-30 15:50:47,170 | ERROR | ❌ Navigation error (attempt 2): Timeout 30000ms exceeded.
2026-01-30 15:50:47,170 | INFO | ⏳ Retrying in 4.4s...
2026-01-30 15:50:51,597 | INFO | 📄 Navigating to: https://www.nawy.com/compound/561-la-vista-1...
2026-01-30 15:51:21,745 | ERROR | ❌ Navigation error (attempt 3): Timeout 30000ms exceeded.
2026-01-30 15:51:21,747 | WARNING |    ❌ Failed to scrape
2026-01-30 15:51:27,203 | INFO | [84/271] Scraping: https://www.nawy.com/compound/565-dyar-mokhabarat
2026-01-30 15:51:27,206 | INFO | 📄 Navigating to: https://www.nawy.com/compound/565-dyar-mokhabarat...
2026-01-30 15:51:35,779 | INFO |    ✅ Dyar Mokhabarat
2026-01-30 15:51:35,873 | INFO | ➕ Inserted new compound: Dyar Mokhabarat
2026-01-30 15:51:35,873 | INFO |    💾 Saved to MongoDB
2026-01-30 15:51:39,924 | INFO | [85/271] Scraping: https://www.nawy.com/compound/567-grand-heights
2026-01-30 15:51:39,927 | INFO | 📄 Navigating to: https://www.nawy.com/compound/567-grand-heights...
2026-01-30 15:51:53,929 | INFO |    ✅ Grand Heights
2026-01-30 15:51:54,015 | INFO | ➕ Inserted new compound: Grand Heights
2026-01-30 15:51:54,015 | INFO |    💾 Saved to MongoDB
2026-01-30 15:51:58,749 | INFO | [86/271] Scraping: https://www.nawy.com/compound/574-concordia
2026-01-30 15:51:58,749 | INFO | 📄 Navigating to: https://www.nawy.com/compound/574-concordia...
2026-01-30 15:52:28,865 | ERROR | ❌ Navigation error (attempt 1): Timeout 30000ms exceeded.
2026-01-30 15:52:28,866 | INFO | ⏳ Retrying in 2.9s...
2026-01-30 15:52:31,795 | INFO | 📄 Navigating to: https://www.nawy.com/compound/574-concordia...
2026-01-30 15:52:38,422 | INFO |    ✅ Concordia
2026-01-30 15:52:38,497 | INFO | ➕ Inserted new compound: Concordia
2026-01-30 15:52:38,498 | INFO |    💾 Saved to MongoDB
2026-01-30 15:52:44,224 | INFO | [87/271] Scraping: https://www.nawy.com/compound/578-el-yasmine
2026-01-30 15:52:44,225 | INFO | 📄 Navigating to: https://www.nawy.com/compound/578-el-yasmine...
2026-01-30 15:53:06,431 | INFO |    ✅ El Yasmine
2026-01-30 15:53:06,593 | INFO | ➕ Inserted new compound: El Yasmine
2026-01-30 15:53:06,593 | INFO |    💾 Saved to MongoDB
2026-01-30 15:53:12,280 | INFO | [88/271] Scraping: https://www.nawy.com/compound/588-dyar
2026-01-30 15:53:12,281 | INFO | 📄 Navigating to: https://www.nawy.com/compound/588-dyar...
2026-01-30 15:53:42,403 | ERROR | ❌ Navigation error (attempt 1): Timeout 30000ms exceeded.
2026-01-30 15:53:42,404 | INFO | ⏳ Retrying in 4.0s...
2026-01-30 15:53:46,361 | INFO | 📄 Navigating to: https://www.nawy.com/compound/588-dyar...
2026-01-30 15:54:16,496 | ERROR | ❌ Navigation error (attempt 2): Timeout 30000ms exceeded.
2026-01-30 15:54:16,497 | INFO | ⏳ Retrying in 4.4s...
2026-01-30 15:54:20,883 | INFO | 📄 Navigating to: https://www.nawy.com/compound/588-dyar...
2026-01-30 15:54:27,721 | INFO |    ✅ Dyar
2026-01-30 15:54:27,815 | INFO | ➕ Inserted new compound: Dyar
2026-01-30 15:54:27,816 | INFO |    💾 Saved to MongoDB
2026-01-30 15:54:33,794 | INFO | [89/271] Scraping: https://www.nawy.com/compound/601-pavo-tower
2026-01-30 15:54:33,795 | INFO | 📄 Navigating to: https://www.nawy.com/compound/601-pavo-tower...
2026-01-30 15:54:55,988 | INFO |    ✅ Pavo Tower
2026-01-30 15:54:56,099 | INFO | ➕ Inserted new compound: Pavo Tower
2026-01-30 15:54:56,099 | INFO |    💾 Saved to MongoDB
2026-01-30 15:55:01,563 | INFO | [90/271] Scraping: https://www.nawy.com/compound/607-eleven
2026-01-30 15:55:01,564 | INFO | 📄 Navigating to: https://www.nawy.com/compound/607-eleven...
2026-01-30 15:55:31,697 | ERROR | ❌ Navigation error (attempt 1): Timeout 30000ms exceeded.
2026-01-30 15:55:31,698 | INFO | ⏳ Retrying in 2.3s...
2026-01-30 15:55:33,970 | INFO | 📄 Navigating to: https://www.nawy.com/compound/607-eleven...
2026-01-30 15:56:04,111 | ERROR | ❌ Navigation error (attempt 2): Timeout 30000ms exceeded.
2026-01-30 15:56:04,111 | INFO | ⏳ Retrying in 5.0s...
2026-01-30 15:56:09,106 | INFO | 📄 Navigating to: https://www.nawy.com/compound/607-eleven...
2026-01-30 15:56:39,230 | ERROR | ❌ Navigation error (attempt 3): Timeout 30000ms exceeded.
2026-01-30 15:56:39,230 | WARNING |    ❌ Failed to scrape
2026-01-30 15:56:44,410 | INFO | [91/271] Scraping: https://www.nawy.com/compound/610-canal-walk-island
2026-01-30 15:56:44,413 | INFO | 📄 Navigating to: https://www.nawy.com/compound/610-canal-walk-island...
2026-01-30 15:56:56,108 | INFO |    ✅ Canal Walk Island
2026-01-30 15:56:56,237 | INFO | ➕ Inserted new compound: Canal Walk Island
2026-01-30 15:56:56,238 | INFO |    💾 Saved to MongoDB
2026-01-30 15:57:01,142 | INFO | [92/271] Scraping: https://www.nawy.com/compound/615-soma-coves
2026-01-30 15:57:01,143 | INFO | 📄 Navigating to: https://www.nawy.com/compound/615-soma-coves...
2026-01-30 15:57:19,225 | INFO |    ✅ Soma Coves
2026-01-30 15:57:19,547 | INFO | ➕ Inserted new compound: Soma Coves
2026-01-30 15:57:19,548 | INFO |    💾 Saved to MongoDB
2026-01-30 15:57:24,586 | INFO | [93/271] Scraping: https://www.nawy.com/compound/624-privado
2026-01-30 15:57:24,588 | INFO | 📄 Navigating to: https://www.nawy.com/compound/624-privado...
2026-01-30 15:57:54,715 | ERROR | ❌ Navigation error (attempt 1): Timeout 30000ms exceeded.
2026-01-30 15:57:54,716 | INFO | ⏳ Retrying in 2.7s...
2026-01-30 15:57:57,396 | INFO | 📄 Navigating to: https://www.nawy.com/compound/624-privado...
2026-01-30 15:58:27,527 | ERROR | ❌ Navigation error (attempt 2): Timeout 30000ms exceeded.
2026-01-30 15:58:27,528 | INFO | ⏳ Retrying in 4.9s...
2026-01-30 15:58:32,415 | INFO | 📄 Navigating to: https://www.nawy.com/compound/624-privado...
2026-01-30 15:58:39,476 | INFO |    ✅ Privado
2026-01-30 15:58:39,556 | INFO | ➕ Inserted new compound: Privado
2026-01-30 15:58:39,556 | INFO |    💾 Saved to MongoDB
2026-01-30 15:58:45,199 | INFO | [94/271] Scraping: https://www.nawy.com/compound/628-botanica-residential
2026-01-30 15:58:45,201 | INFO | 📄 Navigating to: https://www.nawy.com/compound/628-botanica-residential...
2026-01-30 15:58:53,193 | INFO |    ✅ Botanica Residential
2026-01-30 15:58:53,276 | INFO | ➕ Inserted new compound: Botanica Residential
2026-01-30 15:58:53,277 | INFO |    💾 Saved to MongoDB
2026-01-30 15:58:56,835 | INFO | [95/271] Scraping: https://www.nawy.com/compound/643-udora-mall
2026-01-30 15:58:56,836 | INFO | 📄 Navigating to: https://www.nawy.com/compound/643-udora-mall...
2026-01-30 15:59:03,915 | INFO |    ✅ Udora Mall
2026-01-30 15:59:03,999 | INFO | ➕ Inserted new compound: Udora Mall
2026-01-30 15:59:04,000 | INFO |    💾 Saved to MongoDB
2026-01-30 15:59:08,730 | INFO | [96/271] Scraping: https://www.nawy.com/compound/660-lasirena-bay
2026-01-30 15:59:08,732 | INFO | 📄 Navigating to: https://www.nawy.com/compound/660-lasirena-bay...
2026-01-30 15:59:31,478 | INFO |    ✅ Lasirena Bay
2026-01-30 15:59:31,601 | INFO | ➕ Inserted new compound: Lasirena Bay
2026-01-30 15:59:31,601 | INFO |    💾 Saved to MongoDB
2026-01-30 15:59:35,162 | INFO | [97/271] Scraping: https://www.nawy.com/compound/664-the-estates-residence
2026-01-30 15:59:35,164 | INFO | 📄 Navigating to: https://www.nawy.com/compound/664-the-estates-residence...
2026-01-30 16:00:05,300 | ERROR | ❌ Navigation error (attempt 1): Timeout 30000ms exceeded.
2026-01-30 16:00:05,300 | INFO | ⏳ Retrying in 3.9s...
2026-01-30 16:00:09,263 | INFO | 📄 Navigating to: https://www.nawy.com/compound/664-the-estates-residence...
2026-01-30 16:00:39,399 | ERROR | ❌ Navigation error (attempt 2): Timeout 30000ms exceeded.
2026-01-30 16:00:39,403 | INFO | ⏳ Retrying in 4.1s...
2026-01-30 16:00:43,502 | INFO | 📄 Navigating to: https://www.nawy.com/compound/664-the-estates-residence...
2026-01-30 16:01:13,622 | ERROR | ❌ Navigation error (attempt 3): Timeout 30000ms exceeded.
2026-01-30 16:01:13,623 | WARNING |    ❌ Failed to scrape
2026-01-30 16:01:17,257 | INFO | [98/271] Scraping: https://www.nawy.com/compound/665-moon-valley-i
2026-01-30 16:01:17,258 | INFO | 📄 Navigating to: https://www.nawy.com/compound/665-moon-valley-i...
2026-01-30 16:01:47,389 | ERROR | ❌ Navigation error (attempt 1): Timeout 30000ms exceeded.
2026-01-30 16:01:47,392 | INFO | ⏳ Retrying in 2.3s...
2026-01-30 16:01:49,648 | INFO | 📄 Navigating to: https://www.nawy.com/compound/665-moon-valley-i...
2026-01-30 16:02:19,770 | ERROR | ❌ Navigation error (attempt 2): Timeout 30000ms exceeded.
2026-01-30 16:02:19,770 | INFO | ⏳ Retrying in 4.0s...
2026-01-30 16:02:23,745 | INFO | 📄 Navigating to: https://www.nawy.com/compound/665-moon-valley-i...
2026-01-30 16:02:53,865 | ERROR | ❌ Navigation error (attempt 3): Timeout 30000ms exceeded.
2026-01-30 16:02:53,865 | WARNING |    ❌ Failed to scrape
2026-01-30 16:02:57,602 | INFO | [99/271] Scraping: https://www.nawy.com/compound/666-spectrum
2026-01-30 16:02:57,603 | INFO | 📄 Navigating to: https://www.nawy.com/compound/666-spectrum...
2026-01-30 16:03:27,724 | ERROR | ❌ Navigation error (attempt 1): Timeout 30000ms exceeded.
2026-01-30 16:03:27,725 | INFO | ⏳ Retrying in 3.1s...
2026-01-30 16:03:30,816 | INFO | 📄 Navigating to: https://www.nawy.com/compound/666-spectrum...
2026-01-30 16:04:00,948 | ERROR | ❌ Navigation error (attempt 2): Timeout 30000ms exceeded.
2026-01-30 16:04:00,949 | INFO | ⏳ Retrying in 4.2s...
2026-01-30 16:04:05,169 | INFO | 📄 Navigating to: https://www.nawy.com/compound/666-spectrum...
2026-01-30 16:04:35,292 | ERROR | ❌ Navigation error (attempt 3): Timeout 30000ms exceeded.
2026-01-30 16:04:35,293 | WARNING |    ❌ Failed to scrape
2026-01-30 16:04:39,578 | INFO | [100/271] Scraping: https://www.nawy.com/compound/667-nakheel
2026-01-30 16:04:39,580 | INFO | 📄 Navigating to: https://www.nawy.com/compound/667-nakheel...
2026-01-30 16:05:09,718 | ERROR | ❌ Navigation error (attempt 1): Timeout 30000ms exceeded.
2026-01-30 16:05:09,718 | INFO | ⏳ Retrying in 2.3s...
2026-01-30 16:05:12,028 | INFO | 📄 Navigating to: https://www.nawy.com/compound/667-nakheel...
2026-01-30 16:05:42,149 | ERROR | ❌ Navigation error (attempt 2): Timeout 30000ms exceeded.
2026-01-30 16:05:42,154 | INFO | ⏳ Retrying in 3.6s...
2026-01-30 16:05:45,715 | INFO | 📄 Navigating to: https://www.nawy.com/compound/667-nakheel...
2026-01-30 16:06:15,839 | ERROR | ❌ Navigation error (attempt 3): Timeout 30000ms exceeded.
2026-01-30 16:06:15,839 | WARNING |    ❌ Failed to scrape
2026-01-30 16:06:21,193 | INFO | [101/271] Scraping: https://www.nawy.com/compound/669-aster-residence
2026-01-30 16:06:21,193 | INFO | 📄 Navigating to: https://www.nawy.com/compound/669-aster-residence...
2026-01-30 16:06:31,137 | INFO |    ✅ Aster Residence
2026-01-30 16:06:31,264 | INFO | ➕ Inserted new compound: Aster Residence
2026-01-30 16:06:31,264 | INFO |    💾 Saved to MongoDB
2026-01-30 16:06:35,688 | INFO | [102/271] Scraping: https://www.nawy.com/compound/671-evora-tower
2026-01-30 16:06:35,689 | INFO | 📄 Navigating to: https://www.nawy.com/compound/671-evora-tower...
2026-01-30 16:06:43,177 | INFO |    ✅ Evora Tower
2026-01-30 16:06:43,309 | INFO | ➕ Inserted new compound: Evora Tower
2026-01-30 16:06:43,309 | INFO |    💾 Saved to MongoDB
2026-01-30 16:06:47,773 | INFO | [103/271] Scraping: https://www.nawy.com/compound/673-oaks-egypt
2026-01-30 16:06:47,773 | INFO | 📄 Navigating to: https://www.nawy.com/compound/673-oaks-egypt...
2026-01-30 16:06:56,456 | INFO |    ✅ Oaks Egypt
2026-01-30 16:06:56,577 | INFO | ➕ Inserted new compound: Oaks Egypt
2026-01-30 16:06:56,577 | INFO |    💾 Saved to MongoDB
2026-01-30 16:07:00,572 | INFO | [104/271] Scraping: https://www.nawy.com/compound/676-katameya-breeze
2026-01-30 16:07:00,572 | INFO | 📄 Navigating to: https://www.nawy.com/compound/676-katameya-breeze...
2026-01-30 16:07:11,969 | INFO |    ✅ Katameya Breeze
2026-01-30 16:07:12,079 | INFO | ➕ Inserted new compound: Katameya Breeze
2026-01-30 16:07:12,079 | INFO |    💾 Saved to MongoDB
2026-01-30 16:07:16,965 | INFO | [105/271] Scraping: https://www.nawy.com/compound/678-aroma
2026-01-30 16:07:16,966 | INFO | 📄 Navigating to: https://www.nawy.com/compound/678-aroma...
2026-01-30 16:07:25,019 | INFO |    ✅ Aroma
2026-01-30 16:07:25,136 | INFO | ➕ Inserted new compound: Aroma
2026-01-30 16:07:25,137 | INFO |    💾 Saved to MongoDB
2026-01-30 16:07:29,866 | INFO | [106/271] Scraping: https://www.nawy.com/compound/679-gravity-7
2026-01-30 16:07:29,868 | INFO | 📄 Navigating to: https://www.nawy.com/compound/679-gravity-7...
2026-01-30 16:07:39,796 | INFO |    ✅ VX 90
2026-01-30 16:07:39,918 | INFO | ➕ Inserted new compound: VX 90
2026-01-30 16:07:39,919 | INFO |    💾 Saved to MongoDB
2026-01-30 16:07:44,244 | INFO | [107/271] Scraping: https://www.nawy.com/compound/680-villino
2026-01-30 16:07:44,246 | INFO | 📄 Navigating to: https://www.nawy.com/compound/680-villino...
2026-01-30 16:08:04,693 | INFO |    ✅ Villino
2026-01-30 16:08:04,810 | INFO | ➕ Inserted new compound: Villino
2026-01-30 16:08:04,810 | INFO |    💾 Saved to MongoDB
2026-01-30 16:08:09,659 | INFO | [108/271] Scraping: https://www.nawy.com/compound/681-levels-business-tower
2026-01-30 16:08:09,660 | INFO | 📄 Navigating to: https://www.nawy.com/compound/681-levels-business-tower...
2026-01-30 16:08:39,782 | ERROR | ❌ Navigation error (attempt 1): Timeout 30000ms exceeded.
2026-01-30 16:08:39,783 | INFO | ⏳ Retrying in 2.4s...
2026-01-30 16:08:42,197 | INFO | 📄 Navigating to: https://www.nawy.com/compound/681-levels-business-tower...
2026-01-30 16:09:12,330 | ERROR | ❌ Navigation error (attempt 2): Timeout 30000ms exceeded.
2026-01-30 16:09:12,331 | INFO | ⏳ Retrying in 4.4s...
2026-01-30 16:09:16,705 | INFO | 📄 Navigating to: https://www.nawy.com/compound/681-levels-business-tower...
2026-01-30 16:09:24,159 | INFO |    ✅ Levels Business Tower
2026-01-30 16:09:24,245 | INFO | ➕ Inserted new compound: Levels Business Tower
2026-01-30 16:09:24,246 | INFO |    💾 Saved to MongoDB
2026-01-30 16:09:27,514 | INFO | [109/271] Scraping: https://www.nawy.com/compound/683-the-red-hacienda
2026-01-30 16:09:27,514 | INFO | 📄 Navigating to: https://www.nawy.com/compound/683-the-red-hacienda...
2026-01-30 16:09:42,397 | INFO |    ✅ The Red Hacienda
2026-01-30 16:09:42,469 | INFO | ➕ Inserted new compound: The Red Hacienda
2026-01-30 16:09:42,470 | INFO |    💾 Saved to MongoDB
2026-01-30 16:09:48,072 | INFO | [110/271] Scraping: https://www.nawy.com/compound/684-modon-mega-towers
2026-01-30 16:09:48,073 | INFO | 📄 Navigating to: https://www.nawy.com/compound/684-modon-mega-towers...
2026-01-30 16:10:09,439 | INFO |    ✅ Modon Mega Towers
2026-01-30 16:10:09,515 | INFO | ➕ Inserted new compound: Modon Mega Towers
2026-01-30 16:10:09,516 | INFO |    💾 Saved to MongoDB
2026-01-30 16:10:14,825 | INFO | [111/271] Scraping: https://www.nawy.com/compound/685-modon-hotels-&-residence-tower
2026-01-30 16:10:14,830 | INFO | 📄 Navigating to: https://www.nawy.com/compound/685-modon-hotels-&-residence-tower...
2026-01-30 16:10:44,961 | ERROR | ❌ Navigation error (attempt 1): Timeout 30000ms exceeded.
2026-01-30 16:10:44,962 | INFO | ⏳ Retrying in 2.1s...
2026-01-30 16:10:47,079 | INFO | 📄 Navigating to: https://www.nawy.com/compound/685-modon-hotels-&-residence-tower...
2026-01-30 16:11:17,197 | ERROR | ❌ Navigation error (attempt 2): Timeout 30000ms exceeded.
2026-01-30 16:11:17,198 | INFO | ⏳ Retrying in 4.8s...
2026-01-30 16:11:22,033 | INFO | 📄 Navigating to: https://www.nawy.com/compound/685-modon-hotels-&-residence-tower...
2026-01-30 16:11:52,161 | ERROR | ❌ Navigation error (attempt 3): Timeout 30000ms exceeded.
2026-01-30 16:11:52,163 | WARNING |    ❌ Failed to scrape
2026-01-30 16:11:56,496 | INFO | [112/271] Scraping: https://www.nawy.com/compound/686-al-karma-kay
2026-01-30 16:11:56,499 | INFO | 📄 Navigating to: https://www.nawy.com/compound/686-al-karma-kay...
2026-01-30 16:12:08,228 | INFO |    ✅ Al Karma Kay
2026-01-30 16:12:08,315 | INFO | ➕ Inserted new compound: Al Karma Kay
2026-01-30 16:12:08,316 | INFO |    💾 Saved to MongoDB
2026-01-30 16:12:13,237 | INFO | [113/271] Scraping: https://www.nawy.com/compound/687-the-lakes--villas-bloomfields
2026-01-30 16:12:13,238 | INFO | 📄 Navigating to: https://www.nawy.com/compound/687-the-lakes--villas-bloomfields...
2026-01-30 16:12:31,051 | INFO |    ✅ The Lakes Villas Bloomfields
2026-01-30 16:12:31,130 | INFO | ➕ Inserted new compound: The Lakes Villas Bloomfields
2026-01-30 16:12:31,130 | INFO |    💾 Saved to MongoDB
2026-01-30 16:12:36,674 | INFO | [114/271] Scraping: https://www.nawy.com/compound/688-stella-heliopolis
2026-01-30 16:12:36,675 | INFO | 📄 Navigating to: https://www.nawy.com/compound/688-stella-heliopolis...
2026-01-30 16:12:49,419 | INFO |    ✅ Stella Heliopolis
2026-01-30 16:12:49,501 | INFO | ➕ Inserted new compound: Stella Heliopolis
2026-01-30 16:12:49,502 | INFO |    💾 Saved to MongoDB
2026-01-30 16:12:54,625 | INFO | [115/271] Scraping: https://www.nawy.com/compound/689-blue-views-residences-mivida
2026-01-30 16:12:54,629 | INFO | 📄 Navigating to: https://www.nawy.com/compound/689-blue-views-residences-mivida...
2026-01-30 16:13:11,277 | INFO |    ✅ Blue Views Residences Mivida
2026-01-30 16:13:11,359 | INFO | ➕ Inserted new compound: Blue Views Residences Mivida
2026-01-30 16:13:11,359 | INFO |    💾 Saved to MongoDB
2026-01-30 16:13:14,479 | INFO | [116/271] Scraping: https://www.nawy.com/compound/690-taj-ville-taj-city
2026-01-30 16:13:14,480 | INFO | 📄 Navigating to: https://www.nawy.com/compound/690-taj-ville-taj-city...
2026-01-30 16:13:44,610 | ERROR | ❌ Navigation error (attempt 1): Timeout 30000ms exceeded.
2026-01-30 16:13:44,611 | INFO | ⏳ Retrying in 4.0s...
2026-01-30 16:13:48,592 | INFO | 📄 Navigating to: https://www.nawy.com/compound/690-taj-ville-taj-city...
2026-01-30 16:14:18,716 | ERROR | ❌ Navigation error (attempt 2): Timeout 30000ms exceeded.
2026-01-30 16:14:18,716 | INFO | ⏳ Retrying in 3.9s...
2026-01-30 16:14:22,671 | INFO | 📄 Navigating to: https://www.nawy.com/compound/690-taj-ville-taj-city...
2026-01-30 16:14:52,818 | ERROR | ❌ Navigation error (attempt 3): Timeout 30000ms exceeded.
2026-01-30 16:14:52,819 | WARNING |    ❌ Failed to scrape
2026-01-30 16:14:56,901 | INFO | [117/271] Scraping: https://www.nawy.com/compound/691-oro-new-capital
2026-01-30 16:14:56,903 | INFO | 📄 Navigating to: https://www.nawy.com/compound/691-oro-new-capital...
2026-01-30 16:15:07,533 | INFO |    ✅ Oro New capital
2026-01-30 16:15:07,691 | INFO | ➕ Inserted new compound: Oro New capital
2026-01-30 16:15:07,692 | INFO |    💾 Saved to MongoDB
2026-01-30 16:15:12,371 | INFO | [118/271] Scraping: https://www.nawy.com/compound/692-direction-white
2026-01-30 16:15:12,372 | INFO | 📄 Navigating to: https://www.nawy.com/compound/692-direction-white...
2026-01-30 16:15:31,427 | INFO |    ✅ Direction White
2026-01-30 16:15:31,558 | INFO | ➕ Inserted new compound: Direction White
2026-01-30 16:15:31,558 | INFO |    💾 Saved to MongoDB
2026-01-30 16:15:37,205 | INFO | [119/271] Scraping: https://www.nawy.com/compound/693-lagoon-beach-park-mountain-view-i-city-october
2026-01-30 16:15:37,205 | INFO | 📄 Navigating to: https://www.nawy.com/compound/693-lagoon-beach-park-mountain-view-i-city-october...
2026-01-30 16:15:46,080 | INFO |    ✅ Lagoon Beach Park Mountain View I-City October
2026-01-30 16:15:46,187 | INFO | ➕ Inserted new compound: Lagoon Beach Park Mountain View I-City October
2026-01-30 16:15:46,188 | INFO |    💾 Saved to MongoDB
2026-01-30 16:15:51,234 | INFO | [120/271] Scraping: https://www.nawy.com/compound/694-district-1-dae
2026-01-30 16:15:51,234 | INFO | 📄 Navigating to: https://www.nawy.com/compound/694-district-1-dae...
2026-01-30 16:16:00,024 | INFO |    ✅ District 1 - DAE
2026-01-30 16:16:00,148 | INFO | ➕ Inserted new compound: District 1 - DAE
2026-01-30 16:16:00,149 | INFO |    💾 Saved to MongoDB
2026-01-30 16:16:04,462 | INFO | [121/271] Scraping: https://www.nawy.com/compound/696-diplomats
2026-01-30 16:16:04,463 | INFO | 📄 Navigating to: https://www.nawy.com/compound/696-diplomats...
2026-01-30 16:16:11,995 | INFO |    ✅ Diplomats
2026-01-30 16:16:12,088 | INFO | ➕ Inserted new compound: Diplomats
2026-01-30 16:16:12,088 | INFO |    💾 Saved to MongoDB
2026-01-30 16:16:16,018 | INFO | [122/271] Scraping: https://www.nawy.com/compound/698-makany-kattameya
2026-01-30 16:16:16,019 | INFO | 📄 Navigating to: https://www.nawy.com/compound/698-makany-kattameya...
2026-01-30 16:16:36,961 | INFO |    ✅ Makany Kattameya
2026-01-30 16:16:37,028 | INFO | ➕ Inserted new compound: Makany Kattameya
2026-01-30 16:16:37,030 | INFO |    💾 Saved to MongoDB
2026-01-30 16:16:42,306 | INFO | [123/271] Scraping: https://www.nawy.com/compound/699-blue-bay
2026-01-30 16:16:42,307 | INFO | 📄 Navigating to: https://www.nawy.com/compound/699-blue-bay...
2026-01-30 16:16:54,732 | INFO |    ✅ Blue Bay
2026-01-30 16:16:54,811 | INFO | ➕ Inserted new compound: Blue Bay
2026-01-30 16:16:54,811 | INFO |    💾 Saved to MongoDB
2026-01-30 16:16:58,439 | INFO | [124/271] Scraping: https://www.nawy.com/compound/701-maspero-business-tower
2026-01-30 16:16:58,440 | INFO | 📄 Navigating to: https://www.nawy.com/compound/701-maspero-business-tower...
2026-01-30 16:17:17,177 | INFO |    ✅ Maspero Business Tower
2026-01-30 16:17:17,261 | INFO | ➕ Inserted new compound: Maspero Business Tower
2026-01-30 16:17:17,261 | INFO |    💾 Saved to MongoDB
2026-01-30 16:17:22,776 | INFO | [125/271] Scraping: https://www.nawy.com/compound/702-maspero-mall
2026-01-30 16:17:22,776 | INFO | 📄 Navigating to: https://www.nawy.com/compound/702-maspero-mall...
2026-01-30 16:17:52,903 | ERROR | ❌ Navigation error (attempt 1): Timeout 30000ms exceeded.
2026-01-30 16:17:52,903 | INFO | ⏳ Retrying in 2.7s...
2026-01-30 16:17:55,568 | INFO | 📄 Navigating to: https://www.nawy.com/compound/702-maspero-mall...
2026-01-30 16:18:25,721 | ERROR | ❌ Navigation error (attempt 2): Timeout 30000ms exceeded.
2026-01-30 16:18:25,721 | INFO | ⏳ Retrying in 3.8s...
2026-01-30 16:18:29,535 | INFO | 📄 Navigating to: https://www.nawy.com/compound/702-maspero-mall...
2026-01-30 16:18:59,657 | ERROR | ❌ Navigation error (attempt 3): Timeout 30000ms exceeded.
2026-01-30 16:18:59,657 | WARNING |    ❌ Failed to scrape
2026-01-30 16:19:05,414 | INFO | [126/271] Scraping: https://www.nawy.com/compound/705-crown-central
2026-01-30 16:19:05,414 | INFO | 📄 Navigating to: https://www.nawy.com/compound/705-crown-central...
2026-01-30 16:19:29,723 | INFO |    ✅ Crown Central
2026-01-30 16:19:29,808 | INFO | ➕ Inserted new compound: Crown Central
2026-01-30 16:19:29,809 | INFO |    💾 Saved to MongoDB
2026-01-30 16:19:34,462 | INFO | [127/271] Scraping: https://www.nawy.com/compound/710-palm-beach
2026-01-30 16:19:34,464 | INFO | 📄 Navigating to: https://www.nawy.com/compound/710-palm-beach...
2026-01-30 16:19:47,134 | INFO |    ✅ Palm Beach
2026-01-30 16:19:47,205 | INFO | ➕ Inserted new compound: Palm Beach
2026-01-30 16:19:47,205 | INFO |    💾 Saved to MongoDB
2026-01-30 16:19:52,951 | INFO | [128/271] Scraping: https://www.nawy.com/compound/712-zayed-regency
2026-01-30 16:19:52,951 | INFO | 📄 Navigating to: https://www.nawy.com/compound/712-zayed-regency...
2026-01-30 16:20:14,250 | INFO |    ✅ Zayed Regency
2026-01-30 16:20:14,329 | INFO | ➕ Inserted new compound: Zayed Regency
2026-01-30 16:20:14,330 | INFO |    💾 Saved to MongoDB
2026-01-30 16:20:18,692 | INFO | [129/271] Scraping: https://www.nawy.com/compound/713-skyline
2026-01-30 16:20:18,693 | INFO | 📄 Navigating to: https://www.nawy.com/compound/713-skyline...
2026-01-30 16:20:31,252 | INFO |    ✅ Skyline
2026-01-30 16:20:31,334 | INFO | ➕ Inserted new compound: Skyline
2026-01-30 16:20:31,335 | INFO |    💾 Saved to MongoDB
2026-01-30 16:20:35,263 | INFO | [130/271] Scraping: https://www.nawy.com/compound/714-the-wave-hotel-apartment-bianchi-ilios
2026-01-30 16:20:35,263 | INFO | 📄 Navigating to: https://www.nawy.com/compound/714-the-wave-hotel-apartment-bianchi-ilios...
2026-01-30 16:20:48,147 | INFO |    ✅ The Wave Hotel Apartment Bianchi Ilios
2026-01-30 16:20:48,222 | INFO | ➕ Inserted new compound: The Wave Hotel Apartment Bianchi Ilios
2026-01-30 16:20:48,222 | INFO |    💾 Saved to MongoDB
2026-01-30 16:20:52,506 | INFO | [131/271] Scraping: https://www.nawy.com/compound/715-ever
2026-01-30 16:20:52,506 | INFO | 📄 Navigating to: https://www.nawy.com/compound/715-ever...
2026-01-30 16:21:13,395 | INFO |    ✅ Ever
2026-01-30 16:21:13,479 | INFO | ➕ Inserted new compound: Ever
2026-01-30 16:21:13,480 | INFO |    💾 Saved to MongoDB
2026-01-30 16:21:18,772 | INFO | [132/271] Scraping: https://www.nawy.com/compound/716-azzar--island
2026-01-30 16:21:18,773 | INFO | 📄 Navigating to: https://www.nawy.com/compound/716-azzar--island...
2026-01-30 16:21:48,892 | ERROR | ❌ Navigation error (attempt 1): Timeout 30000ms exceeded.
2026-01-30 16:21:48,892 | INFO | ⏳ Retrying in 2.4s...
2026-01-30 16:21:51,294 | INFO | 📄 Navigating to: https://www.nawy.com/compound/716-azzar--island...
2026-01-30 16:22:21,416 | ERROR | ❌ Navigation error (attempt 2): Timeout 30000ms exceeded.
2026-01-30 16:22:21,417 | INFO | ⏳ Retrying in 3.2s...
2026-01-30 16:22:24,589 | INFO | 📄 Navigating to: https://www.nawy.com/compound/716-azzar--island...
2026-01-30 16:22:54,712 | ERROR | ❌ Navigation error (attempt 3): Timeout 30000ms exceeded.
2026-01-30 16:22:54,712 | WARNING |    ❌ Failed to scrape
2026-01-30 16:22:59,245 | INFO | [133/271] Scraping: https://www.nawy.com/compound/717-silvertown-silversands
2026-01-30 16:22:59,246 | INFO | 📄 Navigating to: https://www.nawy.com/compound/717-silvertown-silversands...
2026-01-30 16:23:29,375 | ERROR | ❌ Navigation error (attempt 1): Timeout 30000ms exceeded.
2026-01-30 16:23:29,375 | INFO | ⏳ Retrying in 3.3s...
2026-01-30 16:23:32,726 | INFO | 📄 Navigating to: https://www.nawy.com/compound/717-silvertown-silversands...
2026-01-30 16:23:41,269 | INFO |    ✅ Silvertown Silversands
2026-01-30 16:23:41,390 | INFO | ➕ Inserted new compound: Silvertown Silversands
2026-01-30 16:23:41,390 | INFO |    💾 Saved to MongoDB
2026-01-30 16:23:46,003 | INFO | [134/271] Scraping: https://www.nawy.com/compound/718-promenade
2026-01-30 16:23:46,003 | INFO | 📄 Navigating to: https://www.nawy.com/compound/718-promenade...
2026-01-30 16:24:08,050 | INFO |    ✅ Promenade
2026-01-30 16:24:08,130 | INFO | ➕ Inserted new compound: Promenade
2026-01-30 16:24:08,130 | INFO |    💾 Saved to MongoDB
2026-01-30 16:24:13,519 | INFO | [135/271] Scraping: https://www.nawy.com/compound/719-reem-residence
2026-01-30 16:24:13,520 | INFO | 📄 Navigating to: https://www.nawy.com/compound/719-reem-residence...
2026-01-30 16:24:43,659 | ERROR | ❌ Navigation error (attempt 1): Timeout 30000ms exceeded.
2026-01-30 16:24:43,662 | INFO | ⏳ Retrying in 2.7s...
2026-01-30 16:24:46,390 | INFO | 📄 Navigating to: https://www.nawy.com/compound/719-reem-residence...
2026-01-30 16:25:16,516 | ERROR | ❌ Navigation error (attempt 2): Timeout 30000ms exceeded.
2026-01-30 16:25:16,517 | INFO | ⏳ Retrying in 5.0s...
2026-01-30 16:25:21,493 | INFO | 📄 Navigating to: https://www.nawy.com/compound/719-reem-residence...
2026-01-30 16:25:51,625 | ERROR | ❌ Navigation error (attempt 3): Timeout 30000ms exceeded.
2026-01-30 16:25:51,625 | WARNING |    ❌ Failed to scrape
2026-01-30 16:25:55,770 | INFO | [136/271] Scraping: https://www.nawy.com/compound/720-marsellia-land
2026-01-30 16:25:55,770 | INFO | 📄 Navigating to: https://www.nawy.com/compound/720-marsellia-land...
2026-01-30 16:26:25,895 | ERROR | ❌ Navigation error (attempt 1): Timeout 30000ms exceeded.
2026-01-30 16:26:25,895 | INFO | ⏳ Retrying in 2.7s...
2026-01-30 16:26:28,654 | INFO | 📄 Navigating to: https://www.nawy.com/compound/720-marsellia-land...
2026-01-30 16:26:41,791 | INFO |    ✅ Marsellia Land
2026-01-30 16:26:41,876 | INFO | ➕ Inserted new compound: Marsellia Land
2026-01-30 16:26:41,876 | INFO |    💾 Saved to MongoDB
2026-01-30 16:26:45,277 | INFO | [137/271] Scraping: https://www.nawy.com/compound/721-nord-new-alamein
2026-01-30 16:26:45,277 | INFO | 📄 Navigating to: https://www.nawy.com/compound/721-nord-new-alamein...
2026-01-30 16:27:11,547 | INFO |    ✅ Nord New Alamein
2026-01-30 16:27:11,630 | INFO | ➕ Inserted new compound: Nord New Alamein
2026-01-30 16:27:11,631 | INFO |    💾 Saved to MongoDB
2026-01-30 16:27:17,039 | INFO | [138/271] Scraping: https://www.nawy.com/compound/722-creek-district
2026-01-30 16:27:17,040 | INFO | 📄 Navigating to: https://www.nawy.com/compound/722-creek-district...
2026-01-30 16:27:47,169 | ERROR | ❌ Navigation error (attempt 1): Timeout 30000ms exceeded.
2026-01-30 16:27:47,170 | INFO | ⏳ Retrying in 3.7s...
2026-01-30 16:27:50,874 | INFO | 📄 Navigating to: https://www.nawy.com/compound/722-creek-district...
2026-01-30 16:28:21,009 | ERROR | ❌ Navigation error (attempt 2): Timeout 30000ms exceeded.
2026-01-30 16:28:21,009 | INFO | ⏳ Retrying in 4.3s...
2026-01-30 16:28:25,316 | INFO | 📄 Navigating to: https://www.nawy.com/compound/722-creek-district...
2026-01-30 16:28:55,438 | ERROR | ❌ Navigation error (attempt 3): Timeout 30000ms exceeded.
2026-01-30 16:28:55,438 | WARNING |    ❌ Failed to scrape
2026-01-30 16:29:00,496 | INFO | [139/271] Scraping: https://www.nawy.com/compound/723-swan-lake-residences-office-park
2026-01-30 16:29:00,498 | INFO | 📄 Navigating to: https://www.nawy.com/compound/723-swan-lake-residences-office-park...
2026-01-30 16:29:30,640 | ERROR | ❌ Navigation error (attempt 1): Timeout 30000ms exceeded.
2026-01-30 16:29:30,641 | INFO | ⏳ Retrying in 3.5s...
2026-01-30 16:29:34,110 | INFO | 📄 Navigating to: https://www.nawy.com/compound/723-swan-lake-residences-office-park...
2026-01-30 16:30:04,232 | ERROR | ❌ Navigation error (attempt 2): Timeout 30000ms exceeded.
2026-01-30 16:30:04,232 | INFO | ⏳ Retrying in 4.8s...
2026-01-30 16:30:09,076 | INFO | 📄 Navigating to: https://www.nawy.com/compound/723-swan-lake-residences-office-park...
2026-01-30 16:30:39,202 | ERROR | ❌ Navigation error (attempt 3): Timeout 30000ms exceeded.
2026-01-30 16:30:39,203 | WARNING |    ❌ Failed to scrape
2026-01-30 16:30:45,098 | INFO | [140/271] Scraping: https://www.nawy.com/compound/724-la-mirada
2026-01-30 16:30:45,099 | INFO | 📄 Navigating to: https://www.nawy.com/compound/724-la-mirada...
2026-01-30 16:31:15,224 | ERROR | ❌ Navigation error (attempt 1): Timeout 30000ms exceeded.
2026-01-30 16:31:15,227 | INFO | ⏳ Retrying in 2.3s...
2026-01-30 16:31:17,565 | INFO | 📄 Navigating to: https://www.nawy.com/compound/724-la-mirada...
2026-01-30 16:31:47,698 | ERROR | ❌ Navigation error (attempt 2): Timeout 30000ms exceeded.
2026-01-30 16:31:47,698 | INFO | ⏳ Retrying in 3.6s...
2026-01-30 16:31:51,343 | INFO | 📄 Navigating to: https://www.nawy.com/compound/724-la-mirada...
2026-01-30 16:32:17,964 | INFO |    ✅ La Mirada
2026-01-30 16:32:18,048 | INFO | ➕ Inserted new compound: La Mirada
2026-01-30 16:32:18,049 | INFO |    💾 Saved to MongoDB
2026-01-30 16:32:23,530 | INFO | [141/271] Scraping: https://www.nawy.com/compound/725-cape-bay-blumar-lasirena
2026-01-30 16:32:23,532 | INFO | 📄 Navigating to: https://www.nawy.com/compound/725-cape-bay-blumar-lasirena...
2026-01-30 16:32:35,870 | INFO |    ✅ Cape Bay Blumar Lasirena
2026-01-30 16:32:35,951 | INFO | ➕ Inserted new compound: Cape Bay Blumar Lasirena
2026-01-30 16:32:35,951 | INFO |    💾 Saved to MongoDB
2026-01-30 16:32:41,039 | INFO | [142/271] Scraping: https://www.nawy.com/compound/726-kardia
2026-01-30 16:32:41,039 | INFO | 📄 Navigating to: https://www.nawy.com/compound/726-kardia...
2026-01-30 16:32:48,735 | INFO |    ✅ Kardia
2026-01-30 16:32:48,816 | INFO | ➕ Inserted new compound: Kardia
2026-01-30 16:32:48,817 | INFO |    💾 Saved to MongoDB
2026-01-30 16:32:51,926 | INFO | [143/271] Scraping: https://www.nawy.com/compound/727-evia-mountain-view
2026-01-30 16:32:51,926 | INFO | 📄 Navigating to: https://www.nawy.com/compound/727-evia-mountain-view...
2026-01-30 16:32:58,990 | INFO |    ✅ Evia Mountain View
2026-01-30 16:32:59,078 | INFO | ➕ Inserted new compound: Evia Mountain View
2026-01-30 16:32:59,079 | INFO |    💾 Saved to MongoDB
2026-01-30 16:33:03,637 | INFO | [144/271] Scraping: https://www.nawy.com/compound/728-lasirena-palm-beach
2026-01-30 16:33:03,638 | INFO | 📄 Navigating to: https://www.nawy.com/compound/728-lasirena-palm-beach...
2026-01-30 16:33:33,758 | ERROR | ❌ Navigation error (attempt 1): Timeout 30000ms exceeded.
2026-01-30 16:33:33,760 | INFO | ⏳ Retrying in 3.4s...
2026-01-30 16:33:37,178 | INFO | 📄 Navigating to: https://www.nawy.com/compound/728-lasirena-palm-beach...
2026-01-30 16:34:07,302 | ERROR | ❌ Navigation error (attempt 2): Timeout 30000ms exceeded.
2026-01-30 16:34:07,302 | INFO | ⏳ Retrying in 3.9s...
2026-01-30 16:34:11,197 | INFO | 📄 Navigating to: https://www.nawy.com/compound/728-lasirena-palm-beach...
2026-01-30 16:34:41,318 | ERROR | ❌ Navigation error (attempt 3): Timeout 30000ms exceeded.
2026-01-30 16:34:41,318 | WARNING |    ❌ Failed to scrape
2026-01-30 16:34:47,082 | INFO | [145/271] Scraping: https://www.nawy.com/compound/729-coral-hills
2026-01-30 16:34:47,083 | INFO | 📄 Navigating to: https://www.nawy.com/compound/729-coral-hills...
2026-01-30 16:35:17,202 | ERROR | ❌ Navigation error (attempt 1): Timeout 30000ms exceeded.
2026-01-30 16:35:17,202 | INFO | ⏳ Retrying in 2.8s...
2026-01-30 16:35:19,993 | INFO | 📄 Navigating to: https://www.nawy.com/compound/729-coral-hills...
2026-01-30 16:35:50,116 | ERROR | ❌ Navigation error (attempt 2): Timeout 30000ms exceeded.
2026-01-30 16:35:50,117 | INFO | ⏳ Retrying in 4.6s...
2026-01-30 16:35:54,712 | INFO | 📄 Navigating to: https://www.nawy.com/compound/729-coral-hills...
2026-01-30 16:36:02,297 | INFO |    ✅ Coral Hills
2026-01-30 16:36:02,359 | INFO | ➕ Inserted new compound: Coral Hills
2026-01-30 16:36:02,359 | INFO |    💾 Saved to MongoDB
2026-01-30 16:36:07,205 | INFO | [146/271] Scraping: https://www.nawy.com/compound/730-de-joya--1
2026-01-30 16:36:07,205 | INFO | 📄 Navigating to: https://www.nawy.com/compound/730-de-joya--1...
2026-01-30 16:36:29,286 | INFO |    ✅ De Joya 1
2026-01-30 16:36:29,347 | INFO | ➕ Inserted new compound: De Joya 1
2026-01-30 16:36:29,348 | INFO |    💾 Saved to MongoDB
2026-01-30 16:36:35,093 | INFO | [147/271] Scraping: https://www.nawy.com/compound/731-nile-pearl--tower
2026-01-30 16:36:35,094 | INFO | 📄 Navigating to: https://www.nawy.com/compound/731-nile-pearl--tower...
2026-01-30 16:37:05,213 | ERROR | ❌ Navigation error (attempt 1): Timeout 30000ms exceeded.
2026-01-30 16:37:05,214 | INFO | ⏳ Retrying in 3.3s...
2026-01-30 16:37:08,501 | INFO | 📄 Navigating to: https://www.nawy.com/compound/731-nile-pearl--tower...
2026-01-30 16:37:38,624 | ERROR | ❌ Navigation error (attempt 2): Timeout 30000ms exceeded.
2026-01-30 16:37:38,625 | INFO | ⏳ Retrying in 4.8s...
2026-01-30 16:37:43,396 | INFO | 📄 Navigating to: https://www.nawy.com/compound/731-nile-pearl--tower...
2026-01-30 16:38:13,527 | ERROR | ❌ Navigation error (attempt 3): Timeout 30000ms exceeded.
2026-01-30 16:38:13,527 | WARNING |    ❌ Failed to scrape
2026-01-30 16:38:19,230 | INFO | [148/271] Scraping: https://www.nawy.com/compound/732-de-joya--2
2026-01-30 16:38:19,230 | INFO | 📄 Navigating to: https://www.nawy.com/compound/732-de-joya--2...
2026-01-30 16:38:49,347 | ERROR | ❌ Navigation error (attempt 1): Timeout 30000ms exceeded.
2026-01-30 16:38:49,347 | INFO | ⏳ Retrying in 2.6s...
2026-01-30 16:38:51,977 | INFO | 📄 Navigating to: https://www.nawy.com/compound/732-de-joya--2...
2026-01-30 16:39:22,093 | ERROR | ❌ Navigation error (attempt 2): Timeout 30000ms exceeded.
2026-01-30 16:39:22,094 | INFO | ⏳ Retrying in 3.2s...
2026-01-30 16:39:25,271 | INFO | 📄 Navigating to: https://www.nawy.com/compound/732-de-joya--2...
2026-01-30 16:39:32,653 | INFO |    ✅ De Joya 2
2026-01-30 16:39:32,739 | INFO | ➕ Inserted new compound: De Joya 2
2026-01-30 16:39:32,739 | INFO |    💾 Saved to MongoDB
2026-01-30 16:39:36,322 | INFO | [149/271] Scraping: https://www.nawy.com/compound/733-de-joya--3
2026-01-30 16:39:36,323 | INFO | 📄 Navigating to: https://www.nawy.com/compound/733-de-joya--3...
2026-01-30 16:39:59,978 | INFO |    ✅ De Joya 3
2026-01-30 16:40:00,070 | INFO | ➕ Inserted new compound: De Joya 3
2026-01-30 16:40:00,071 | INFO |    💾 Saved to MongoDB
2026-01-30 16:40:04,410 | INFO | [150/271] Scraping: https://www.nawy.com/compound/734-lasirena-north-coast
2026-01-30 16:40:04,410 | INFO | 📄 Navigating to: https://www.nawy.com/compound/734-lasirena-north-coast...
2026-01-30 16:40:34,532 | ERROR | ❌ Navigation error (attempt 1): Timeout 30000ms exceeded.
2026-01-30 16:40:34,533 | INFO | ⏳ Retrying in 2.3s...
2026-01-30 16:40:36,808 | INFO | 📄 Navigating to: https://www.nawy.com/compound/734-lasirena-north-coast...
2026-01-30 16:41:06,933 | ERROR | ❌ Navigation error (attempt 2): Timeout 30000ms exceeded.
2026-01-30 16:41:06,934 | INFO | ⏳ Retrying in 4.5s...
2026-01-30 16:41:11,460 | INFO | 📄 Navigating to: https://www.nawy.com/compound/734-lasirena-north-coast...
2026-01-30 16:41:41,588 | ERROR | ❌ Navigation error (attempt 3): Timeout 30000ms exceeded.
2026-01-30 16:41:41,589 | WARNING |    ❌ Failed to scrape
2026-01-30 16:41:45,296 | INFO | [151/271] Scraping: https://www.nawy.com/compound/735-majesty-bay-el-galala-lasirena
2026-01-30 16:41:45,297 | INFO | 📄 Navigating to: https://www.nawy.com/compound/735-majesty-bay-el-galala-lasirena...
2026-01-30 16:42:15,410 | ERROR | ❌ Navigation error (attempt 1): Timeout 30000ms exceeded.
2026-01-30 16:42:15,412 | INFO | ⏳ Retrying in 3.1s...
2026-01-30 16:42:18,537 | INFO | 📄 Navigating to: https://www.nawy.com/compound/735-majesty-bay-el-galala-lasirena...
2026-01-30 16:42:48,653 | ERROR | ❌ Navigation error (attempt 2): Timeout 30000ms exceeded.
2026-01-30 16:42:48,653 | INFO | ⏳ Retrying in 4.9s...
2026-01-30 16:42:53,546 | INFO | 📄 Navigating to: https://www.nawy.com/compound/735-majesty-bay-el-galala-lasirena...
2026-01-30 16:43:23,665 | ERROR | ❌ Navigation error (attempt 3): Timeout 30000ms exceeded.
2026-01-30 16:43:23,665 | WARNING |    ❌ Failed to scrape
2026-01-30 16:43:28,840 | INFO | [152/271] Scraping: https://www.nawy.com/compound/737-granda-life
2026-01-30 16:43:28,841 | INFO | 📄 Navigating to: https://www.nawy.com/compound/737-granda-life...
2026-01-30 16:43:40,849 | INFO |    ✅ Granda Life
2026-01-30 16:43:40,930 | INFO | ➕ Inserted new compound: Granda Life
2026-01-30 16:43:40,931 | INFO |    💾 Saved to MongoDB
2026-01-30 16:43:44,607 | INFO | [153/271] Scraping: https://www.nawy.com/compound/738-gardenia-park-1
2026-01-30 16:43:44,612 | INFO | 📄 Navigating to: https://www.nawy.com/compound/738-gardenia-park-1...
2026-01-30 16:44:03,832 | INFO |    ✅ Gardenia Park 1
2026-01-30 16:44:03,912 | INFO | ➕ Inserted new compound: Gardenia Park 1
2026-01-30 16:44:03,912 | INFO |    💾 Saved to MongoDB
2026-01-30 16:44:07,025 | INFO | [154/271] Scraping: https://www.nawy.com/compound/739-porto-october
2026-01-30 16:44:07,025 | INFO | 📄 Navigating to: https://www.nawy.com/compound/739-porto-october...
2026-01-30 16:44:14,941 | INFO |    ✅ Porto October
2026-01-30 16:44:15,019 | INFO | ➕ Inserted new compound: Porto October
2026-01-30 16:44:15,019 | INFO |    💾 Saved to MongoDB
2026-01-30 16:44:18,060 | INFO | [155/271] Scraping: https://www.nawy.com/compound/745-eastshire
2026-01-30 16:44:18,060 | INFO | 📄 Navigating to: https://www.nawy.com/compound/745-eastshire...
2026-01-30 16:44:41,508 | INFO |    ✅ Eastshire
2026-01-30 16:44:41,637 | INFO | ➕ Inserted new compound: Eastshire
2026-01-30 16:44:41,638 | INFO |    💾 Saved to MongoDB
2026-01-30 16:44:46,806 | INFO | [156/271] Scraping: https://www.nawy.com/compound/746-central-new-cairo
2026-01-30 16:44:46,806 | INFO | 📄 Navigating to: https://www.nawy.com/compound/746-central-new-cairo...
2026-01-30 16:45:00,322 | INFO |    ✅ Central New Cairo
2026-01-30 16:45:00,399 | INFO | ➕ Inserted new compound: Central New Cairo
2026-01-30 16:45:00,399 | INFO |    💾 Saved to MongoDB
2026-01-30 16:45:04,054 | INFO | [157/271] Scraping: https://www.nawy.com/compound/747-88-hub-mall
2026-01-30 16:45:04,054 | INFO | 📄 Navigating to: https://www.nawy.com/compound/747-88-hub-mall...
2026-01-30 16:45:21,536 | INFO |    ✅ 88 Hub Mall
2026-01-30 16:45:21,608 | INFO | ➕ Inserted new compound: 88 Hub Mall
2026-01-30 16:45:21,609 | INFO |    💾 Saved to MongoDB
2026-01-30 16:45:26,770 | INFO | [158/271] Scraping: https://www.nawy.com/compound/748-taj-tower
2026-01-30 16:45:26,771 | INFO | 📄 Navigating to: https://www.nawy.com/compound/748-taj-tower...
2026-01-30 16:45:35,507 | INFO |    ✅ Taj Tower
2026-01-30 16:45:35,588 | INFO | ➕ Inserted new compound: Taj Tower
2026-01-30 16:45:35,589 | INFO |    💾 Saved to MongoDB
2026-01-30 16:45:39,354 | INFO | [159/271] Scraping: https://www.nawy.com/compound/749-green-land
2026-01-30 16:45:39,356 | INFO | 📄 Navigating to: https://www.nawy.com/compound/749-green-land...
2026-01-30 16:46:01,339 | INFO |    ✅ Green Land
2026-01-30 16:46:01,422 | INFO | ➕ Inserted new compound: Green Land
2026-01-30 16:46:01,422 | INFO |    💾 Saved to MongoDB
2026-01-30 16:46:05,638 | INFO | [160/271] Scraping: https://www.nawy.com/compound/751-the-ark
2026-01-30 16:46:05,639 | INFO | 📄 Navigating to: https://www.nawy.com/compound/751-the-ark...
2026-01-30 16:46:35,775 | ERROR | ❌ Navigation error (attempt 1): Timeout 30000ms exceeded.
2026-01-30 16:46:35,775 | INFO | ⏳ Retrying in 3.8s...
2026-01-30 16:46:39,544 | INFO | 📄 Navigating to: https://www.nawy.com/compound/751-the-ark...
2026-01-30 16:46:48,354 | INFO |    ✅ The Ark
2026-01-30 16:46:48,439 | INFO | ➕ Inserted new compound: The Ark
2026-01-30 16:46:48,439 | INFO |    💾 Saved to MongoDB
2026-01-30 16:46:52,619 | INFO | [161/271] Scraping: https://www.nawy.com/compound/753-hacienda-red
2026-01-30 16:46:52,619 | INFO | 📄 Navigating to: https://www.nawy.com/compound/753-hacienda-red...
2026-01-30 16:47:14,428 | INFO |    ✅ Hacienda Red
2026-01-30 16:47:14,514 | INFO | ➕ Inserted new compound: Hacienda Red
2026-01-30 16:47:14,514 | INFO |    💾 Saved to MongoDB
2026-01-30 16:47:19,984 | INFO | [162/271] Scraping: https://www.nawy.com/compound/755-moonreal-tower
2026-01-30 16:47:19,995 | INFO | 📄 Navigating to: https://www.nawy.com/compound/755-moonreal-tower...
2026-01-30 16:47:31,330 | INFO |    ✅ Moonreal Tower
2026-01-30 16:47:31,409 | INFO | ➕ Inserted new compound: Moonreal Tower
2026-01-30 16:47:31,410 | INFO |    💾 Saved to MongoDB
2026-01-30 16:47:36,908 | INFO | [163/271] Scraping: https://www.nawy.com/compound/756-mena-garden-city
2026-01-30 16:47:36,910 | INFO | 📄 Navigating to: https://www.nawy.com/compound/756-mena-garden-city...
2026-01-30 16:47:44,971 | INFO |    ✅ Mena Garden City
2026-01-30 16:47:45,094 | INFO | ➕ Inserted new compound: Mena Garden City
2026-01-30 16:47:45,095 | INFO |    💾 Saved to MongoDB
2026-01-30 16:47:51,037 | INFO | [164/271] Scraping: https://www.nawy.com/compound/757-azha-north-coast
2026-01-30 16:47:51,037 | INFO | 📄 Navigating to: https://www.nawy.com/compound/757-azha-north-coast...
2026-01-30 16:48:03,459 | INFO |    ✅ Azha North Coast
2026-01-30 16:48:03,556 | INFO | ➕ Inserted new compound: Azha North Coast
2026-01-30 16:48:03,556 | INFO |    💾 Saved to MongoDB
2026-01-30 16:48:08,921 | INFO | [165/271] Scraping: https://www.nawy.com/compound/759-d.o.s.e
2026-01-30 16:48:08,921 | INFO | 📄 Navigating to: https://www.nawy.com/compound/759-d.o.s.e...
2026-01-30 16:48:23,785 | INFO |    ✅ D.O.S.E
2026-01-30 16:48:23,886 | INFO | ➕ Inserted new compound: D.O.S.E
2026-01-30 16:48:23,886 | INFO |    💾 Saved to MongoDB
2026-01-30 16:48:27,462 | INFO | [166/271] Scraping: https://www.nawy.com/compound/765-la-mer-residence
2026-01-30 16:48:27,462 | INFO | 📄 Navigating to: https://www.nawy.com/compound/765-la-mer-residence...
2026-01-30 16:48:35,400 | INFO |    ✅ La Mer Residence
2026-01-30 16:48:35,488 | INFO | ➕ Inserted new compound: La Mer Residence
2026-01-30 16:48:35,489 | INFO |    💾 Saved to MongoDB
2026-01-30 16:48:39,825 | INFO | [167/271] Scraping: https://www.nawy.com/compound/766-sea-view
2026-01-30 16:48:39,825 | INFO | 📄 Navigating to: https://www.nawy.com/compound/766-sea-view...
2026-01-30 16:49:02,612 | INFO |    ✅ Sea View
2026-01-30 16:49:02,737 | INFO | ➕ Inserted new compound: Sea View
2026-01-30 16:49:02,737 | INFO |    💾 Saved to MongoDB
2026-01-30 16:49:06,247 | INFO | [168/271] Scraping: https://www.nawy.com/compound/768-ri8
2026-01-30 16:49:06,248 | INFO | 📄 Navigating to: https://www.nawy.com/compound/768-ri8...
2026-01-30 16:49:36,370 | ERROR | ❌ Navigation error (attempt 1): Timeout 30000ms exceeded.
2026-01-30 16:49:36,370 | INFO | ⏳ Retrying in 3.4s...
2026-01-30 16:49:39,720 | INFO | 📄 Navigating to: https://www.nawy.com/compound/768-ri8...
2026-01-30 16:50:09,841 | ERROR | ❌ Navigation error (attempt 2): Timeout 30000ms exceeded.
2026-01-30 16:50:09,842 | INFO | ⏳ Retrying in 3.3s...
2026-01-30 16:50:13,176 | INFO | 📄 Navigating to: https://www.nawy.com/compound/768-ri8...
2026-01-30 16:50:25,709 | INFO |    ✅ Ri8
2026-01-30 16:50:25,800 | INFO | ➕ Inserted new compound: Ri8
2026-01-30 16:50:25,801 | INFO |    💾 Saved to MongoDB
2026-01-30 16:50:29,209 | INFO | [169/271] Scraping: https://www.nawy.com/compound/772-central-point
2026-01-30 16:50:29,212 | INFO | 📄 Navigating to: https://www.nawy.com/compound/772-central-point...
2026-01-30 16:50:37,205 | INFO |    ✅ Central Point
2026-01-30 16:50:37,301 | INFO | ➕ Inserted new compound: Central Point
2026-01-30 16:50:37,302 | INFO |    💾 Saved to MongoDB
2026-01-30 16:50:40,390 | INFO | [170/271] Scraping: https://www.nawy.com/compound/773-rayan-tower
2026-01-30 16:50:40,391 | INFO | 📄 Navigating to: https://www.nawy.com/compound/773-rayan-tower...
2026-01-30 16:50:48,907 | INFO |    ✅ Rayan Tower
2026-01-30 16:50:49,079 | INFO | ➕ Inserted new compound: Rayan Tower
2026-01-30 16:50:49,081 | INFO |    💾 Saved to MongoDB
2026-01-30 16:50:54,803 | INFO | [171/271] Scraping: https://www.nawy.com/compound/775-eco-west
2026-01-30 16:50:54,806 | INFO | 📄 Navigating to: https://www.nawy.com/compound/775-eco-west...
2026-01-30 16:51:14,091 | INFO |    ✅ Eco West
2026-01-30 16:51:14,191 | INFO | ➕ Inserted new compound: Eco West
2026-01-30 16:51:14,192 | INFO |    💾 Saved to MongoDB
2026-01-30 16:51:18,636 | INFO | [172/271] Scraping: https://www.nawy.com/compound/777-la-verde-new-capital
2026-01-30 16:51:18,637 | INFO | 📄 Navigating to: https://www.nawy.com/compound/777-la-verde-new-capital...
2026-01-30 16:51:48,758 | ERROR | ❌ Navigation error (attempt 1): Timeout 30000ms exceeded.
2026-01-30 16:51:48,759 | INFO | ⏳ Retrying in 2.4s...
2026-01-30 16:51:51,189 | INFO | 📄 Navigating to: https://www.nawy.com/compound/777-la-verde-new-capital...
2026-01-30 16:52:21,301 | ERROR | ❌ Navigation error (attempt 2): Timeout 30000ms exceeded.
2026-01-30 16:52:21,301 | INFO | ⏳ Retrying in 4.1s...
2026-01-30 16:52:25,419 | INFO | 📄 Navigating to: https://www.nawy.com/compound/777-la-verde-new-capital...
2026-01-30 16:52:38,201 | INFO |    ✅ La Verde New Capital
2026-01-30 16:52:38,351 | INFO | ➕ Inserted new compound: La Verde New Capital
2026-01-30 16:52:38,351 | INFO |    💾 Saved to MongoDB
2026-01-30 16:52:44,200 | INFO | [173/271] Scraping: https://www.nawy.com/compound/778-la-verde-casette
2026-01-30 16:52:44,201 | INFO | 📄 Navigating to: https://www.nawy.com/compound/778-la-verde-casette...
2026-01-30 16:53:00,228 | INFO |    ✅ La Verde Casette
2026-01-30 16:53:00,311 | INFO | ➕ Inserted new compound: La Verde Casette
2026-01-30 16:53:00,311 | INFO |    💾 Saved to MongoDB
2026-01-30 16:53:06,043 | INFO | [174/271] Scraping: https://www.nawy.com/compound/780-kattameya-palms
2026-01-30 16:53:06,045 | INFO | 📄 Navigating to: https://www.nawy.com/compound/780-kattameya-palms...
2026-01-30 16:53:36,170 | ERROR | ❌ Navigation error (attempt 1): Timeout 30000ms exceeded.
2026-01-30 16:53:36,171 | INFO | ⏳ Retrying in 2.9s...
2026-01-30 16:53:39,072 | INFO | 📄 Navigating to: https://www.nawy.com/compound/780-kattameya-palms...
2026-01-30 16:54:09,197 | ERROR | ❌ Navigation error (attempt 2): Timeout 30000ms exceeded.
2026-01-30 16:54:09,200 | INFO | ⏳ Retrying in 3.9s...
2026-01-30 16:54:13,161 | INFO | 📄 Navigating to: https://www.nawy.com/compound/780-kattameya-palms...
2026-01-30 16:54:43,275 | ERROR | ❌ Navigation error (attempt 3): Timeout 30000ms exceeded.
2026-01-30 16:54:43,276 | WARNING |    ❌ Failed to scrape
2026-01-30 16:54:46,362 | INFO | [175/271] Scraping: https://www.nawy.com/compound/781-talah
2026-01-30 16:54:46,363 | INFO | 📄 Navigating to: https://www.nawy.com/compound/781-talah...
2026-01-30 16:55:08,122 | INFO |    ✅ Talah
2026-01-30 16:55:08,221 | INFO | ➕ Inserted new compound: Talah
2026-01-30 16:55:08,221 | INFO |    💾 Saved to MongoDB
2026-01-30 16:55:13,998 | INFO | [176/271] Scraping: https://www.nawy.com/compound/782-eastlane
2026-01-30 16:55:13,998 | INFO | 📄 Navigating to: https://www.nawy.com/compound/782-eastlane...
2026-01-30 16:55:25,059 | INFO |    ✅ Eastlane
2026-01-30 16:55:25,150 | INFO | ➕ Inserted new compound: Eastlane
2026-01-30 16:55:25,151 | INFO |    💾 Saved to MongoDB
2026-01-30 16:55:29,029 | INFO | [177/271] Scraping: https://www.nawy.com/compound/784-baron-city
2026-01-30 16:55:29,031 | INFO | 📄 Navigating to: https://www.nawy.com/compound/784-baron-city...
2026-01-30 16:55:40,169 | INFO |    ✅ Baron City
2026-01-30 16:55:40,628 | INFO | ➕ Inserted new compound: Baron City
2026-01-30 16:55:40,629 | INFO |    💾 Saved to MongoDB
2026-01-30 16:55:43,889 | INFO | [178/271] Scraping: https://www.nawy.com/compound/787-al-yasmine-green-land
2026-01-30 16:55:43,890 | INFO | 📄 Navigating to: https://www.nawy.com/compound/787-al-yasmine-green-land...
2026-01-30 16:55:56,566 | INFO |    ✅ Al Yasmine Green Land
2026-01-30 16:55:56,672 | INFO | ➕ Inserted new compound: Al Yasmine Green Land
2026-01-30 16:55:56,672 | INFO |    💾 Saved to MongoDB
2026-01-30 16:56:01,467 | INFO | [179/271] Scraping: https://www.nawy.com/compound/788-masaya
2026-01-30 16:56:01,468 | INFO | 📄 Navigating to: https://www.nawy.com/compound/788-masaya...
2026-01-30 16:56:10,919 | INFO |    ✅ Masaya
2026-01-30 16:56:11,159 | INFO | ➕ Inserted new compound: Masaya
2026-01-30 16:56:11,160 | INFO |    💾 Saved to MongoDB
2026-01-30 16:56:15,840 | INFO | [180/271] Scraping: https://www.nawy.com/compound/789-marsa-baghush
2026-01-30 16:56:15,840 | INFO | 📄 Navigating to: https://www.nawy.com/compound/789-marsa-baghush...
2026-01-30 16:56:43,379 | INFO |    ✅ Marsa Baghush
2026-01-30 16:56:43,468 | INFO | ➕ Inserted new compound: Marsa Baghush
2026-01-30 16:56:43,468 | INFO |    💾 Saved to MongoDB
2026-01-30 16:56:48,159 | INFO | [181/271] Scraping: https://www.nawy.com/compound/790-nyoum-october
2026-01-30 16:56:48,160 | INFO | 📄 Navigating to: https://www.nawy.com/compound/790-nyoum-october...
2026-01-30 16:57:10,675 | INFO |    ✅ Nyoum October
2026-01-30 16:57:10,812 | INFO | ➕ Inserted new compound: Nyoum October
2026-01-30 16:57:10,813 | INFO |    💾 Saved to MongoDB
2026-01-30 16:57:14,086 | INFO | [182/271] Scraping: https://www.nawy.com/compound/791-majorelle
2026-01-30 16:57:14,086 | INFO | 📄 Navigating to: https://www.nawy.com/compound/791-majorelle...
2026-01-30 16:57:21,983 | INFO |    ✅ Majorelle
2026-01-30 16:57:22,072 | INFO | ➕ Inserted new compound: Majorelle
2026-01-30 16:57:22,072 | INFO |    💾 Saved to MongoDB
2026-01-30 16:57:27,886 | INFO | [183/271] Scraping: https://www.nawy.com/compound/792-the-8
2026-01-30 16:57:27,887 | INFO | 📄 Navigating to: https://www.nawy.com/compound/792-the-8...
2026-01-30 16:57:58,016 | ERROR | ❌ Navigation error (attempt 1): Timeout 30000ms exceeded.
2026-01-30 16:57:58,016 | INFO | ⏳ Retrying in 3.9s...
2026-01-30 16:58:01,969 | INFO | 📄 Navigating to: https://www.nawy.com/compound/792-the-8...
2026-01-30 16:58:32,100 | ERROR | ❌ Navigation error (attempt 2): Timeout 30000ms exceeded.
2026-01-30 16:58:32,102 | INFO | ⏳ Retrying in 3.8s...
2026-01-30 16:58:35,889 | INFO | 📄 Navigating to: https://www.nawy.com/compound/792-the-8...
2026-01-30 16:59:06,037 | ERROR | ❌ Navigation error (attempt 3): Timeout 30000ms exceeded.
2026-01-30 16:59:06,037 | WARNING |    ❌ Failed to scrape
2026-01-30 16:59:11,638 | INFO | [184/271] Scraping: https://www.nawy.com/compound/793-lac-ville
2026-01-30 16:59:11,639 | INFO | 📄 Navigating to: https://www.nawy.com/compound/793-lac-ville...
2026-01-30 16:59:26,530 | INFO |    ✅ Lac Ville
2026-01-30 16:59:26,628 | INFO | ➕ Inserted new compound: Lac Ville
2026-01-30 16:59:26,651 | INFO |    💾 Saved to MongoDB
2026-01-30 16:59:31,345 | INFO | [185/271] Scraping: https://www.nawy.com/compound/794-de-joya-1-strip-mall
2026-01-30 16:59:31,346 | INFO | 📄 Navigating to: https://www.nawy.com/compound/794-de-joya-1-strip-mall...
2026-01-30 16:59:46,483 | INFO |    ✅ De joya 1 strip mall
2026-01-30 16:59:46,543 | INFO | ➕ Inserted new compound: De joya 1 strip mall
2026-01-30 16:59:46,544 | INFO |    💾 Saved to MongoDB
2026-01-30 16:59:51,719 | INFO | [186/271] Scraping: https://www.nawy.com/compound/795-de-joya-2-strip-mall
2026-01-30 16:59:51,721 | INFO | 📄 Navigating to: https://www.nawy.com/compound/795-de-joya-2-strip-mall...
2026-01-30 17:00:03,907 | INFO |    ✅ De joya 2 strip mall
2026-01-30 17:00:04,054 | INFO | ➕ Inserted new compound: De joya 2 strip mall
2026-01-30 17:00:04,055 | INFO |    💾 Saved to MongoDB
2026-01-30 17:00:08,809 | INFO | [187/271] Scraping: https://www.nawy.com/compound/796-de-joya--3-strip-mall
2026-01-30 17:00:08,810 | INFO | 📄 Navigating to: https://www.nawy.com/compound/796-de-joya--3-strip-mall...
2026-01-30 17:00:18,942 | INFO |    ✅ De Joya 3 strip mall
2026-01-30 17:00:19,028 | INFO | ➕ Inserted new compound: De Joya 3 strip mall
2026-01-30 17:00:19,028 | INFO |    💾 Saved to MongoDB
2026-01-30 17:00:24,749 | INFO | [188/271] Scraping: https://www.nawy.com/compound/797-milano-tower
2026-01-30 17:00:24,750 | INFO | 📄 Navigating to: https://www.nawy.com/compound/797-milano-tower...
2026-01-30 17:00:43,470 | INFO |    ✅ Milano Tower
2026-01-30 17:00:43,540 | INFO | ➕ Inserted new compound: Milano Tower
2026-01-30 17:00:43,540 | INFO |    💾 Saved to MongoDB
2026-01-30 17:00:46,942 | INFO | [189/271] Scraping: https://www.nawy.com/compound/799-art-city
2026-01-30 17:00:46,943 | INFO | 📄 Navigating to: https://www.nawy.com/compound/799-art-city...
2026-01-30 17:01:00,428 | INFO |    ✅ Art City
2026-01-30 17:01:02,171 | INFO | ➕ Inserted new compound: Art City
2026-01-30 17:01:02,171 | INFO |    💾 Saved to MongoDB
2026-01-30 17:01:06,269 | INFO | [190/271] Scraping: https://www.nawy.com/compound/800-mountain-view-4
2026-01-30 17:01:06,269 | INFO | 📄 Navigating to: https://www.nawy.com/compound/800-mountain-view-4...
2026-01-30 17:01:19,419 | INFO |    ✅ Mountain View 4
2026-01-30 17:01:19,659 | INFO | ➕ Inserted new compound: Mountain View 4
2026-01-30 17:01:19,660 | INFO |    💾 Saved to MongoDB
2026-01-30 17:01:24,119 | INFO | [191/271] Scraping: https://www.nawy.com/compound/801-the-city-valley
2026-01-30 17:01:24,120 | INFO | 📄 Navigating to: https://www.nawy.com/compound/801-the-city-valley...
2026-01-30 17:01:38,433 | INFO |    ✅ The City Valley
2026-01-30 17:01:38,543 | INFO | ➕ Inserted new compound: The City Valley
2026-01-30 17:01:38,544 | INFO |    💾 Saved to MongoDB
2026-01-30 17:01:43,533 | INFO | [192/271] Scraping: https://www.nawy.com/compound/802-golden-heights
2026-01-30 17:01:43,533 | INFO | 📄 Navigating to: https://www.nawy.com/compound/802-golden-heights...
2026-01-30 17:02:13,646 | ERROR | ❌ Navigation error (attempt 1): Timeout 30000ms exceeded.
2026-01-30 17:02:13,647 | INFO | ⏳ Retrying in 2.4s...
2026-01-30 17:02:16,046 | INFO | 📄 Navigating to: https://www.nawy.com/compound/802-golden-heights...
2026-01-30 17:02:46,177 | ERROR | ❌ Navigation error (attempt 2): Timeout 30000ms exceeded.
2026-01-30 17:02:46,178 | INFO | ⏳ Retrying in 4.7s...
2026-01-30 17:02:50,861 | INFO | 📄 Navigating to: https://www.nawy.com/compound/802-golden-heights...
2026-01-30 17:03:20,982 | ERROR | ❌ Navigation error (attempt 3): Timeout 30000ms exceeded.
2026-01-30 17:03:20,982 | WARNING |    ❌ Failed to scrape
2026-01-30 17:03:24,575 | INFO | [193/271] Scraping: https://www.nawy.com/compound/803-cleopatra-palace
2026-01-30 17:03:24,578 | INFO | 📄 Navigating to: https://www.nawy.com/compound/803-cleopatra-palace...
2026-01-30 17:03:54,717 | ERROR | ❌ Navigation error (attempt 1): Timeout 30000ms exceeded.
2026-01-30 17:03:54,718 | INFO | ⏳ Retrying in 4.0s...
2026-01-30 17:03:58,683 | INFO | 📄 Navigating to: https://www.nawy.com/compound/803-cleopatra-palace...
2026-01-30 17:04:05,553 | INFO |    ✅ Cleopatra Palace
2026-01-30 17:04:05,695 | INFO | ➕ Inserted new compound: Cleopatra Palace
2026-01-30 17:04:05,696 | INFO |    💾 Saved to MongoDB
2026-01-30 17:04:09,346 | INFO | [194/271] Scraping: https://www.nawy.com/compound/804-regents-park
2026-01-30 17:04:09,347 | INFO | 📄 Navigating to: https://www.nawy.com/compound/804-regents-park...
2026-01-30 17:04:33,353 | INFO |    ✅ Regents Park
2026-01-30 17:04:33,602 | INFO | ➕ Inserted new compound: Regents Park
2026-01-30 17:04:33,603 | INFO |    💾 Saved to MongoDB
2026-01-30 17:04:39,413 | INFO | [195/271] Scraping: https://www.nawy.com/compound/807-capital-avenue
2026-01-30 17:04:39,413 | INFO | 📄 Navigating to: https://www.nawy.com/compound/807-capital-avenue...
2026-01-30 17:05:09,539 | ERROR | ❌ Navigation error (attempt 1): Timeout 30000ms exceeded.
2026-01-30 17:05:09,539 | INFO | ⏳ Retrying in 2.5s...
2026-01-30 17:05:12,019 | INFO | 📄 Navigating to: https://www.nawy.com/compound/807-capital-avenue...
2026-01-30 17:05:42,140 | ERROR | ❌ Navigation error (attempt 2): Timeout 30000ms exceeded.
2026-01-30 17:05:42,141 | INFO | ⏳ Retrying in 3.4s...
2026-01-30 17:05:45,502 | INFO | 📄 Navigating to: https://www.nawy.com/compound/807-capital-avenue...
2026-01-30 17:05:53,514 | INFO |    ✅ Capital avenue
2026-01-30 17:05:53,641 | INFO | ➕ Inserted new compound: Capital avenue
2026-01-30 17:05:53,641 | INFO |    💾 Saved to MongoDB
2026-01-30 17:05:58,319 | INFO | [196/271] Scraping: https://www.nawy.com/compound/808-seasons
2026-01-30 17:05:58,320 | INFO | 📄 Navigating to: https://www.nawy.com/compound/808-seasons...
2026-01-30 17:06:10,179 | INFO |    ✅ Seasons Residence
2026-01-30 17:06:10,310 | INFO | ➕ Inserted new compound: Seasons Residence
2026-01-30 17:06:10,311 | INFO |    💾 Saved to MongoDB
2026-01-30 17:06:13,829 | INFO | [197/271] Scraping: https://www.nawy.com/compound/809-suli-golf-residence
2026-01-30 17:06:13,829 | INFO | 📄 Navigating to: https://www.nawy.com/compound/809-suli-golf-residence...
2026-01-30 17:06:25,654 | INFO |    ✅ Suli Golf Residence
2026-01-30 17:06:25,777 | INFO | ➕ Inserted new compound: Suli Golf Residence
2026-01-30 17:06:25,777 | INFO |    💾 Saved to MongoDB
2026-01-30 17:06:30,523 | INFO | [198/271] Scraping: https://www.nawy.com/compound/810-le-gray-beach-hotel-and-residences
2026-01-30 17:06:30,523 | INFO | 📄 Navigating to: https://www.nawy.com/compound/810-le-gray-beach-hotel-and-residences...
2026-01-30 17:06:39,643 | INFO |    ✅ Le Gray Beach Hotel and Residences
2026-01-30 17:06:39,778 | INFO | ➕ Inserted new compound: Le Gray Beach Hotel and Residences
2026-01-30 17:06:39,778 | INFO |    💾 Saved to MongoDB
2026-01-30 17:06:45,125 | INFO | [199/271] Scraping: https://www.nawy.com/compound/811-arabella
2026-01-30 17:06:45,126 | INFO | 📄 Navigating to: https://www.nawy.com/compound/811-arabella...
2026-01-30 17:06:58,274 | INFO |    ✅ Arabella
2026-01-30 17:06:58,402 | INFO | ➕ Inserted new compound: Arabella
2026-01-30 17:06:58,403 | INFO |    💾 Saved to MongoDB
2026-01-30 17:07:03,586 | INFO | [200/271] Scraping: https://www.nawy.com/compound/812-owagik-tower
2026-01-30 17:07:03,587 | INFO | 📄 Navigating to: https://www.nawy.com/compound/812-owagik-tower...
2026-01-30 17:07:33,714 | ERROR | ❌ Navigation error (attempt 1): Timeout 30000ms exceeded.
2026-01-30 17:07:33,715 | INFO | ⏳ Retrying in 3.2s...
2026-01-30 17:07:36,907 | INFO | 📄 Navigating to: https://www.nawy.com/compound/812-owagik-tower...
2026-01-30 17:08:07,029 | ERROR | ❌ Navigation error (attempt 2): Timeout 30000ms exceeded.
2026-01-30 17:08:07,030 | INFO | ⏳ Retrying in 4.5s...
2026-01-30 17:08:11,557 | INFO | 📄 Navigating to: https://www.nawy.com/compound/812-owagik-tower...
2026-01-30 17:08:42,652 | INFO |    ✅ OWAGIK Tower
2026-01-30 17:08:42,720 | INFO | ➕ Inserted new compound: OWAGIK Tower
2026-01-30 17:08:42,720 | INFO |    💾 Saved to MongoDB
2026-01-30 17:08:46,322 | INFO | [201/271] Scraping: https://www.nawy.com/compound/813-205-downtown
2026-01-30 17:08:46,325 | INFO | 📄 Navigating to: https://www.nawy.com/compound/813-205-downtown...
2026-01-30 17:09:00,996 | INFO |    ✅ 205 DownTown
2026-01-30 17:09:01,272 | INFO | ➕ Inserted new compound: 205 DownTown
2026-01-30 17:09:01,272 | INFO |    💾 Saved to MongoDB
2026-01-30 17:09:04,576 | INFO | [202/271] Scraping: https://www.nawy.com/compound/815-the-edge
2026-01-30 17:09:04,577 | INFO | 📄 Navigating to: https://www.nawy.com/compound/815-the-edge...
2026-01-30 17:09:34,700 | ERROR | ❌ Navigation error (attempt 1): Timeout 30000ms exceeded.
2026-01-30 17:09:34,701 | INFO | ⏳ Retrying in 3.1s...
2026-01-30 17:09:37,847 | INFO | 📄 Navigating to: https://www.nawy.com/compound/815-the-edge...
2026-01-30 17:10:07,969 | ERROR | ❌ Navigation error (attempt 2): Timeout 30000ms exceeded.
2026-01-30 17:10:07,969 | INFO | ⏳ Retrying in 3.5s...
2026-01-30 17:10:11,460 | INFO | 📄 Navigating to: https://www.nawy.com/compound/815-the-edge...
2026-01-30 17:10:41,600 | ERROR | ❌ Navigation error (attempt 3): Timeout 30000ms exceeded.
2026-01-30 17:10:41,604 | WARNING |    ❌ Failed to scrape
2026-01-30 17:10:45,118 | INFO | [203/271] Scraping: https://www.nawy.com/compound/816-nyom-new-cairo
2026-01-30 17:10:45,118 | INFO | 📄 Navigating to: https://www.nawy.com/compound/816-nyom-new-cairo...
2026-01-30 17:11:15,232 | ERROR | ❌ Navigation error (attempt 1): Timeout 30000ms exceeded.
2026-01-30 17:11:15,232 | INFO | ⏳ Retrying in 2.7s...
2026-01-30 17:11:17,940 | INFO | 📄 Navigating to: https://www.nawy.com/compound/816-nyom-new-cairo...
2026-01-30 17:11:48,061 | ERROR | ❌ Navigation error (attempt 2): Timeout 30000ms exceeded.
2026-01-30 17:11:48,063 | INFO | ⏳ Retrying in 3.7s...
2026-01-30 17:11:51,733 | INFO | 📄 Navigating to: https://www.nawy.com/compound/816-nyom-new-cairo...
2026-01-30 17:12:21,847 | ERROR | ❌ Navigation error (attempt 3): Timeout 30000ms exceeded.
2026-01-30 17:12:21,849 | WARNING |    ❌ Failed to scrape
2026-01-30 17:12:25,943 | INFO | [204/271] Scraping: https://www.nawy.com/compound/817-palmet
2026-01-30 17:12:25,943 | INFO | 📄 Navigating to: https://www.nawy.com/compound/817-palmet...
2026-01-30 17:12:56,074 | ERROR | ❌ Navigation error (attempt 1): Timeout 30000ms exceeded.
2026-01-30 17:12:56,076 | INFO | ⏳ Retrying in 2.8s...
2026-01-30 17:12:58,876 | INFO | 📄 Navigating to: https://www.nawy.com/compound/817-palmet...
2026-01-30 17:13:08,136 | INFO |    ✅ Palmet
2026-01-30 17:13:08,389 | INFO | ➕ Inserted new compound: Palmet
2026-01-30 17:13:08,392 | INFO |    💾 Saved to MongoDB
2026-01-30 17:13:12,529 | INFO | [205/271] Scraping: https://www.nawy.com/compound/818-prk-vie
2026-01-30 17:13:12,531 | INFO | 📄 Navigating to: https://www.nawy.com/compound/818-prk-vie...
2026-01-30 17:13:23,489 | INFO |    ✅ Prk Vie
2026-01-30 17:13:23,749 | INFO | ➕ Inserted new compound: Prk Vie
2026-01-30 17:13:23,750 | INFO |    💾 Saved to MongoDB
2026-01-30 17:13:28,157 | INFO | [206/271] Scraping: https://www.nawy.com/compound/819-palm-hills-new-alamein-mall
2026-01-30 17:13:28,158 | INFO | 📄 Navigating to: https://www.nawy.com/compound/819-palm-hills-new-alamein-mall...
2026-01-30 17:13:40,699 | INFO |    ✅ Palm Hills New Alamein Mall
2026-01-30 17:13:41,067 | INFO | ➕ Inserted new compound: Palm Hills New Alamein Mall
2026-01-30 17:13:41,068 | INFO |    💾 Saved to MongoDB
2026-01-30 17:13:46,622 | INFO | [207/271] Scraping: https://www.nawy.com/compound/820-castle-gate
2026-01-30 17:13:46,623 | INFO | 📄 Navigating to: https://www.nawy.com/compound/820-castle-gate...
2026-01-30 17:14:16,747 | ERROR | ❌ Navigation error (attempt 1): Timeout 30000ms exceeded.
2026-01-30 17:14:16,747 | INFO | ⏳ Retrying in 2.2s...
2026-01-30 17:14:18,956 | INFO | 📄 Navigating to: https://www.nawy.com/compound/820-castle-gate...
2026-01-30 17:14:26,070 | INFO |    ✅ Castle Gate
2026-01-30 17:14:26,831 | INFO | ➕ Inserted new compound: Castle Gate
2026-01-30 17:14:26,832 | INFO |    💾 Saved to MongoDB
2026-01-30 17:14:30,995 | INFO | [208/271] Scraping: https://www.nawy.com/compound/822-zed-tower
2026-01-30 17:14:30,996 | INFO | 📄 Navigating to: https://www.nawy.com/compound/822-zed-tower...
2026-01-30 17:14:48,774 | INFO |    ✅ Zed Tower
2026-01-30 17:14:49,113 | INFO | ➕ Inserted new compound: Zed Tower
2026-01-30 17:14:49,114 | INFO |    💾 Saved to MongoDB
2026-01-30 17:14:54,551 | INFO | [209/271] Scraping: https://www.nawy.com/compound/823-dejoya-residence
2026-01-30 17:14:54,553 | INFO | 📄 Navigating to: https://www.nawy.com/compound/823-dejoya-residence...
2026-01-30 17:15:05,705 | INFO |    ✅ Dejoya Residence
2026-01-30 17:15:05,939 | INFO | ➕ Inserted new compound: Dejoya Residence
2026-01-30 17:15:05,940 | INFO |    💾 Saved to MongoDB
2026-01-30 17:15:09,197 | INFO | [210/271] Scraping: https://www.nawy.com/compound/825-terrace
2026-01-30 17:15:09,198 | INFO | 📄 Navigating to: https://www.nawy.com/compound/825-terrace...
2026-01-30 17:15:20,909 | INFO |    ✅ Terrace
2026-01-30 17:15:21,165 | INFO | ➕ Inserted new compound: Terrace
2026-01-30 17:15:21,165 | INFO |    💾 Saved to MongoDB
2026-01-30 17:15:27,056 | INFO | [211/271] Scraping: https://www.nawy.com/compound/826-wingate-north-90st.
2026-01-30 17:15:27,057 | INFO | 📄 Navigating to: https://www.nawy.com/compound/826-wingate-north-90st....
2026-01-30 17:15:38,557 | INFO |    ✅ Wingate North 90St.
2026-01-30 17:15:38,839 | INFO | ➕ Inserted new compound: Wingate North 90St.
2026-01-30 17:15:38,840 | INFO |    💾 Saved to MongoDB
2026-01-30 17:15:42,662 | INFO | [212/271] Scraping: https://www.nawy.com/compound/828-promenade-new-cairo
2026-01-30 17:15:42,662 | INFO | 📄 Navigating to: https://www.nawy.com/compound/828-promenade-new-cairo...
2026-01-30 17:16:12,789 | ERROR | ❌ Navigation error (attempt 1): Timeout 30000ms exceeded.
2026-01-30 17:16:12,790 | INFO | ⏳ Retrying in 2.0s...
2026-01-30 17:16:14,816 | INFO | 📄 Navigating to: https://www.nawy.com/compound/828-promenade-new-cairo...
2026-01-30 17:16:28,970 | INFO |    ✅ Promenade New Cairo
2026-01-30 17:16:29,440 | INFO | ➕ Inserted new compound: Promenade New Cairo
2026-01-30 17:16:29,441 | INFO |    💾 Saved to MongoDB
2026-01-30 17:16:34,528 | INFO | [213/271] Scraping: https://www.nawy.com/compound/829-dejoya-villas
2026-01-30 17:16:34,529 | INFO | 📄 Navigating to: https://www.nawy.com/compound/829-dejoya-villas...
2026-01-30 17:16:55,826 | INFO |    ✅ Dejoya Villas
2026-01-30 17:16:56,738 | INFO | ➕ Inserted new compound: Dejoya Villas
2026-01-30 17:16:56,739 | INFO |    💾 Saved to MongoDB
2026-01-30 17:17:01,740 | INFO | [214/271] Scraping: https://www.nawy.com/compound/831-l'hiver
2026-01-30 17:17:01,740 | INFO | 📄 Navigating to: https://www.nawy.com/compound/831-l'hiver...
2026-01-30 17:17:31,857 | ERROR | ❌ Navigation error (attempt 1): Timeout 30000ms exceeded.
2026-01-30 17:17:31,858 | INFO | ⏳ Retrying in 3.7s...
2026-01-30 17:17:35,583 | INFO | 📄 Navigating to: https://www.nawy.com/compound/831-l'hiver...
2026-01-30 17:17:44,286 | INFO |    ✅ L'Hiver
2026-01-30 17:17:44,550 | INFO | ➕ Inserted new compound: L'Hiver
2026-01-30 17:17:44,551 | INFO |    💾 Saved to MongoDB
2026-01-30 17:17:49,464 | INFO | [215/271] Scraping: https://www.nawy.com/compound/832-botanica-inn
2026-01-30 17:17:49,466 | INFO | 📄 Navigating to: https://www.nawy.com/compound/832-botanica-inn...
2026-01-30 17:18:10,546 | INFO |    ✅ Botanica Inn
2026-01-30 17:18:10,674 | INFO | ➕ Inserted new compound: Botanica Inn
2026-01-30 17:18:10,674 | INFO |    💾 Saved to MongoDB
2026-01-30 17:18:14,865 | INFO | [216/271] Scraping: https://www.nawy.com/compound/833-winter
2026-01-30 17:18:14,866 | INFO | 📄 Navigating to: https://www.nawy.com/compound/833-winter...
2026-01-30 17:18:44,998 | ERROR | ❌ Navigation error (attempt 1): Timeout 30000ms exceeded.
2026-01-30 17:18:45,014 | INFO | ⏳ Retrying in 2.2s...
2026-01-30 17:18:47,202 | INFO | 📄 Navigating to: https://www.nawy.com/compound/833-winter...
2026-01-30 17:19:17,315 | ERROR | ❌ Navigation error (attempt 2): Timeout 30000ms exceeded.
2026-01-30 17:19:17,315 | INFO | ⏳ Retrying in 3.8s...
2026-01-30 17:19:21,108 | INFO | 📄 Navigating to: https://www.nawy.com/compound/833-winter...
2026-01-30 17:19:51,237 | ERROR | ❌ Navigation error (attempt 3): Timeout 30000ms exceeded.
2026-01-30 17:19:51,238 | WARNING |    ❌ Failed to scrape
2026-01-30 17:19:56,634 | INFO | [217/271] Scraping: https://www.nawy.com/compound/834-porto-south-beach
2026-01-30 17:19:56,640 | INFO | 📄 Navigating to: https://www.nawy.com/compound/834-porto-south-beach...
2026-01-30 17:20:15,727 | INFO |    ✅ Porto South Beach
2026-01-30 17:20:15,853 | INFO | ➕ Inserted new compound: Porto South Beach
2026-01-30 17:20:15,854 | INFO |    💾 Saved to MongoDB
2026-01-30 17:20:21,640 | INFO | [218/271] Scraping: https://www.nawy.com/compound/835-cairo-design-district
2026-01-30 17:20:21,641 | INFO | 📄 Navigating to: https://www.nawy.com/compound/835-cairo-design-district...
2026-01-30 17:20:47,551 | INFO |    ✅ Cairo Design District
2026-01-30 17:20:47,674 | INFO | ➕ Inserted new compound: Cairo Design District
2026-01-30 17:20:47,675 | INFO |    💾 Saved to MongoDB
2026-01-30 17:20:52,042 | INFO | [219/271] Scraping: https://www.nawy.com/compound/836-naia-west
2026-01-30 17:20:52,043 | INFO | 📄 Navigating to: https://www.nawy.com/compound/836-naia-west...
2026-01-30 17:21:22,170 | ERROR | ❌ Navigation error (attempt 1): Timeout 30000ms exceeded.
2026-01-30 17:21:22,171 | INFO | ⏳ Retrying in 2.2s...
2026-01-30 17:21:24,407 | INFO | 📄 Navigating to: https://www.nawy.com/compound/836-naia-west...
2026-01-30 17:21:54,534 | ERROR | ❌ Navigation error (attempt 2): Timeout 30000ms exceeded.
2026-01-30 17:21:54,537 | INFO | ⏳ Retrying in 4.4s...
2026-01-30 17:21:58,933 | INFO | 📄 Navigating to: https://www.nawy.com/compound/836-naia-west...
2026-01-30 17:22:29,069 | ERROR | ❌ Navigation error (attempt 3): Timeout 30000ms exceeded.
2026-01-30 17:22:29,070 | WARNING |    ❌ Failed to scrape
2026-01-30 17:22:34,819 | INFO | [220/271] Scraping: https://www.nawy.com/compound/837-kamaran
2026-01-30 17:22:34,819 | INFO | 📄 Navigating to: https://www.nawy.com/compound/837-kamaran...
2026-01-30 17:23:04,947 | ERROR | ❌ Navigation error (attempt 1): Timeout 30000ms exceeded.
2026-01-30 17:23:04,948 | INFO | ⏳ Retrying in 3.6s...
2026-01-30 17:23:08,576 | INFO | 📄 Navigating to: https://www.nawy.com/compound/837-kamaran...
2026-01-30 17:23:38,703 | ERROR | ❌ Navigation error (attempt 2): Timeout 30000ms exceeded.
2026-01-30 17:23:38,704 | INFO | ⏳ Retrying in 4.5s...
2026-01-30 17:23:43,199 | INFO | 📄 Navigating to: https://www.nawy.com/compound/837-kamaran...
2026-01-30 17:24:13,339 | ERROR | ❌ Navigation error (attempt 3): Timeout 30000ms exceeded.
2026-01-30 17:24:13,340 | WARNING |    ❌ Failed to scrape
2026-01-30 17:24:18,985 | INFO | [221/271] Scraping: https://www.nawy.com/compound/838-city-hall
2026-01-30 17:24:18,985 | INFO | 📄 Navigating to: https://www.nawy.com/compound/838-city-hall...
2026-01-30 17:24:49,114 | ERROR | ❌ Navigation error (attempt 1): Timeout 30000ms exceeded.
2026-01-30 17:24:49,114 | INFO | ⏳ Retrying in 2.2s...
2026-01-30 17:24:51,309 | INFO | 📄 Navigating to: https://www.nawy.com/compound/838-city-hall...
2026-01-30 17:25:04,447 | INFO |    ✅ City Hall
2026-01-30 17:25:04,570 | INFO | ➕ Inserted new compound: City Hall
2026-01-30 17:25:04,570 | INFO |    💾 Saved to MongoDB
2026-01-30 17:25:09,448 | INFO | [222/271] Scraping: https://www.nawy.com/compound/840-striple-walk
2026-01-30 17:25:09,449 | INFO | 📄 Navigating to: https://www.nawy.com/compound/840-striple-walk...
2026-01-30 17:25:42,314 | INFO |    ✅ Striple Walk
2026-01-30 17:25:42,438 | INFO | ➕ Inserted new compound: Striple Walk
2026-01-30 17:25:42,438 | INFO |    💾 Saved to MongoDB
2026-01-30 17:25:46,530 | INFO | [223/271] Scraping: https://www.nawy.com/compound/842-the-strip-mall
2026-01-30 17:25:46,530 | INFO | 📄 Navigating to: https://www.nawy.com/compound/842-the-strip-mall...
2026-01-30 17:26:16,656 | ERROR | ❌ Navigation error (attempt 1): Timeout 30000ms exceeded.
2026-01-30 17:26:16,656 | INFO | ⏳ Retrying in 2.9s...
2026-01-30 17:26:19,560 | INFO | 📄 Navigating to: https://www.nawy.com/compound/842-the-strip-mall...
2026-01-30 17:26:49,689 | ERROR | ❌ Navigation error (attempt 2): Timeout 30000ms exceeded.
2026-01-30 17:26:49,693 | INFO | ⏳ Retrying in 3.8s...
2026-01-30 17:26:53,492 | INFO | 📄 Navigating to: https://www.nawy.com/compound/842-the-strip-mall...
2026-01-30 17:27:23,619 | ERROR | ❌ Navigation error (attempt 3): Timeout 30000ms exceeded.
2026-01-30 17:27:23,620 | WARNING |    ❌ Failed to scrape
2026-01-30 17:27:27,286 | INFO | [224/271] Scraping: https://www.nawy.com/compound/843-radium
2026-01-30 17:27:27,289 | INFO | 📄 Navigating to: https://www.nawy.com/compound/843-radium...
2026-01-30 17:27:35,950 | INFO |    ✅ Radium
2026-01-30 17:27:36,075 | INFO | ➕ Inserted new compound: Radium
2026-01-30 17:27:36,076 | INFO |    💾 Saved to MongoDB
2026-01-30 17:27:40,567 | INFO | [225/271] Scraping: https://www.nawy.com/compound/844-atom
2026-01-30 17:27:40,567 | INFO | 📄 Navigating to: https://www.nawy.com/compound/844-atom...
2026-01-30 17:27:47,934 | INFO |    ✅ Atom
2026-01-30 17:27:48,049 | INFO | ➕ Inserted new compound: Atom
2026-01-30 17:27:48,050 | INFO |    💾 Saved to MongoDB
2026-01-30 17:27:51,844 | INFO | [226/271] Scraping: https://www.nawy.com/compound/845-capital-heights-1
2026-01-30 17:27:51,858 | INFO | 📄 Navigating to: https://www.nawy.com/compound/845-capital-heights-1...
2026-01-30 17:28:01,068 | INFO |    ✅ Capital Heights 1
2026-01-30 17:28:01,193 | INFO | ➕ Inserted new compound: Capital Heights 1
2026-01-30 17:28:01,193 | INFO |    💾 Saved to MongoDB
2026-01-30 17:28:04,555 | INFO | [227/271] Scraping: https://www.nawy.com/compound/846-radical-1
2026-01-30 17:28:04,556 | INFO | 📄 Navigating to: https://www.nawy.com/compound/846-radical-1...
2026-01-30 17:28:18,137 | INFO |    ✅ Radical 1
2026-01-30 17:28:18,259 | INFO | ➕ Inserted new compound: Radical 1
2026-01-30 17:28:18,260 | INFO |    💾 Saved to MongoDB
2026-01-30 17:28:23,982 | INFO | [228/271] Scraping: https://www.nawy.com/compound/847-walk-of-cairo
2026-01-30 17:28:23,983 | INFO | 📄 Navigating to: https://www.nawy.com/compound/847-walk-of-cairo...
2026-01-30 17:28:32,779 | INFO |    ✅ Walk Of Cairo
2026-01-30 17:28:32,900 | INFO | ➕ Inserted new compound: Walk Of Cairo
2026-01-30 17:28:32,900 | INFO |    💾 Saved to MongoDB
2026-01-30 17:28:36,918 | INFO | [229/271] Scraping: https://www.nawy.com/compound/848-destino
2026-01-30 17:28:36,918 | INFO | 📄 Navigating to: https://www.nawy.com/compound/848-destino...
2026-01-30 17:28:44,452 | INFO |    ✅ Destino
2026-01-30 17:28:44,505 | INFO | ➕ Inserted new compound: Destino
2026-01-30 17:28:44,506 | INFO |    💾 Saved to MongoDB
2026-01-30 17:28:48,822 | INFO | [230/271] Scraping: https://www.nawy.com/compound/851-w51-business-complex
2026-01-30 17:28:48,823 | INFO | 📄 Navigating to: https://www.nawy.com/compound/851-w51-business-complex...
2026-01-30 17:29:02,926 | INFO |    ✅ W51 Business Complex
2026-01-30 17:29:02,983 | INFO | ➕ Inserted new compound: W51 Business Complex
2026-01-30 17:29:02,983 | INFO |    💾 Saved to MongoDB
2026-01-30 17:29:07,508 | INFO | [231/271] Scraping: https://www.nawy.com/compound/852-santa-clause-resort
2026-01-30 17:29:07,509 | INFO | 📄 Navigating to: https://www.nawy.com/compound/852-santa-clause-resort...
2026-01-30 17:29:14,794 | INFO |    ✅ Santa Clause Resort
2026-01-30 17:29:14,853 | INFO | ➕ Inserted new compound: Santa Clause Resort
2026-01-30 17:29:14,859 | INFO |    💾 Saved to MongoDB
2026-01-30 17:29:19,841 | INFO | [232/271] Scraping: https://www.nawy.com/compound/853-degla-land-mark
2026-01-30 17:29:19,843 | INFO | 📄 Navigating to: https://www.nawy.com/compound/853-degla-land-mark...
2026-01-30 17:29:38,478 | INFO |    ✅ Degla Land Mark
2026-01-30 17:29:38,552 | INFO | ➕ Inserted new compound: Degla Land Mark
2026-01-30 17:29:38,553 | INFO |    💾 Saved to MongoDB
2026-01-30 17:29:43,859 | INFO | [233/271] Scraping: https://www.nawy.com/compound/854-roaya-city
2026-01-30 17:29:43,861 | INFO | 📄 Navigating to: https://www.nawy.com/compound/854-roaya-city...
2026-01-30 17:30:13,995 | ERROR | ❌ Navigation error (attempt 1): Timeout 30000ms exceeded.
2026-01-30 17:30:13,995 | INFO | ⏳ Retrying in 3.9s...
2026-01-30 17:30:17,887 | INFO | 📄 Navigating to: https://www.nawy.com/compound/854-roaya-city...
2026-01-30 17:30:48,011 | ERROR | ❌ Navigation error (attempt 2): Timeout 30000ms exceeded.
2026-01-30 17:30:48,012 | INFO | ⏳ Retrying in 4.3s...
2026-01-30 17:30:52,280 | INFO | 📄 Navigating to: https://www.nawy.com/compound/854-roaya-city...
2026-01-30 17:31:22,400 | ERROR | ❌ Navigation error (attempt 3): Timeout 30000ms exceeded.
2026-01-30 17:31:22,401 | WARNING |    ❌ Failed to scrape
2026-01-30 17:31:25,787 | INFO | [234/271] Scraping: https://www.nawy.com/compound/855-la-luna
2026-01-30 17:31:25,787 | INFO | 📄 Navigating to: https://www.nawy.com/compound/855-la-luna...
2026-01-30 17:31:55,912 | ERROR | ❌ Navigation error (attempt 1): Timeout 30000ms exceeded.
2026-01-30 17:31:55,912 | INFO | ⏳ Retrying in 2.4s...
2026-01-30 17:31:58,311 | INFO | 📄 Navigating to: https://www.nawy.com/compound/855-la-luna...
2026-01-30 17:32:28,437 | ERROR | ❌ Navigation error (attempt 2): Timeout 30000ms exceeded.
2026-01-30 17:32:28,437 | INFO | ⏳ Retrying in 4.8s...
2026-01-30 17:32:33,261 | INFO | 📄 Navigating to: https://www.nawy.com/compound/855-la-luna...
2026-01-30 17:33:03,378 | ERROR | ❌ Navigation error (attempt 3): Timeout 30000ms exceeded.
2026-01-30 17:33:03,379 | WARNING |    ❌ Failed to scrape
2026-01-30 17:33:09,397 | INFO | [235/271] Scraping: https://www.nawy.com/compound/856-hayah-residence
2026-01-30 17:33:09,398 | INFO | 📄 Navigating to: https://www.nawy.com/compound/856-hayah-residence...
2026-01-30 17:33:39,527 | ERROR | ❌ Navigation error (attempt 1): Timeout 30000ms exceeded.
2026-01-30 17:33:39,528 | INFO | ⏳ Retrying in 2.0s...
2026-01-30 17:33:41,543 | INFO | 📄 Navigating to: https://www.nawy.com/compound/856-hayah-residence...
2026-01-30 17:34:11,687 | ERROR | ❌ Navigation error (attempt 2): Timeout 30000ms exceeded.
2026-01-30 17:34:11,688 | INFO | ⏳ Retrying in 3.2s...
2026-01-30 17:34:14,881 | INFO | 📄 Navigating to: https://www.nawy.com/compound/856-hayah-residence...
2026-01-30 17:34:44,999 | ERROR | ❌ Navigation error (attempt 3): Timeout 30000ms exceeded.
2026-01-30 17:34:45,000 | WARNING |    ❌ Failed to scrape
2026-01-30 17:34:49,655 | INFO | [236/271] Scraping: https://www.nawy.com/compound/858-ocean-blue
2026-01-30 17:34:49,656 | INFO | 📄 Navigating to: https://www.nawy.com/compound/858-ocean-blue...
2026-01-30 17:35:19,782 | ERROR | ❌ Navigation error (attempt 1): Timeout 30000ms exceeded.
2026-01-30 17:35:19,782 | INFO | ⏳ Retrying in 3.0s...
2026-01-30 17:35:22,746 | INFO | 📄 Navigating to: https://www.nawy.com/compound/858-ocean-blue...
2026-01-30 17:35:52,867 | ERROR | ❌ Navigation error (attempt 2): Timeout 30000ms exceeded.
2026-01-30 17:35:52,868 | INFO | ⏳ Retrying in 4.8s...
2026-01-30 17:35:57,666 | INFO | 📄 Navigating to: https://www.nawy.com/compound/858-ocean-blue...
2026-01-30 17:36:27,786 | ERROR | ❌ Navigation error (attempt 3): Timeout 30000ms exceeded.
2026-01-30 17:36:27,787 | WARNING |    ❌ Failed to scrape
2026-01-30 17:36:31,292 | INFO | [237/271] Scraping: https://www.nawy.com/compound/859-crystal-plaza
2026-01-30 17:36:31,293 | INFO | 📄 Navigating to: https://www.nawy.com/compound/859-crystal-plaza...
2026-01-30 17:36:38,849 | INFO |    ✅ Crystal Plaza
2026-01-30 17:36:39,003 | INFO | ➕ Inserted new compound: Crystal Plaza
2026-01-30 17:36:39,005 | INFO |    💾 Saved to MongoDB
2026-01-30 17:36:42,574 | INFO | [238/271] Scraping: https://www.nawy.com/compound/861-kenz-compound
2026-01-30 17:36:42,574 | INFO | 📄 Navigating to: https://www.nawy.com/compound/861-kenz-compound...
2026-01-30 17:36:51,467 | INFO |    ✅ Kenz Compound
2026-01-30 17:36:51,601 | INFO | ➕ Inserted new compound: Kenz Compound
2026-01-30 17:36:51,603 | INFO |    💾 Saved to MongoDB
2026-01-30 17:36:55,736 | INFO | [239/271] Scraping: https://www.nawy.com/compound/862-mena-5
2026-01-30 17:36:55,737 | INFO | 📄 Navigating to: https://www.nawy.com/compound/862-mena-5...
2026-01-30 17:37:14,201 | INFO |    ✅ Mena 5
2026-01-30 17:37:14,315 | INFO | ➕ Inserted new compound: Mena 5
2026-01-30 17:37:14,315 | INFO |    💾 Saved to MongoDB
2026-01-30 17:37:19,599 | INFO | [240/271] Scraping: https://www.nawy.com/compound/863-ocean-blue-heliopolis
2026-01-30 17:37:19,599 | INFO | 📄 Navigating to: https://www.nawy.com/compound/863-ocean-blue-heliopolis...
2026-01-30 17:37:49,722 | ERROR | ❌ Navigation error (attempt 1): Timeout 30000ms exceeded.
2026-01-30 17:37:49,722 | INFO | ⏳ Retrying in 2.6s...
2026-01-30 17:37:52,309 | INFO | 📄 Navigating to: https://www.nawy.com/compound/863-ocean-blue-heliopolis...
2026-01-30 17:38:13,137 | INFO |    ✅ Ocean Blue Heliopolis
2026-01-30 17:38:13,260 | INFO | ➕ Inserted new compound: Ocean Blue Heliopolis
2026-01-30 17:38:13,261 | INFO |    💾 Saved to MongoDB
2026-01-30 17:38:17,150 | INFO | [241/271] Scraping: https://www.nawy.com/compound/864-boho-el-sokhna
2026-01-30 17:38:17,151 | INFO | 📄 Navigating to: https://www.nawy.com/compound/864-boho-el-sokhna...
2026-01-30 17:38:37,548 | INFO |    ✅ Boho El Sokhna
2026-01-30 17:38:37,680 | INFO | ➕ Inserted new compound: Boho El Sokhna
2026-01-30 17:38:37,680 | INFO |    💾 Saved to MongoDB
2026-01-30 17:38:41,935 | INFO | [242/271] Scraping: https://www.nawy.com/compound/865-guezira-compound
2026-01-30 17:38:41,938 | INFO | 📄 Navigating to: https://www.nawy.com/compound/865-guezira-compound...
2026-01-30 17:38:50,294 | INFO |    ✅ Guezira compound
2026-01-30 17:38:50,415 | INFO | ➕ Inserted new compound: Guezira compound
2026-01-30 17:38:50,416 | INFO |    💾 Saved to MongoDB
2026-01-30 17:38:54,547 | INFO | [243/271] Scraping: https://www.nawy.com/compound/866-cyan-ras-sudr
2026-01-30 17:38:54,548 | INFO | 📄 Navigating to: https://www.nawy.com/compound/866-cyan-ras-sudr...
2026-01-30 17:39:16,713 | INFO |    ✅ Cyan Ras Sudr
2026-01-30 17:39:16,877 | INFO | ➕ Inserted new compound: Cyan Ras Sudr
2026-01-30 17:39:16,877 | INFO |    💾 Saved to MongoDB
2026-01-30 17:39:20,433 | INFO | [244/271] Scraping: https://www.nawy.com/compound/867-ray-residence
2026-01-30 17:39:20,433 | INFO | 📄 Navigating to: https://www.nawy.com/compound/867-ray-residence...
2026-01-30 17:39:34,680 | INFO |    ✅ Ray Residence
2026-01-30 17:39:34,804 | INFO | ➕ Inserted new compound: Ray Residence
2026-01-30 17:39:34,826 | INFO |    💾 Saved to MongoDB
2026-01-30 17:39:39,817 | INFO | [245/271] Scraping: https://www.nawy.com/compound/868-bluetree
2026-01-30 17:39:39,820 | INFO | 📄 Navigating to: https://www.nawy.com/compound/868-bluetree...
2026-01-30 17:40:03,227 | INFO |    ✅ Bluetree
2026-01-30 17:40:03,352 | INFO | ➕ Inserted new compound: Bluetree
2026-01-30 17:40:03,353 | INFO |    💾 Saved to MongoDB
2026-01-30 17:40:08,768 | INFO | [246/271] Scraping: https://www.nawy.com/compound/870-revolve-mall
2026-01-30 17:40:08,769 | INFO | 📄 Navigating to: https://www.nawy.com/compound/870-revolve-mall...
2026-01-30 17:40:38,903 | ERROR | ❌ Navigation error (attempt 1): Timeout 30000ms exceeded.
2026-01-30 17:40:38,905 | INFO | ⏳ Retrying in 2.3s...
2026-01-30 17:40:41,213 | INFO | 📄 Navigating to: https://www.nawy.com/compound/870-revolve-mall...
2026-01-30 17:41:11,337 | ERROR | ❌ Navigation error (attempt 2): Timeout 30000ms exceeded.
2026-01-30 17:41:11,337 | INFO | ⏳ Retrying in 5.0s...
2026-01-30 17:41:16,306 | INFO | 📄 Navigating to: https://www.nawy.com/compound/870-revolve-mall...
2026-01-30 17:41:46,436 | ERROR | ❌ Navigation error (attempt 3): Timeout 30000ms exceeded.
2026-01-30 17:41:46,436 | WARNING |    ❌ Failed to scrape
2026-01-30 17:41:50,503 | INFO | [247/271] Scraping: https://www.nawy.com/compound/871-silva
2026-01-30 17:41:50,503 | INFO | 📄 Navigating to: https://www.nawy.com/compound/871-silva...
2026-01-30 17:42:20,622 | ERROR | ❌ Navigation error (attempt 1): Timeout 30000ms exceeded.
2026-01-30 17:42:20,623 | INFO | ⏳ Retrying in 3.6s...
2026-01-30 17:42:24,200 | INFO | 📄 Navigating to: https://www.nawy.com/compound/871-silva...
2026-01-30 17:42:54,338 | ERROR | ❌ Navigation error (attempt 2): Timeout 30000ms exceeded.
2026-01-30 17:42:54,342 | INFO | ⏳ Retrying in 4.7s...
2026-01-30 17:42:59,073 | INFO | 📄 Navigating to: https://www.nawy.com/compound/871-silva...
2026-01-30 17:43:29,191 | ERROR | ❌ Navigation error (attempt 3): Timeout 30000ms exceeded.
2026-01-30 17:43:29,191 | WARNING |    ❌ Failed to scrape
2026-01-30 17:43:34,968 | INFO | [248/271] Scraping: https://www.nawy.com/compound/872-ldp
2026-01-30 17:43:34,969 | INFO | 📄 Navigating to: https://www.nawy.com/compound/872-ldp...
2026-01-30 17:44:05,090 | ERROR | ❌ Navigation error (attempt 1): Timeout 30000ms exceeded.
2026-01-30 17:44:05,092 | INFO | ⏳ Retrying in 2.2s...
2026-01-30 17:44:07,338 | INFO | 📄 Navigating to: https://www.nawy.com/compound/872-ldp...
2026-01-30 17:44:37,470 | ERROR | ❌ Navigation error (attempt 2): Timeout 30000ms exceeded.
2026-01-30 17:44:37,471 | INFO | ⏳ Retrying in 4.0s...
2026-01-30 17:44:41,519 | INFO | 📄 Navigating to: https://www.nawy.com/compound/872-ldp...
2026-01-30 17:45:11,648 | ERROR | ❌ Navigation error (attempt 3): Timeout 30000ms exceeded.
2026-01-30 17:45:11,648 | WARNING |    ❌ Failed to scrape
2026-01-30 17:45:17,120 | INFO | [249/271] Scraping: https://www.nawy.com/compound/873-4t1-tower
2026-01-30 17:45:17,121 | INFO | 📄 Navigating to: https://www.nawy.com/compound/873-4t1-tower...
2026-01-30 17:45:47,242 | ERROR | ❌ Navigation error (attempt 1): Timeout 30000ms exceeded.
2026-01-30 17:45:47,242 | INFO | ⏳ Retrying in 3.8s...
2026-01-30 17:45:51,048 | INFO | 📄 Navigating to: https://www.nawy.com/compound/873-4t1-tower...
2026-01-30 17:46:21,173 | ERROR | ❌ Navigation error (attempt 2): Timeout 30000ms exceeded.
2026-01-30 17:46:21,173 | INFO | ⏳ Retrying in 4.5s...
2026-01-30 17:46:25,662 | INFO | 📄 Navigating to: https://www.nawy.com/compound/873-4t1-tower...
2026-01-30 17:46:32,408 | INFO |    ✅ 4T1 Tower
2026-01-30 17:46:32,528 | INFO | ➕ Inserted new compound: 4T1 Tower
2026-01-30 17:46:32,529 | INFO |    💾 Saved to MongoDB
2026-01-30 17:46:37,479 | INFO | [250/271] Scraping: https://www.nawy.com/compound/874-boardwalk
2026-01-30 17:46:37,479 | INFO | 📄 Navigating to: https://www.nawy.com/compound/874-boardwalk...
2026-01-30 17:47:07,578 | INFO |    ✅ Boardwalk
2026-01-30 17:47:07,707 | INFO | ➕ Inserted new compound: Boardwalk
2026-01-30 17:47:07,707 | INFO |    💾 Saved to MongoDB
2026-01-30 17:47:13,095 | INFO | [251/271] Scraping: https://www.nawy.com/compound/875-la-mirada-new-cairo
2026-01-30 17:47:13,096 | INFO | 📄 Navigating to: https://www.nawy.com/compound/875-la-mirada-new-cairo...
2026-01-30 17:47:43,217 | ERROR | ❌ Navigation error (attempt 1): Timeout 30000ms exceeded.
2026-01-30 17:47:43,217 | INFO | ⏳ Retrying in 2.5s...
2026-01-30 17:47:45,746 | INFO | 📄 Navigating to: https://www.nawy.com/compound/875-la-mirada-new-cairo...
2026-01-30 17:48:15,877 | ERROR | ❌ Navigation error (attempt 2): Timeout 30000ms exceeded.
2026-01-30 17:48:15,879 | INFO | ⏳ Retrying in 3.7s...
2026-01-30 17:48:19,586 | INFO | 📄 Navigating to: https://www.nawy.com/compound/875-la-mirada-new-cairo...
2026-01-30 17:48:49,715 | ERROR | ❌ Navigation error (attempt 3): Timeout 30000ms exceeded.
2026-01-30 17:48:49,716 | WARNING |    ❌ Failed to scrape
2026-01-30 17:48:54,254 | INFO | [252/271] Scraping: https://www.nawy.com/compound/876-catalan
2026-01-30 17:48:54,257 | INFO | 📄 Navigating to: https://www.nawy.com/compound/876-catalan...
2026-01-30 17:49:24,403 | ERROR | ❌ Navigation error (attempt 1): Timeout 30000ms exceeded.
2026-01-30 17:49:24,404 | INFO | ⏳ Retrying in 3.9s...
2026-01-30 17:49:28,321 | INFO | 📄 Navigating to: https://www.nawy.com/compound/876-catalan...
2026-01-30 17:49:58,469 | ERROR | ❌ Navigation error (attempt 2): Timeout 30000ms exceeded.
2026-01-30 17:49:58,470 | INFO | ⏳ Retrying in 4.1s...
2026-01-30 17:50:02,591 | INFO | 📄 Navigating to: https://www.nawy.com/compound/876-catalan...
2026-01-30 17:50:32,718 | ERROR | ❌ Navigation error (attempt 3): Timeout 30000ms exceeded.
2026-01-30 17:50:32,719 | WARNING |    ❌ Failed to scrape
2026-01-30 17:50:37,900 | INFO | [253/271] Scraping: https://www.nawy.com/compound/878-venia
2026-01-30 17:50:37,901 | INFO | 📄 Navigating to: https://www.nawy.com/compound/878-venia...
2026-01-30 17:51:08,038 | ERROR | ❌ Navigation error (attempt 1): Timeout 30000ms exceeded.
2026-01-30 17:51:08,038 | INFO | ⏳ Retrying in 3.3s...
2026-01-30 17:51:11,389 | INFO | 📄 Navigating to: https://www.nawy.com/compound/878-venia...
2026-01-30 17:51:18,695 | INFO |    ✅ Venia
2026-01-30 17:51:18,816 | INFO | ➕ Inserted new compound: Venia
2026-01-30 17:51:18,819 | INFO |    💾 Saved to MongoDB
2026-01-30 17:51:24,018 | INFO | [254/271] Scraping: https://www.nawy.com/compound/879-gates-prive
2026-01-30 17:51:24,018 | INFO | 📄 Navigating to: https://www.nawy.com/compound/879-gates-prive...
2026-01-30 17:51:46,100 | INFO |    ✅ Gates Prive
2026-01-30 17:51:46,242 | INFO | ➕ Inserted new compound: Gates Prive
2026-01-30 17:51:46,242 | INFO |    💾 Saved to MongoDB
2026-01-30 17:51:51,336 | INFO | [255/271] Scraping: https://www.nawy.com/compound/880-west-gate-business-hub
2026-01-30 17:51:51,338 | INFO | 📄 Navigating to: https://www.nawy.com/compound/880-west-gate-business-hub...
2026-01-30 17:52:21,483 | ERROR | ❌ Navigation error (attempt 1): Timeout 30000ms exceeded.
2026-01-30 17:52:21,484 | INFO | ⏳ Retrying in 2.6s...
2026-01-30 17:52:24,110 | INFO | 📄 Navigating to: https://www.nawy.com/compound/880-west-gate-business-hub...
2026-01-30 17:52:54,239 | ERROR | ❌ Navigation error (attempt 2): Timeout 30000ms exceeded.
2026-01-30 17:52:54,239 | INFO | ⏳ Retrying in 3.4s...
2026-01-30 17:52:57,624 | INFO | 📄 Navigating to: https://www.nawy.com/compound/880-west-gate-business-hub...
2026-01-30 17:53:27,761 | ERROR | ❌ Navigation error (attempt 3): Timeout 30000ms exceeded.
2026-01-30 17:53:27,761 | WARNING |    ❌ Failed to scrape
2026-01-30 17:53:32,124 | INFO | [256/271] Scraping: https://www.nawy.com/compound/881-green-yard
2026-01-30 17:53:32,126 | INFO | 📄 Navigating to: https://www.nawy.com/compound/881-green-yard...
2026-01-30 17:54:02,260 | ERROR | ❌ Navigation error (attempt 1): Timeout 30000ms exceeded.
2026-01-30 17:54:02,261 | INFO | ⏳ Retrying in 2.8s...
2026-01-30 17:54:05,086 | INFO | 📄 Navigating to: https://www.nawy.com/compound/881-green-yard...
2026-01-30 17:54:35,223 | ERROR | ❌ Navigation error (attempt 2): Timeout 30000ms exceeded.
2026-01-30 17:54:35,225 | INFO | ⏳ Retrying in 4.7s...
2026-01-30 17:54:39,940 | INFO | 📄 Navigating to: https://www.nawy.com/compound/881-green-yard...
2026-01-30 17:55:10,068 | ERROR | ❌ Navigation error (attempt 3): Timeout 30000ms exceeded.
2026-01-30 17:55:10,069 | WARNING |    ❌ Failed to scrape
2026-01-30 17:55:13,231 | INFO | [257/271] Scraping: https://www.nawy.com/compound/882-zizinia-al-mostakbal
2026-01-30 17:55:13,232 | INFO | 📄 Navigating to: https://www.nawy.com/compound/882-zizinia-al-mostakbal...
2026-01-30 17:55:43,354 | ERROR | ❌ Navigation error (attempt 1): Timeout 30000ms exceeded.
2026-01-30 17:55:43,356 | INFO | ⏳ Retrying in 3.0s...
2026-01-30 17:55:46,395 | INFO | 📄 Navigating to: https://www.nawy.com/compound/882-zizinia-al-mostakbal...
2026-01-30 17:56:02,393 | INFO |    ✅ Zizinia Al Mostakbal
2026-01-30 17:56:02,513 | INFO | ➕ Inserted new compound: Zizinia Al Mostakbal
2026-01-30 17:56:02,513 | INFO |    💾 Saved to MongoDB
2026-01-30 17:56:07,577 | INFO | [258/271] Scraping: https://www.nawy.com/compound/883-el-shorouk-springs
2026-01-30 17:56:07,577 | INFO | 📄 Navigating to: https://www.nawy.com/compound/883-el-shorouk-springs...
2026-01-30 17:56:29,239 | INFO |    ✅ El Shorouk Springs
2026-01-30 17:56:29,360 | INFO | ➕ Inserted new compound: El Shorouk Springs
2026-01-30 17:56:29,360 | INFO |    💾 Saved to MongoDB
2026-01-30 17:56:33,838 | INFO | [259/271] Scraping: https://www.nawy.com/compound/884-leaves
2026-01-30 17:56:33,838 | INFO | 📄 Navigating to: https://www.nawy.com/compound/884-leaves...
2026-01-30 17:56:47,498 | INFO |    ✅ Leaves
2026-01-30 17:56:47,617 | INFO | ➕ Inserted new compound: Leaves
2026-01-30 17:56:47,618 | INFO |    💾 Saved to MongoDB
2026-01-30 17:56:51,167 | INFO | [260/271] Scraping: https://www.nawy.com/compound/886-marina-wadi-degla
2026-01-30 17:56:51,169 | INFO | 📄 Navigating to: https://www.nawy.com/compound/886-marina-wadi-degla...
2026-01-30 17:57:03,288 | INFO |    ✅ Marina Wadi Degla
2026-01-30 17:57:03,407 | INFO | ➕ Inserted new compound: Marina Wadi Degla
2026-01-30 17:57:03,408 | INFO |    💾 Saved to MongoDB
2026-01-30 17:57:07,548 | INFO | [261/271] Scraping: https://www.nawy.com/compound/887-leena-springs
2026-01-30 17:57:07,548 | INFO | 📄 Navigating to: https://www.nawy.com/compound/887-leena-springs...
2026-01-30 17:57:37,661 | ERROR | ❌ Navigation error (attempt 1): Timeout 30000ms exceeded.
2026-01-30 17:57:37,662 | INFO | ⏳ Retrying in 3.6s...
2026-01-30 17:57:41,277 | INFO | 📄 Navigating to: https://www.nawy.com/compound/887-leena-springs...
2026-01-30 17:58:11,404 | ERROR | ❌ Navigation error (attempt 2): Timeout 30000ms exceeded.
2026-01-30 17:58:11,405 | INFO | ⏳ Retrying in 3.1s...
2026-01-30 17:58:14,535 | INFO | 📄 Navigating to: https://www.nawy.com/compound/887-leena-springs...
2026-01-30 17:58:44,673 | ERROR | ❌ Navigation error (attempt 3): Timeout 30000ms exceeded.
2026-01-30 17:58:44,675 | WARNING |    ❌ Failed to scrape
2026-01-30 17:58:50,154 | INFO | [262/271] Scraping: https://www.nawy.com/compound/888-floria-5
2026-01-30 17:58:50,155 | INFO | 📄 Navigating to: https://www.nawy.com/compound/888-floria-5...
2026-01-30 17:59:20,290 | ERROR | ❌ Navigation error (attempt 1): Timeout 30000ms exceeded.
2026-01-30 17:59:20,290 | INFO | ⏳ Retrying in 2.0s...
2026-01-30 17:59:22,299 | INFO | 📄 Navigating to: https://www.nawy.com/compound/888-floria-5...
2026-01-30 17:59:52,444 | ERROR | ❌ Navigation error (attempt 2): Timeout 30000ms exceeded.
2026-01-30 17:59:52,445 | INFO | ⏳ Retrying in 4.8s...
2026-01-30 17:59:57,307 | INFO | 📄 Navigating to: https://www.nawy.com/compound/888-floria-5...
2026-01-30 18:00:03,701 | INFO |    ✅ Floria 5
2026-01-30 18:00:03,816 | INFO | ➕ Inserted new compound: Floria 5
2026-01-30 18:00:03,816 | INFO |    💾 Saved to MongoDB
2026-01-30 18:00:08,440 | INFO | [263/271] Scraping: https://www.nawy.com/compound/889-al-azizia-compound
2026-01-30 18:00:08,441 | INFO | 📄 Navigating to: https://www.nawy.com/compound/889-al-azizia-compound...
2026-01-30 18:00:31,884 | INFO |    ✅ Al Azizia Compound
2026-01-30 18:00:31,941 | INFO | ➕ Inserted new compound: Al Azizia Compound
2026-01-30 18:00:31,941 | INFO |    💾 Saved to MongoDB
2026-01-30 18:00:36,715 | INFO | [264/271] Scraping: https://www.nawy.com/compound/890-cayo-mall
2026-01-30 18:00:36,718 | INFO | 📄 Navigating to: https://www.nawy.com/compound/890-cayo-mall...
2026-01-30 18:01:06,853 | ERROR | ❌ Navigation error (attempt 1): Timeout 30000ms exceeded.
2026-01-30 18:01:06,854 | INFO | ⏳ Retrying in 2.5s...
2026-01-30 18:01:09,379 | INFO | 📄 Navigating to: https://www.nawy.com/compound/890-cayo-mall...
2026-01-30 18:01:39,507 | ERROR | ❌ Navigation error (attempt 2): Timeout 30000ms exceeded.
2026-01-30 18:01:39,507 | INFO | ⏳ Retrying in 5.0s...
2026-01-30 18:01:44,494 | INFO | 📄 Navigating to: https://www.nawy.com/compound/890-cayo-mall...
2026-01-30 18:02:14,610 | ERROR | ❌ Navigation error (attempt 3): Timeout 30000ms exceeded.
2026-01-30 18:02:14,610 | WARNING |    ❌ Failed to scrape
2026-01-30 18:02:18,100 | INFO | [265/271] Scraping: https://www.nawy.com/compound/891-sway
2026-01-30 18:02:18,101 | INFO | 📄 Navigating to: https://www.nawy.com/compound/891-sway...
2026-01-30 18:02:48,230 | ERROR | ❌ Navigation error (attempt 1): Timeout 30000ms exceeded.
2026-01-30 18:02:48,232 | INFO | ⏳ Retrying in 2.6s...
2026-01-30 18:02:50,808 | INFO | 📄 Navigating to: https://www.nawy.com/compound/891-sway...
2026-01-30 18:03:20,927 | ERROR | ❌ Navigation error (attempt 2): Timeout 30000ms exceeded.
2026-01-30 18:03:20,928 | INFO | ⏳ Retrying in 4.3s...
2026-01-30 18:03:25,194 | INFO | 📄 Navigating to: https://www.nawy.com/compound/891-sway...
2026-01-30 18:03:55,317 | ERROR | ❌ Navigation error (attempt 3): Timeout 30000ms exceeded.
2026-01-30 18:03:55,318 | WARNING |    ❌ Failed to scrape
2026-01-30 18:03:58,338 | INFO | [266/271] Scraping: https://www.nawy.com/compound/892-nyoum-mostaqbal-city
2026-01-30 18:03:58,342 | INFO | 📄 Navigating to: https://www.nawy.com/compound/892-nyoum-mostaqbal-city...
2026-01-30 18:04:28,487 | ERROR | ❌ Navigation error (attempt 1): Timeout 30000ms exceeded.
2026-01-30 18:04:28,488 | INFO | ⏳ Retrying in 2.7s...
2026-01-30 18:04:31,199 | INFO | 📄 Navigating to: https://www.nawy.com/compound/892-nyoum-mostaqbal-city...
2026-01-30 18:05:01,316 | ERROR | ❌ Navigation error (attempt 2): Timeout 30000ms exceeded.
2026-01-30 18:05:01,317 | INFO | ⏳ Retrying in 4.0s...
2026-01-30 18:05:05,292 | INFO | 📄 Navigating to: https://www.nawy.com/compound/892-nyoum-mostaqbal-city...
2026-01-30 18:05:35,444 | ERROR | ❌ Navigation error (attempt 3): Timeout 30000ms exceeded.
2026-01-30 18:05:35,446 | WARNING |    ❌ Failed to scrape
2026-01-30 18:05:41,219 | INFO | [267/271] Scraping: https://www.nawy.com/compound/893-wadi-el-nakhil
2026-01-30 18:05:41,220 | INFO | 📄 Navigating to: https://www.nawy.com/compound/893-wadi-el-nakhil...
2026-01-30 18:06:08,748 | INFO |    ✅ Wadi El Nakhil
2026-01-30 18:06:08,940 | INFO | ➕ Inserted new compound: Wadi El Nakhil
2026-01-30 18:06:08,941 | INFO |    💾 Saved to MongoDB
2026-01-30 18:06:14,175 | INFO | [268/271] Scraping: https://www.nawy.com/compound/895-paragon-2
2026-01-30 18:06:14,176 | INFO | 📄 Navigating to: https://www.nawy.com/compound/895-paragon-2...
2026-01-30 18:06:44,300 | ERROR | ❌ Navigation error (attempt 1): Timeout 30000ms exceeded.
2026-01-30 18:06:44,304 | INFO | ⏳ Retrying in 2.4s...
2026-01-30 18:06:46,721 | INFO | 📄 Navigating to: https://www.nawy.com/compound/895-paragon-2...
2026-01-30 18:07:16,839 | ERROR | ❌ Navigation error (attempt 2): Timeout 30000ms exceeded.
2026-01-30 18:07:16,840 | INFO | ⏳ Retrying in 4.0s...
2026-01-30 18:07:20,834 | INFO | 📄 Navigating to: https://www.nawy.com/compound/895-paragon-2...
2026-01-30 18:07:50,962 | ERROR | ❌ Navigation error (attempt 3): Timeout 30000ms exceeded.
2026-01-30 18:07:50,964 | WARNING |    ❌ Failed to scrape
2026-01-30 18:07:55,255 | INFO | [269/271] Scraping: https://www.nawy.com/compound/896-paragon-3
2026-01-30 18:07:55,258 | INFO | 📄 Navigating to: https://www.nawy.com/compound/896-paragon-3...
2026-01-30 18:08:05,184 | INFO |    ✅ Paragon 3
2026-01-30 18:08:05,380 | INFO | ➕ Inserted new compound: Paragon 3
2026-01-30 18:08:05,381 | INFO |    💾 Saved to MongoDB
2026-01-30 18:08:08,464 | INFO | [270/271] Scraping: https://www.nawy.com/compound/897-al-nasayem
2026-01-30 18:08:08,465 | INFO | 📄 Navigating to: https://www.nawy.com/compound/897-al-nasayem...
2026-01-30 18:08:29,707 | INFO |    ✅ Al Nasayem
2026-01-30 18:08:29,899 | INFO | ➕ Inserted new compound: Al Nasayem
2026-01-30 18:08:29,899 | INFO |    💾 Saved to MongoDB
2026-01-30 18:08:34,105 | INFO | [271/271] Scraping: https://www.nawy.com/compound/898-ancient-hill
2026-01-30 18:08:34,107 | INFO | 📄 Navigating to: https://www.nawy.com/compound/898-ancient-hill...
2026-01-30 18:09:04,238 | ERROR | ❌ Navigation error (attempt 1): Timeout 30000ms exceeded.
2026-01-30 18:09:04,239 | INFO | ⏳ Retrying in 3.8s...
2026-01-30 18:09:08,095 | INFO | 📄 Navigating to: https://www.nawy.com/compound/898-ancient-hill...
2026-01-30 18:09:38,219 | ERROR | ❌ Navigation error (attempt 2): Timeout 30000ms exceeded.
2026-01-30 18:09:38,221 | INFO | ⏳ Retrying in 4.4s...
2026-01-30 18:09:42,622 | INFO | 📄 Navigating to: https://www.nawy.com/compound/898-ancient-hill...
2026-01-30 18:09:49,533 | INFO |    ✅ Ancient Hill
2026-01-30 18:09:49,695 | INFO | ➕ Inserted new compound: Ancient Hill
2026-01-30 18:09:49,696 | INFO |    💾 Saved to MongoDB
2026-01-30 18:09:53,471 | INFO | 
🎉 Scraped 218 missing compounds!
2026-01-30 18:09:53,473 | WARNING | ⚠️ Failed to scrape 53 URLs:
2026-01-30 18:09:53,476 | WARNING |    - https://www.nawy.com/compound/1218-the-big-business-district
2026-01-30 18:09:53,477 | WARNING |    - https://www.nawy.com/compound/473-ourika
2026-01-30 18:09:53,478 | WARNING |    - https://www.nawy.com/compound/476-audaz
2026-01-30 18:09:53,478 | WARNING |    - https://www.nawy.com/compound/480-atika
2026-01-30 18:09:53,479 | WARNING |    - https://www.nawy.com/compound/493-il-latini-sed
2026-01-30 18:09:53,480 | WARNING |    - https://www.nawy.com/compound/496-altea-marassi
2026-01-30 18:09:53,482 | WARNING |    - https://www.nawy.com/compound/499-garana
2026-01-30 18:09:53,483 | WARNING |    - https://www.nawy.com/compound/500-la-capitale
2026-01-30 18:09:53,486 | WARNING |    - https://www.nawy.com/compound/512-stella-di-mary-ein-sokhna
2026-01-30 18:09:53,487 | WARNING |    - https://www.nawy.com/compound/514-ezdan
2026-01-30 18:09:53,489 | WARNING |    ... and 43 more
2026-01-30 18:09:53,512 | INFO |    Saved failed URLs to failed_urls.json
2026-01-30 18:09:53,967 | INFO | 🔌 Browser closed
2026-01-30 18:09:54,367 | INFO | 🔌 Disconnected from MongoDB
2026-01-30 18:12:14,172 | INFO | ✅ Connected to MongoDB: semsai
2026-01-30 18:12:30,121 | INFO | 🚀 Initializing browser...
2026-01-30 18:12:32,562 | INFO | ✅ Browser initialized (UA: Mozilla/5.0 (Macintosh; Intel Mac OS X 10_15_7) Ap...)
2026-01-30 18:12:32,564 | INFO | [1/56] Scraping: https://www.nawy.com/compound/917-ivy
2026-01-30 18:12:32,567 | INFO | 📄 Navigating to: https://www.nawy.com/compound/917-ivy...
2026-01-30 18:12:47,500 | INFO |    ✅ IVY
2026-01-30 18:12:47,590 | INFO | 🔄 Updated compound: IVY
2026-01-30 18:12:47,591 | INFO |    💾 Saved to MongoDB
2026-01-30 18:12:52,505 | INFO | [2/56] Scraping: https://www.nawy.com/compound/451-mountain-view-executive-residence--katameya
2026-01-30 18:12:52,506 | INFO | 📄 Navigating to: https://www.nawy.com/compound/451-mountain-view-executive-residence--katameya...
2026-01-30 18:13:04,910 | INFO |    ✅ Mountain View Executive Residence Katameya
2026-01-30 18:13:04,990 | INFO | 🔄 Updated compound: Mountain View Executive Residence Katameya
2026-01-30 18:13:04,991 | INFO |    💾 Saved to MongoDB
2026-01-30 18:13:10,994 | INFO | [3/56] Scraping: https://www.nawy.com/compound/227-address-east
2026-01-30 18:13:10,995 | INFO | 📄 Navigating to: https://www.nawy.com/compound/227-address-east...
2026-01-30 18:13:31,277 | INFO |    ✅ Address East
2026-01-30 18:13:31,360 | INFO | 🔄 Updated compound: Address East
2026-01-30 18:13:31,360 | INFO |    💾 Saved to MongoDB
2026-01-30 18:13:34,985 | INFO | [4/56] Scraping: https://www.nawy.com/compound/1218-the-big-business-district
2026-01-30 18:13:34,985 | INFO | 📄 Navigating to: https://www.nawy.com/compound/1218-the-big-business-district...
2026-01-30 18:14:01,819 | INFO |    ✅ The Big Business District
2026-01-30 18:14:01,899 | INFO | ➕ Inserted new compound: The Big Business District
2026-01-30 18:14:01,899 | INFO |    💾 Saved to MongoDB
2026-01-30 18:14:06,576 | INFO | [5/56] Scraping: https://www.nawy.com/compound/473-ourika
2026-01-30 18:14:06,576 | INFO | 📄 Navigating to: https://www.nawy.com/compound/473-ourika...
2026-01-30 18:14:27,467 | INFO |    ✅ Ourika
2026-01-30 18:14:27,550 | INFO | ➕ Inserted new compound: Ourika
2026-01-30 18:14:27,552 | INFO |    💾 Saved to MongoDB
2026-01-30 18:14:32,724 | INFO | [6/56] Scraping: https://www.nawy.com/compound/476-audaz
2026-01-30 18:14:32,725 | INFO | 📄 Navigating to: https://www.nawy.com/compound/476-audaz...
2026-01-30 18:14:40,162 | INFO |    ✅ Audaz
2026-01-30 18:14:40,248 | INFO | ➕ Inserted new compound: Audaz
2026-01-30 18:14:40,249 | INFO |    💾 Saved to MongoDB
2026-01-30 18:14:44,023 | INFO | [7/56] Scraping: https://www.nawy.com/compound/480-atika
2026-01-30 18:14:44,023 | INFO | 📄 Navigating to: https://www.nawy.com/compound/480-atika...
2026-01-30 18:14:54,031 | INFO |    ✅ Atika
2026-01-30 18:14:54,125 | INFO | ➕ Inserted new compound: Atika
2026-01-30 18:14:54,125 | INFO |    💾 Saved to MongoDB
2026-01-30 18:14:59,766 | INFO | [8/56] Scraping: https://www.nawy.com/compound/493-il-latini-sed
2026-01-30 18:14:59,766 | INFO | 📄 Navigating to: https://www.nawy.com/compound/493-il-latini-sed...
2026-01-30 18:15:08,409 | INFO |    ✅ Il Latini SED
2026-01-30 18:15:08,503 | INFO | ➕ Inserted new compound: Il Latini SED
2026-01-30 18:15:08,504 | INFO |    💾 Saved to MongoDB
2026-01-30 18:15:13,064 | INFO | [9/56] Scraping: https://www.nawy.com/compound/496-altea-marassi
2026-01-30 18:15:13,064 | INFO | 📄 Navigating to: https://www.nawy.com/compound/496-altea-marassi...
2026-01-30 18:15:19,523 | INFO |    ✅ Altea Marassi
2026-01-30 18:15:19,648 | INFO | ➕ Inserted new compound: Altea Marassi
2026-01-30 18:15:19,649 | INFO |    💾 Saved to MongoDB
2026-01-30 18:15:25,494 | INFO | [10/56] Scraping: https://www.nawy.com/compound/499-garana
2026-01-30 18:15:25,495 | INFO | 📄 Navigating to: https://www.nawy.com/compound/499-garana...
2026-01-30 18:15:32,243 | INFO |    ✅ Garana
2026-01-30 18:15:32,324 | INFO | ➕ Inserted new compound: Garana
2026-01-30 18:15:32,324 | INFO |    💾 Saved to MongoDB
2026-01-30 18:15:36,851 | INFO | [11/56] Scraping: https://www.nawy.com/compound/500-la-capitale
2026-01-30 18:15:36,852 | INFO | 📄 Navigating to: https://www.nawy.com/compound/500-la-capitale...
2026-01-30 18:15:44,118 | INFO |    ✅ La Capitale
2026-01-30 18:15:44,202 | INFO | ➕ Inserted new compound: La Capitale
2026-01-30 18:15:44,203 | INFO |    💾 Saved to MongoDB
2026-01-30 18:15:47,852 | INFO | [12/56] Scraping: https://www.nawy.com/compound/512-stella-di-mary-ein-sokhna
2026-01-30 18:15:47,853 | INFO | 📄 Navigating to: https://www.nawy.com/compound/512-stella-di-mary-ein-sokhna...
2026-01-30 18:16:00,120 | INFO |    ✅ Stella Di Mary Ein Sokhna
2026-01-30 18:16:00,211 | INFO | ➕ Inserted new compound: Stella Di Mary Ein Sokhna
2026-01-30 18:16:00,212 | INFO |    💾 Saved to MongoDB
2026-01-30 18:16:05,038 | INFO | [13/56] Scraping: https://www.nawy.com/compound/514-ezdan
2026-01-30 18:16:05,038 | INFO | 📄 Navigating to: https://www.nawy.com/compound/514-ezdan...
2026-01-30 18:16:14,049 | INFO |    ✅ Ezdan
2026-01-30 18:16:14,130 | INFO | ➕ Inserted new compound: Ezdan
2026-01-30 18:16:14,131 | INFO |    💾 Saved to MongoDB
2026-01-30 18:16:19,265 | INFO | [14/56] Scraping: https://www.nawy.com/compound/539-amazon-capital-diamond-tower
2026-01-30 18:16:19,266 | INFO | 📄 Navigating to: https://www.nawy.com/compound/539-amazon-capital-diamond-tower...
2026-01-30 18:16:28,375 | INFO |    ✅ Amazon Capital Diamond Tower
2026-01-30 18:16:28,462 | INFO | ➕ Inserted new compound: Amazon Capital Diamond Tower
2026-01-30 18:16:28,463 | INFO |    💾 Saved to MongoDB
2026-01-30 18:16:33,265 | INFO | [15/56] Scraping: https://www.nawy.com/compound/561-la-vista-1
2026-01-30 18:16:33,265 | INFO | 📄 Navigating to: https://www.nawy.com/compound/561-la-vista-1...
2026-01-30 18:16:54,126 | INFO |    ✅ La Vista 1
2026-01-30 18:16:54,210 | INFO | ➕ Inserted new compound: La Vista 1
2026-01-30 18:16:54,210 | INFO |    💾 Saved to MongoDB
2026-01-30 18:16:57,886 | INFO | [16/56] Scraping: https://www.nawy.com/compound/607-eleven
2026-01-30 18:16:57,887 | INFO | 📄 Navigating to: https://www.nawy.com/compound/607-eleven...
2026-01-30 18:17:28,013 | ERROR | ❌ Navigation error (attempt 1): Timeout 30000ms exceeded.
2026-01-30 18:17:28,014 | INFO | ⏳ Retrying in 2.4s...
2026-01-30 18:17:30,425 | INFO | 📄 Navigating to: https://www.nawy.com/compound/607-eleven...
2026-01-30 18:18:00,560 | ERROR | ❌ Navigation error (attempt 2): Timeout 30000ms exceeded.
2026-01-30 18:18:00,561 | INFO | ⏳ Retrying in 4.3s...
2026-01-30 18:18:04,854 | INFO | 📄 Navigating to: https://www.nawy.com/compound/607-eleven...
2026-01-30 18:18:34,986 | ERROR | ❌ Navigation error (attempt 3): Timeout 30000ms exceeded.
2026-01-30 18:18:34,986 | WARNING |    ❌ Failed to scrape
2026-01-30 18:18:39,764 | INFO | [17/56] Scraping: https://www.nawy.com/compound/664-the-estates-residence
2026-01-30 18:18:39,770 | INFO | 📄 Navigating to: https://www.nawy.com/compound/664-the-estates-residence...
2026-01-30 18:19:09,917 | ERROR | ❌ Navigation error (attempt 1): Timeout 30000ms exceeded.
2026-01-30 18:19:09,918 | INFO | ⏳ Retrying in 3.5s...
2026-01-30 18:19:13,453 | INFO | 📄 Navigating to: https://www.nawy.com/compound/664-the-estates-residence...
2026-01-30 18:19:43,584 | ERROR | ❌ Navigation error (attempt 2): Timeout 30000ms exceeded.
2026-01-30 18:19:43,587 | INFO | ⏳ Retrying in 4.6s...
2026-01-30 18:19:48,164 | INFO | 📄 Navigating to: https://www.nawy.com/compound/664-the-estates-residence...
2026-01-30 18:19:55,801 | INFO |    ✅ The Estates Residence
2026-01-30 18:19:55,889 | INFO | ➕ Inserted new compound: The Estates Residence
2026-01-30 18:19:55,889 | INFO |    💾 Saved to MongoDB
2026-01-30 18:20:01,705 | INFO | [18/56] Scraping: https://www.nawy.com/compound/665-moon-valley-i
2026-01-30 18:20:01,706 | INFO | 📄 Navigating to: https://www.nawy.com/compound/665-moon-valley-i...
2026-01-30 18:20:22,634 | INFO |    ✅ Moon Valley I
2026-01-30 18:20:22,715 | INFO | ➕ Inserted new compound: Moon Valley I
2026-01-30 18:20:22,716 | INFO |    💾 Saved to MongoDB
2026-01-30 18:20:28,605 | INFO | [19/56] Scraping: https://www.nawy.com/compound/666-spectrum
2026-01-30 18:20:28,605 | INFO | 📄 Navigating to: https://www.nawy.com/compound/666-spectrum...
2026-01-30 18:20:35,370 | INFO |    ✅ Spectrum
2026-01-30 18:20:35,452 | INFO | ➕ Inserted new compound: Spectrum
2026-01-30 18:20:35,453 | INFO |    💾 Saved to MongoDB
2026-01-30 18:20:40,527 | INFO | [20/56] Scraping: https://www.nawy.com/compound/667-nakheel
2026-01-30 18:20:40,528 | INFO | 📄 Navigating to: https://www.nawy.com/compound/667-nakheel...
2026-01-30 18:20:47,692 | INFO |    ✅ Nakheel
2026-01-30 18:20:47,751 | INFO | ➕ Inserted new compound: Nakheel
2026-01-30 18:20:47,751 | INFO |    💾 Saved to MongoDB
2026-01-30 18:20:51,935 | INFO | [21/56] Scraping: https://www.nawy.com/compound/685-modon-hotels-&-residence-tower
2026-01-30 18:20:51,936 | INFO | 📄 Navigating to: https://www.nawy.com/compound/685-modon-hotels-&-residence-tower...
2026-01-30 18:20:59,019 | INFO |    ✅ Modon Hotels & Residence Tower
2026-01-30 18:20:59,102 | INFO | ➕ Inserted new compound: Modon Hotels & Residence Tower
2026-01-30 18:20:59,102 | INFO |    💾 Saved to MongoDB
2026-01-30 18:21:03,208 | INFO | [22/56] Scraping: https://www.nawy.com/compound/690-taj-ville-taj-city
2026-01-30 18:21:03,209 | INFO | 📄 Navigating to: https://www.nawy.com/compound/690-taj-ville-taj-city...
2026-01-30 18:21:19,110 | INFO |    ✅ Taj Ville Taj City
2026-01-30 18:21:19,193 | INFO | ➕ Inserted new compound: Taj Ville Taj City
2026-01-30 18:21:19,194 | INFO |    💾 Saved to MongoDB
2026-01-30 18:21:23,067 | INFO | [23/56] Scraping: https://www.nawy.com/compound/702-maspero-mall
2026-01-30 18:21:23,070 | INFO | 📄 Navigating to: https://www.nawy.com/compound/702-maspero-mall...
2026-01-30 18:21:44,487 | INFO |    ✅ Maspero Mall
2026-01-30 18:21:44,608 | INFO | ➕ Inserted new compound: Maspero Mall
2026-01-30 18:21:44,609 | INFO |    💾 Saved to MongoDB
2026-01-30 18:21:50,165 | INFO | [24/56] Scraping: https://www.nawy.com/compound/716-azzar--island
2026-01-30 18:21:50,165 | INFO | 📄 Navigating to: https://www.nawy.com/compound/716-azzar--island...
2026-01-30 18:22:01,854 | INFO |    ✅ Azzar Island
2026-01-30 18:22:01,962 | INFO | ➕ Inserted new compound: Azzar Island
2026-01-30 18:22:01,963 | INFO |    💾 Saved to MongoDB
2026-01-30 18:22:05,160 | INFO | [25/56] Scraping: https://www.nawy.com/compound/719-reem-residence
2026-01-30 18:22:05,161 | INFO | 📄 Navigating to: https://www.nawy.com/compound/719-reem-residence...
2026-01-30 18:22:16,546 | INFO |    ✅ Reem Residence
2026-01-30 18:22:16,628 | INFO | ➕ Inserted new compound: Reem Residence
2026-01-30 18:22:16,629 | INFO |    💾 Saved to MongoDB
2026-01-30 18:22:21,783 | INFO | [26/56] Scraping: https://www.nawy.com/compound/722-creek-district
2026-01-30 18:22:21,783 | INFO | 📄 Navigating to: https://www.nawy.com/compound/722-creek-district...
2026-01-30 18:22:33,890 | INFO |    ✅ Creek District
2026-01-30 18:22:33,969 | INFO | ➕ Inserted new compound: Creek District
2026-01-30 18:22:33,970 | INFO |    💾 Saved to MongoDB
2026-01-30 18:22:39,549 | INFO | [27/56] Scraping: https://www.nawy.com/compound/723-swan-lake-residences-office-park
2026-01-30 18:22:39,550 | INFO | 📄 Navigating to: https://www.nawy.com/compound/723-swan-lake-residences-office-park...
2026-01-30 18:22:56,716 | INFO |    ✅ Swan Lake Residences Office Park
2026-01-30 18:22:56,795 | INFO | ➕ Inserted new compound: Swan Lake Residences Office Park
2026-01-30 18:22:56,795 | INFO |    💾 Saved to MongoDB
2026-01-30 18:23:01,149 | INFO | [28/56] Scraping: https://www.nawy.com/compound/728-lasirena-palm-beach
2026-01-30 18:23:01,150 | INFO | 📄 Navigating to: https://www.nawy.com/compound/728-lasirena-palm-beach...
2026-01-30 18:23:14,141 | INFO |    ✅ Lasirena Palm Beach
2026-01-30 18:23:14,224 | INFO | ➕ Inserted new compound: Lasirena Palm Beach
2026-01-30 18:23:14,225 | INFO |    💾 Saved to MongoDB
2026-01-30 18:23:18,754 | INFO | [29/56] Scraping: https://www.nawy.com/compound/731-nile-pearl--tower
2026-01-30 18:23:18,755 | INFO | 📄 Navigating to: https://www.nawy.com/compound/731-nile-pearl--tower...
2026-01-30 18:23:27,068 | INFO |    ✅ Nile Pearl Tower
2026-01-30 18:23:27,155 | INFO | ➕ Inserted new compound: Nile Pearl Tower
2026-01-30 18:23:27,155 | INFO |    💾 Saved to MongoDB
2026-01-30 18:23:30,849 | INFO | [30/56] Scraping: https://www.nawy.com/compound/734-lasirena-north-coast
2026-01-30 18:23:30,850 | INFO | 📄 Navigating to: https://www.nawy.com/compound/734-lasirena-north-coast...
2026-01-30 18:23:40,737 | INFO |    ✅ Lasirena North Coast
2026-01-30 18:23:40,847 | INFO | ➕ Inserted new compound: Lasirena North Coast
2026-01-30 18:23:40,848 | INFO |    💾 Saved to MongoDB
2026-01-30 18:23:46,113 | INFO | [31/56] Scraping: https://www.nawy.com/compound/735-majesty-bay-el-galala-lasirena
2026-01-30 18:23:46,114 | INFO | 📄 Navigating to: https://www.nawy.com/compound/735-majesty-bay-el-galala-lasirena...
2026-01-30 18:24:01,166 | INFO |    ✅ Majesty Bay El Galala Lasirena
2026-01-30 18:24:01,252 | INFO | ➕ Inserted new compound: Majesty Bay El Galala Lasirena
2026-01-30 18:24:01,254 | INFO |    💾 Saved to MongoDB
2026-01-30 18:24:05,508 | INFO | [32/56] Scraping: https://www.nawy.com/compound/780-kattameya-palms
2026-01-30 18:24:05,509 | INFO | 📄 Navigating to: https://www.nawy.com/compound/780-kattameya-palms...
2026-01-30 18:24:35,637 | ERROR | ❌ Navigation error (attempt 1): Timeout 30000ms exceeded.
2026-01-30 18:24:35,637 | INFO | ⏳ Retrying in 2.8s...
2026-01-30 18:24:38,451 | INFO | 📄 Navigating to: https://www.nawy.com/compound/780-kattameya-palms...
2026-01-30 18:25:08,620 | ERROR | ❌ Navigation error (attempt 2): Timeout 30000ms exceeded.
2026-01-30 18:25:08,630 | INFO | ⏳ Retrying in 3.7s...
2026-01-30 18:25:12,361 | INFO | 📄 Navigating to: https://www.nawy.com/compound/780-kattameya-palms...
2026-01-30 18:25:18,653 | INFO |    ✅ Kattameya palms
2026-01-30 18:25:18,759 | INFO | ➕ Inserted new compound: Kattameya palms
2026-01-30 18:25:18,760 | INFO |    💾 Saved to MongoDB
2026-01-30 18:25:23,041 | INFO | [33/56] Scraping: https://www.nawy.com/compound/792-the-8
2026-01-30 18:25:23,041 | INFO | 📄 Navigating to: https://www.nawy.com/compound/792-the-8...
2026-01-30 18:25:31,601 | INFO |    ✅ The 8
2026-01-30 18:25:31,695 | INFO | ➕ Inserted new compound: The 8
2026-01-30 18:25:31,695 | INFO |    💾 Saved to MongoDB
2026-01-30 18:25:35,518 | INFO | [34/56] Scraping: https://www.nawy.com/compound/802-golden-heights
2026-01-30 18:25:35,519 | INFO | 📄 Navigating to: https://www.nawy.com/compound/802-golden-heights...
2026-01-30 18:25:55,256 | INFO |    ✅ Golden Heights
2026-01-30 18:25:55,336 | INFO | ➕ Inserted new compound: Golden Heights
2026-01-30 18:25:55,336 | INFO |    💾 Saved to MongoDB
2026-01-30 18:25:59,872 | INFO | [35/56] Scraping: https://www.nawy.com/compound/815-the-edge
2026-01-30 18:25:59,873 | INFO | 📄 Navigating to: https://www.nawy.com/compound/815-the-edge...
2026-01-30 18:26:29,995 | ERROR | ❌ Navigation error (attempt 1): Timeout 30000ms exceeded.
2026-01-30 18:26:29,995 | INFO | ⏳ Retrying in 2.6s...
2026-01-30 18:26:32,613 | INFO | 📄 Navigating to: https://www.nawy.com/compound/815-the-edge...
2026-01-30 18:27:02,743 | ERROR | ❌ Navigation error (attempt 2): Timeout 30000ms exceeded.
2026-01-30 18:27:02,744 | INFO | ⏳ Retrying in 3.3s...
2026-01-30 18:27:05,998 | INFO | 📄 Navigating to: https://www.nawy.com/compound/815-the-edge...
2026-01-30 18:27:13,634 | INFO |    ✅ The Edge
2026-01-30 18:27:13,710 | INFO | ➕ Inserted new compound: The Edge
2026-01-30 18:27:13,729 | INFO |    💾 Saved to MongoDB
2026-01-30 18:27:17,510 | INFO | [36/56] Scraping: https://www.nawy.com/compound/816-nyom-new-cairo
2026-01-30 18:27:17,511 | INFO | 📄 Navigating to: https://www.nawy.com/compound/816-nyom-new-cairo...
2026-01-30 18:27:40,446 | INFO |    ✅ Nyom New Cairo
2026-01-30 18:27:40,530 | INFO | ➕ Inserted new compound: Nyom New Cairo
2026-01-30 18:27:40,531 | INFO |    💾 Saved to MongoDB
2026-01-30 18:27:44,302 | INFO | [37/56] Scraping: https://www.nawy.com/compound/833-winter
2026-01-30 18:27:44,303 | INFO | 📄 Navigating to: https://www.nawy.com/compound/833-winter...
2026-01-30 18:27:56,810 | INFO |    ✅ Winter
2026-01-30 18:27:56,882 | INFO | ➕ Inserted new compound: Winter
2026-01-30 18:27:56,882 | INFO |    💾 Saved to MongoDB
2026-01-30 18:28:00,011 | INFO | [38/56] Scraping: https://www.nawy.com/compound/836-naia-west
2026-01-30 18:28:00,020 | INFO | 📄 Navigating to: https://www.nawy.com/compound/836-naia-west...
2026-01-30 18:28:12,796 | INFO |    ✅ Naia West
2026-01-30 18:28:12,921 | INFO | ➕ Inserted new compound: Naia West
2026-01-30 18:28:12,922 | INFO |    💾 Saved to MongoDB
2026-01-30 18:28:16,313 | INFO | [39/56] Scraping: https://www.nawy.com/compound/837-kamaran
2026-01-30 18:28:16,313 | INFO | 📄 Navigating to: https://www.nawy.com/compound/837-kamaran...
2026-01-30 18:28:30,356 | INFO |    ✅ Kamaran
2026-01-30 18:28:30,493 | INFO | ➕ Inserted new compound: Kamaran
2026-01-30 18:28:30,494 | INFO |    💾 Saved to MongoDB
2026-01-30 18:28:35,446 | INFO | [40/56] Scraping: https://www.nawy.com/compound/842-the-strip-mall
2026-01-30 18:28:35,447 | INFO | 📄 Navigating to: https://www.nawy.com/compound/842-the-strip-mall...
2026-01-30 18:29:05,577 | ERROR | ❌ Navigation error (attempt 1): Timeout 30000ms exceeded.
2026-01-30 18:29:05,578 | INFO | ⏳ Retrying in 2.5s...
2026-01-30 18:29:08,083 | INFO | 📄 Navigating to: https://www.nawy.com/compound/842-the-strip-mall...
2026-01-30 18:29:38,198 | ERROR | ❌ Navigation error (attempt 2): Timeout 30000ms exceeded.
2026-01-30 18:29:38,200 | INFO | ⏳ Retrying in 3.6s...
2026-01-30 18:29:41,842 | INFO | 📄 Navigating to: https://www.nawy.com/compound/842-the-strip-mall...
2026-01-30 18:30:12,821 | INFO |    ✅ The Strip Mall
2026-01-30 18:30:12,920 | INFO | ➕ Inserted new compound: The Strip Mall
2026-01-30 18:30:12,920 | INFO |    💾 Saved to MongoDB
2026-01-30 18:30:17,151 | INFO | [41/56] Scraping: https://www.nawy.com/compound/854-roaya-city
2026-01-30 18:30:17,151 | INFO | 📄 Navigating to: https://www.nawy.com/compound/854-roaya-city...
2026-01-30 18:30:47,272 | ERROR | ❌ Navigation error (attempt 1): Timeout 30000ms exceeded.
2026-01-30 18:30:47,276 | INFO | ⏳ Retrying in 3.4s...
2026-01-30 18:30:50,678 | INFO | 📄 Navigating to: https://www.nawy.com/compound/854-roaya-city...
2026-01-30 18:31:20,809 | ERROR | ❌ Navigation error (attempt 2): Timeout 30000ms exceeded.
2026-01-30 18:31:20,809 | INFO | ⏳ Retrying in 4.3s...
2026-01-30 18:31:25,136 | INFO | 📄 Navigating to: https://www.nawy.com/compound/854-roaya-city...
2026-01-30 18:31:32,601 | INFO |    ✅ Roaya City
2026-01-30 18:31:32,698 | INFO | ➕ Inserted new compound: Roaya City
2026-01-30 18:31:32,698 | INFO |    💾 Saved to MongoDB
2026-01-30 18:31:37,340 | INFO | [42/56] Scraping: https://www.nawy.com/compound/855-la-luna
2026-01-30 18:31:37,341 | INFO | 📄 Navigating to: https://www.nawy.com/compound/855-la-luna...
2026-01-30 18:31:59,702 | INFO |    ✅ La Luna
2026-01-30 18:31:59,943 | INFO | ➕ Inserted new compound: La Luna
2026-01-30 18:31:59,944 | INFO |    💾 Saved to MongoDB
2026-01-30 18:32:03,711 | INFO | [43/56] Scraping: https://www.nawy.com/compound/856-hayah-residence
2026-01-30 18:32:03,712 | INFO | 📄 Navigating to: https://www.nawy.com/compound/856-hayah-residence...
2026-01-30 18:32:33,839 | ERROR | ❌ Navigation error (attempt 1): Timeout 30000ms exceeded.
2026-01-30 18:32:33,840 | INFO | ⏳ Retrying in 3.9s...
2026-01-30 18:32:37,729 | INFO | 📄 Navigating to: https://www.nawy.com/compound/856-hayah-residence...
2026-01-30 18:32:44,793 | INFO |    ✅ Hayah Residence
2026-01-30 18:32:44,924 | INFO | ➕ Inserted new compound: Hayah Residence
2026-01-30 18:32:44,925 | INFO |    💾 Saved to MongoDB
2026-01-30 18:32:50,214 | INFO | [44/56] Scraping: https://www.nawy.com/compound/858-ocean-blue
2026-01-30 18:32:50,214 | INFO | 📄 Navigating to: https://www.nawy.com/compound/858-ocean-blue...
2026-01-30 18:33:12,253 | INFO |    ✅ Ocean Blue
2026-01-30 18:33:12,348 | INFO | ➕ Inserted new compound: Ocean Blue
2026-01-30 18:33:12,348 | INFO |    💾 Saved to MongoDB
2026-01-30 18:33:16,047 | INFO | [45/56] Scraping: https://www.nawy.com/compound/870-revolve-mall
2026-01-30 18:33:16,049 | INFO | 📄 Navigating to: https://www.nawy.com/compound/870-revolve-mall...
2026-01-30 18:33:46,180 | ERROR | ❌ Navigation error (attempt 1): Timeout 30000ms exceeded.
2026-01-30 18:33:46,181 | INFO | ⏳ Retrying in 3.2s...
2026-01-30 18:33:49,423 | INFO | 📄 Navigating to: https://www.nawy.com/compound/870-revolve-mall...
2026-01-30 18:34:19,547 | ERROR | ❌ Navigation error (attempt 2): Timeout 30000ms exceeded.
2026-01-30 18:34:19,548 | INFO | ⏳ Retrying in 4.1s...
2026-01-30 18:34:23,699 | INFO | 📄 Navigating to: https://www.nawy.com/compound/870-revolve-mall...
2026-01-30 18:34:30,454 | INFO |    ✅ Revolve Mall
2026-01-30 18:34:30,539 | INFO | ➕ Inserted new compound: Revolve Mall
2026-01-30 18:34:30,539 | INFO |    💾 Saved to MongoDB
2026-01-30 18:34:34,837 | INFO | [46/56] Scraping: https://www.nawy.com/compound/871-silva
2026-01-30 18:34:34,839 | INFO | 📄 Navigating to: https://www.nawy.com/compound/871-silva...
2026-01-30 18:34:58,230 | INFO |    ✅ Silva
2026-01-30 18:34:58,318 | INFO | ➕ Inserted new compound: Silva
2026-01-30 18:34:58,319 | INFO |    💾 Saved to MongoDB
2026-01-30 18:35:01,409 | INFO | [47/56] Scraping: https://www.nawy.com/compound/872-ldp
2026-01-30 18:35:01,411 | INFO | 📄 Navigating to: https://www.nawy.com/compound/872-ldp...
2026-01-30 18:35:31,541 | ERROR | ❌ Navigation error (attempt 1): Timeout 30000ms exceeded.
2026-01-30 18:35:31,541 | INFO | ⏳ Retrying in 3.4s...
2026-01-30 18:35:34,991 | INFO | 📄 Navigating to: https://www.nawy.com/compound/872-ldp...
2026-01-30 18:36:05,108 | ERROR | ❌ Navigation error (attempt 2): Timeout 30000ms exceeded.
2026-01-30 18:36:05,108 | INFO | ⏳ Retrying in 3.3s...
2026-01-30 18:36:08,440 | INFO | 📄 Navigating to: https://www.nawy.com/compound/872-ldp...
2026-01-30 18:36:38,570 | ERROR | ❌ Navigation error (attempt 3): Timeout 30000ms exceeded.
2026-01-30 18:36:38,571 | WARNING |    ❌ Failed to scrape
2026-01-30 18:36:44,431 | INFO | [48/56] Scraping: https://www.nawy.com/compound/875-la-mirada-new-cairo
2026-01-30 18:36:44,432 | INFO | 📄 Navigating to: https://www.nawy.com/compound/875-la-mirada-new-cairo...
2026-01-30 18:37:14,556 | ERROR | ❌ Navigation error (attempt 1): Timeout 30000ms exceeded.
2026-01-30 18:37:14,557 | INFO | ⏳ Retrying in 3.7s...
2026-01-30 18:37:18,292 | INFO | 📄 Navigating to: https://www.nawy.com/compound/875-la-mirada-new-cairo...
2026-01-30 18:37:48,412 | ERROR | ❌ Navigation error (attempt 2): Timeout 30000ms exceeded.
2026-01-30 18:37:48,413 | INFO | ⏳ Retrying in 4.4s...
2026-01-30 18:37:52,806 | INFO | 📄 Navigating to: https://www.nawy.com/compound/875-la-mirada-new-cairo...
2026-01-30 18:38:22,940 | ERROR | ❌ Navigation error (attempt 3): Timeout 30000ms exceeded.
2026-01-30 18:38:22,941 | WARNING |    ❌ Failed to scrape
2026-01-30 18:38:27,803 | INFO | [49/56] Scraping: https://www.nawy.com/compound/876-catalan
2026-01-30 18:38:27,807 | INFO | 📄 Navigating to: https://www.nawy.com/compound/876-catalan...
2026-01-30 18:38:36,452 | INFO |    ✅ Catalan
2026-01-30 18:38:36,543 | INFO | ➕ Inserted new compound: Catalan
2026-01-30 18:38:36,543 | INFO |    💾 Saved to MongoDB
2026-01-30 18:38:42,356 | INFO | [50/56] Scraping: https://www.nawy.com/compound/880-west-gate-business-hub
2026-01-30 18:38:42,356 | INFO | 📄 Navigating to: https://www.nawy.com/compound/880-west-gate-business-hub...
2026-01-30 18:38:51,564 | INFO |    ✅ West gate Business Hub
2026-01-30 18:38:51,652 | INFO | ➕ Inserted new compound: West gate Business Hub
2026-01-30 18:38:51,653 | INFO |    💾 Saved to MongoDB
2026-01-30 18:38:56,411 | INFO | [51/56] Scraping: https://www.nawy.com/compound/881-green-yard
2026-01-30 18:38:56,416 | INFO | 📄 Navigating to: https://www.nawy.com/compound/881-green-yard...
2026-01-30 18:39:10,405 | INFO |    ✅ Green Yard
2026-01-30 18:39:10,496 | INFO | ➕ Inserted new compound: Green Yard
2026-01-30 18:39:10,497 | INFO |    💾 Saved to MongoDB
2026-01-30 18:39:16,419 | INFO | [52/56] Scraping: https://www.nawy.com/compound/887-leena-springs
2026-01-30 18:39:16,420 | INFO | 📄 Navigating to: https://www.nawy.com/compound/887-leena-springs...
2026-01-30 18:39:46,562 | ERROR | ❌ Navigation error (attempt 1): Timeout 30000ms exceeded.
2026-01-30 18:39:46,563 | INFO | ⏳ Retrying in 2.5s...
2026-01-30 18:39:49,097 | INFO | 📄 Navigating to: https://www.nawy.com/compound/887-leena-springs...
2026-01-30 18:40:19,212 | ERROR | ❌ Navigation error (attempt 2): Timeout 30000ms exceeded.
2026-01-30 18:40:19,215 | INFO | ⏳ Retrying in 4.7s...
2026-01-30 18:40:23,935 | INFO | 📄 Navigating to: https://www.nawy.com/compound/887-leena-springs...
2026-01-30 18:40:54,066 | ERROR | ❌ Navigation error (attempt 3): Timeout 30000ms exceeded.
2026-01-30 18:40:54,066 | WARNING |    ❌ Failed to scrape
2026-01-30 18:40:58,611 | INFO | [53/56] Scraping: https://www.nawy.com/compound/890-cayo-mall
2026-01-30 18:40:58,612 | INFO | 📄 Navigating to: https://www.nawy.com/compound/890-cayo-mall...
2026-01-30 18:41:05,849 | INFO |    ✅ Cayo Mall
2026-01-30 18:41:05,931 | INFO | ➕ Inserted new compound: Cayo Mall
2026-01-30 18:41:05,931 | INFO |    💾 Saved to MongoDB
2026-01-30 18:41:09,514 | INFO | [54/56] Scraping: https://www.nawy.com/compound/891-sway
2026-01-30 18:41:09,514 | INFO | 📄 Navigating to: https://www.nawy.com/compound/891-sway...
2026-01-30 18:41:33,384 | INFO |    ✅ Sway
2026-01-30 18:41:33,441 | INFO | ➕ Inserted new compound: Sway
2026-01-30 18:41:33,441 | INFO |    💾 Saved to MongoDB
2026-01-30 18:41:36,928 | INFO | [55/56] Scraping: https://www.nawy.com/compound/892-nyoum-mostaqbal-city
2026-01-30 18:41:36,929 | INFO | 📄 Navigating to: https://www.nawy.com/compound/892-nyoum-mostaqbal-city...
2026-01-30 18:42:07,052 | ERROR | ❌ Navigation error (attempt 1): Timeout 30000ms exceeded.
2026-01-30 18:42:07,052 | INFO | ⏳ Retrying in 3.0s...
2026-01-30 18:42:10,042 | INFO | 📄 Navigating to: https://www.nawy.com/compound/892-nyoum-mostaqbal-city...
2026-01-30 18:42:40,164 | ERROR | ❌ Navigation error (attempt 2): Timeout 30000ms exceeded.
2026-01-30 18:42:40,165 | INFO | ⏳ Retrying in 3.4s...
2026-01-30 18:42:43,524 | INFO | 📄 Navigating to: https://www.nawy.com/compound/892-nyoum-mostaqbal-city...
2026-01-30 18:43:13,660 | ERROR | ❌ Navigation error (attempt 3): Timeout 30000ms exceeded.
2026-01-30 18:43:13,661 | WARNING |    ❌ Failed to scrape
2026-01-30 18:43:19,471 | INFO | [56/56] Scraping: https://www.nawy.com/compound/895-paragon-2
2026-01-30 18:43:19,472 | INFO | 📄 Navigating to: https://www.nawy.com/compound/895-paragon-2...
2026-01-30 18:43:49,597 | ERROR | ❌ Navigation error (attempt 1): Timeout 30000ms exceeded.
2026-01-30 18:43:49,598 | INFO | ⏳ Retrying in 3.9s...
2026-01-30 18:43:53,475 | INFO | 📄 Navigating to: https://www.nawy.com/compound/895-paragon-2...
2026-01-30 18:44:23,603 | ERROR | ❌ Navigation error (attempt 2): Timeout 30000ms exceeded.
2026-01-30 18:44:23,604 | INFO | ⏳ Retrying in 3.2s...
2026-01-30 18:44:26,768 | INFO | 📄 Navigating to: https://www.nawy.com/compound/895-paragon-2...
2026-01-30 18:44:56,895 | ERROR | ❌ Navigation error (attempt 3): Timeout 30000ms exceeded.
2026-01-30 18:44:56,896 | WARNING |    ❌ Failed to scrape
2026-01-30 18:45:00,871 | INFO | 
🎉 Scraped 50 missing compounds!
2026-01-30 18:45:00,873 | WARNING | ⚠️ Failed to scrape 6 URLs:
2026-01-30 18:45:00,873 | WARNING |    - https://www.nawy.com/compound/607-eleven
2026-01-30 18:45:00,878 | WARNING |    - https://www.nawy.com/compound/872-ldp
2026-01-30 18:45:00,880 | WARNING |    - https://www.nawy.com/compound/875-la-mirada-new-cairo
2026-01-30 18:45:00,881 | WARNING |    - https://www.nawy.com/compound/887-leena-springs
2026-01-30 18:45:00,882 | WARNING |    - https://www.nawy.com/compound/892-nyoum-mostaqbal-city
2026-01-30 18:45:00,883 | WARNING |    - https://www.nawy.com/compound/895-paragon-2
2026-01-30 18:45:00,885 | INFO |    Saved failed URLs to failed_urls.json
2026-01-30 18:45:01,070 | INFO | 🔌 Browser closed
2026-01-30 18:45:01,349 | INFO | 🔌 Disconnected from MongoDB
2026-01-30 18:45:15,285 | INFO | ✅ Connected to MongoDB: semsai
2026-01-30 18:48:09,787 | INFO | 🚀 Initializing browser...
2026-01-30 18:48:11,974 | INFO | ✅ Browser initialized (UA: Mozilla/5.0 (Windows NT 10.0; Win64; x64) AppleWeb...)
2026-01-30 18:48:11,975 | INFO | [1/9] Scraping: https://www.nawy.com/compound/1665-ivy
2026-01-30 18:48:11,976 | INFO | 📄 Navigating to: https://www.nawy.com/compound/1665-ivy...
2026-01-30 18:48:25,493 | INFO |    ✅ IVY
2026-01-30 18:48:25,577 | INFO | 🔄 Updated compound: IVY
2026-01-30 18:48:25,577 | INFO |    💾 Saved to MongoDB
2026-01-30 18:48:31,238 | INFO | [2/9] Scraping: https://www.nawy.com/compound/1935-address-east
2026-01-30 18:48:31,240 | INFO | 📄 Navigating to: https://www.nawy.com/compound/1935-address-east...
2026-01-30 18:48:46,823 | INFO |    ✅ Address East
2026-01-30 18:48:46,900 | INFO | 🔄 Updated compound: Address East
2026-01-30 18:48:46,900 | INFO |    💾 Saved to MongoDB
2026-01-30 18:48:50,286 | INFO | [3/9] Scraping: https://www.nawy.com/compound/1165-mountain-view-katameya-residence
2026-01-30 18:48:50,287 | INFO | 📄 Navigating to: https://www.nawy.com/compound/1165-mountain-view-katameya-residence...
2026-01-30 18:49:02,915 | INFO |    ✅ Mountain View Executive Residence Katameya
2026-01-30 18:49:02,969 | INFO | 🔄 Updated compound: Mountain View Executive Residence Katameya
2026-01-30 18:49:02,969 | INFO |    💾 Saved to MongoDB
2026-01-30 18:49:06,860 | INFO | [4/9] Scraping: https://www.nawy.com/compound/607-eleven
2026-01-30 18:49:06,861 | INFO | 📄 Navigating to: https://www.nawy.com/compound/607-eleven...
2026-01-30 18:49:33,053 | INFO |    ✅ Eleven
2026-01-30 18:49:33,134 | INFO | ➕ Inserted new compound: Eleven
2026-01-30 18:49:33,135 | INFO |    💾 Saved to MongoDB
2026-01-30 18:49:37,750 | INFO | [5/9] Scraping: https://www.nawy.com/compound/872-ldp
2026-01-30 18:49:37,757 | INFO | 📄 Navigating to: https://www.nawy.com/compound/872-ldp...
2026-01-30 18:49:58,353 | INFO |    ✅ LDP
2026-01-30 18:49:58,406 | INFO | ➕ Inserted new compound: LDP
2026-01-30 18:49:58,407 | INFO |    💾 Saved to MongoDB
2026-01-30 18:50:03,176 | INFO | [6/9] Scraping: https://www.nawy.com/compound/875-la-mirada-new-cairo
2026-01-30 18:50:03,177 | INFO | 📄 Navigating to: https://www.nawy.com/compound/875-la-mirada-new-cairo...
2026-01-30 18:50:11,640 | INFO |    ✅ La Mirada - New Cairo
2026-01-30 18:50:11,723 | INFO | ➕ Inserted new compound: La Mirada - New Cairo
2026-01-30 18:50:11,723 | INFO |    💾 Saved to MongoDB
2026-01-30 18:50:15,721 | INFO | [7/9] Scraping: https://www.nawy.com/compound/887-leena-springs
2026-01-30 18:50:15,721 | INFO | 📄 Navigating to: https://www.nawy.com/compound/887-leena-springs...
2026-01-30 18:50:24,367 | INFO |    ✅ Leena Springs
2026-01-30 18:50:24,440 | INFO | ➕ Inserted new compound: Leena Springs
2026-01-30 18:50:24,440 | INFO |    💾 Saved to MongoDB
2026-01-30 18:50:29,770 | INFO | [8/9] Scraping: https://www.nawy.com/compound/892-nyoum-mostaqbal-city
2026-01-30 18:50:29,772 | INFO | 📄 Navigating to: https://www.nawy.com/compound/892-nyoum-mostaqbal-city...
2026-01-30 18:50:37,366 | INFO |    ✅ Nyoum Mostaqbal City
2026-01-30 18:50:37,453 | INFO | ➕ Inserted new compound: Nyoum Mostaqbal City
2026-01-30 18:50:37,453 | INFO |    💾 Saved to MongoDB
2026-01-30 18:50:42,417 | INFO | [9/9] Scraping: https://www.nawy.com/compound/895-paragon-2
2026-01-30 18:50:42,418 | INFO | 📄 Navigating to: https://www.nawy.com/compound/895-paragon-2...
2026-01-30 18:51:09,562 | INFO |    ✅ Paragon 2
2026-01-30 18:51:09,620 | INFO | ➕ Inserted new compound: Paragon 2
2026-01-30 18:51:09,621 | INFO |    💾 Saved to MongoDB
2026-01-30 18:51:12,904 | INFO | 
🎉 Scraped 9 missing compounds!
2026-01-30 18:51:13,034 | INFO | 🔌 Browser closed
2026-01-30 18:51:13,293 | INFO | 🔌 Disconnected from MongoDB
2026-01-31 22:59:48,311 | INFO | ✅ Connected to MongoDB: semsai
2026-01-31 22:59:55,689 | INFO | 🚀 Initializing browser...
2026-01-31 23:00:08,714 | INFO | ✅ Browser initialized (UA: Mozilla/5.0 (Windows NT 10.0; Win64; x64; rv:121.0...)
2026-01-31 23:00:08,715 | INFO | [1/3] Scraping: https://www.nawy.com/compound/917-ivy
2026-01-31 23:00:08,715 | INFO | 📄 Navigating to: https://www.nawy.com/compound/917-ivy...
2026-01-31 23:00:30,971 | INFO |    ✅ IVY
2026-01-31 23:00:31,187 | INFO | 🔄 Updated compound: IVY
2026-01-31 23:00:31,187 | INFO |    💾 Saved to MongoDB
2026-01-31 23:00:35,350 | INFO | [2/3] Scraping: https://www.nawy.com/compound/451-mountain-view-executive-residence--katameya
2026-01-31 23:00:35,351 | INFO | 📄 Navigating to: https://www.nawy.com/compound/451-mountain-view-executive-residence--katameya...
2026-01-31 23:00:50,926 | INFO |    ✅ Mountain View Executive Residence Katameya
2026-01-31 23:00:51,433 | INFO | 🔄 Updated compound: Mountain View Executive Residence Katameya
2026-01-31 23:00:51,433 | INFO |    💾 Saved to MongoDB
2026-01-31 23:00:55,984 | INFO | [3/3] Scraping: https://www.nawy.com/compound/227-address-east
2026-01-31 23:00:55,984 | INFO | 📄 Navigating to: https://www.nawy.com/compound/227-address-east...
2026-01-31 23:01:26,098 | ERROR | ❌ Navigation error (attempt 1): Timeout 30000ms exceeded.
2026-01-31 23:01:26,098 | INFO | ⏳ Retrying in 3.3s...
2026-01-31 23:01:29,432 | INFO | 📄 Navigating to: https://www.nawy.com/compound/227-address-east...
2026-01-31 23:01:55,142 | INFO |    ✅ Address East
2026-01-31 23:01:55,673 | INFO | 🔄 Updated compound: Address East
2026-01-31 23:01:55,674 | INFO |    💾 Saved to MongoDB
2026-01-31 23:02:00,899 | INFO | 
🎉 Scraped 3 missing compounds!
2026-01-31 23:02:02,590 | INFO | 🔌 Browser closed
2026-01-31 23:02:03,131 | INFO | 🔌 Disconnected from MongoDB
